Customer ID,Age,Gender,Item Purchased,Category,Purchase Amount (USD),Location,Size,Color,Season,Review Rating,Subscription Status,Shipping Type,Discount Applied,Promo Code Used,Previous Purchases,Payment Method,Frequency of Purchases
1,63,Female,Shorts,Clothing,31,New York,XL,Blue,Summer,3.62,Yes,Free Shipping,No,No,36,Bank Transfer,Annually
2,39,Male,Sandals,Footwear,85,Arizona,XL,Red,Fall,3.53,Yes,Express,Yes,Yes,12,Debit Card,Quarterly
3,40,Female,Hoodie,Clothing,72,Florida,L,White,Summer,3.61,No,Store Pickup,No,No,50,Venmo,Monthly
4,47,Male,Pants,Clothing,55,New York,XL,Pink,Winter,4.31,No,2-Day Shipping,No,No,40,PayPal,Monthly
5,22,Male,Dress,Clothing,36,New York,L,Black,Summer,4.72,Yes,Express,No,No,12,Venmo,Monthly
6,26,Male,Coat,Clothing,47,Florida,XL,Blue,Summer,4.47,No,Store Pickup,Yes,Yes,36,Debit Card,Monthly
7,38,Female,Hoodie,Clothing,41,Michigan,XL,Brown,Spring,3.44,No,Standard,No,No,40,Bank Transfer,Monthly
8,28,Male,Sneakers,Footwear,26,Ohio,S,White,Spring,4.12,No,Next Day Air,No,No,29,Cash,Annually
9,22,Female,Shorts,Clothing,34,Florida,M,Green,Fall,3.51,Yes,Standard,No,No,2,PayPal,Bi-Weekly
10,52,Female,T-shirt,Clothing,30,Idaho,XL,Red,Winter,2.7,No,Free Shipping,Yes,Yes,29,Cash,Every 3 Months
11,44,Female,Jeans,Clothing,43,Oregon,M,Blue,Fall,3.75,No,Free Shipping,Yes,Yes,30,Debit Card,Bi-Weekly
12,66,Male,Shorts,Clothing,86,Idaho,M,Green,Winter,4.56,No,Next Day Air,No,No,36,Cash,Quarterly
13,19,Female,Dress,Clothing,49,California,M,Gray,Winter,3.6,No,Store Pickup,No,No,44,Debit Card,Every 3 Months
14,41,Female,Dress,Clothing,89,Montana,XL,Black,Spring,4.3,Yes,Express,No,No,25,Bank Transfer,Every 3 Months
15,48,Male,Coat,Clothing,85,Illinois,M,White,Summer,3.4,No,Free Shipping,No,No,21,Cash,Fortnightly
16,50,Female,Sneakers,Footwear,80,California,XL,Black,Summer,4.21,No,Free Shipping,Yes,Yes,22,Venmo,Quarterly
17,56,Female,Sandals,Footwear,97,Virginia,S,Blue,Spring,3.65,No,Next Day Air,No,No,10,Venmo,Annually
18,47,Male,Coat,Clothing,60,Virginia,XL,Beige,Fall,4.71,No,Express,No,No,31,Debit Card,Monthly
19,63,Female,Coat,Clothing,70,California,L,Beige,Summer,3.61,Yes,Standard,Yes,Yes,47,Venmo,Fortnightly
20,54,Male,Jeans,Clothing,63,Oregon,S,Red,Fall,3.47,No,2-Day Shipping,No,No,9,Bank Transfer,Every 3 Months
21,68,Female,Shirt,Clothing,32,Georgia,M,Gray,Summer,4.68,No,Next Day Air,No,No,41,Cash,Annually
22,45,Female,Sneakers,Footwear,31,Georgia,M,Brown,Fall,3.45,No,Express,Yes,Yes,39,Cash,Annually
23,48,Male,Sweater,Clothing,28,Alabama,L,Pink,Winter,3.93,Yes,2-Day Shipping,No,No,34,PayPal,Quarterly
24,28,Female,Coat,Clothing,67,Illinois,S,White,Winter,3.46,No,Next Day Air,Yes,Yes,39,Debit Card,Fortnightly
25,40,Female,Skirt,Clothing,68,Montana,L,White,Summer,4.35,No,Standard,No,No,41,Venmo,Every 3 Months
26,19,Female,Boots,Footwear,72,Colorado,M,Blue,Fall,4.58,Yes,Standard,No,No,50,Bank Transfer,Bi-Weekly
27,57,Male,Shirt,Clothing,75,Colorado,XL,Beige,Fall,3.4,No,Express,No,No,23,Debit Card,Monthly
28,58,Male,Sweater,Clothing,59,New York,M,Yellow,Winter,4.13,Yes,Express,No,No,12,Venmo,Annually
29,44,Male,Skirt,Clothing,43,Virginia,L,Brown,Fall,4.18,No,Standard,Yes,Yes,7,PayPal,Fortnightly
30,52,Male,Sneakers,Footwear,91,Illinois,XL,Blue,Spring,3.88,No,Standard,No,No,32,Cash,Weekly
31,19,Male,Blouse,Clothing,52,Alabama,XL,Brown,Fall,4.72,No,Next Day Air,No,No,19,Cash,Monthly
32,56,Female,Skirt,Clothing,42,Texas,M,Yellow,Winter,4.71,No,Store Pickup,Yes,Yes,22,Bank Transfer,Bi-Weekly
33,54,Male,T-shirt,Clothing,96,California,XL,Beige,Spring,3.29,No,Store Pickup,No,No,16,Credit Card,Bi-Weekly
34,38,Male,Shirt,Clothing,73,Florida,S,Green,Spring,4.53,No,Express,No,No,8,Debit Card,Quarterly
35,22,Male,Hoodie,Clothing,72,Georgia,M,Yellow,Fall,4.1,No,2-Day Shipping,Yes,Yes,30,Venmo,Annually
36,69,Female,Skirt,Clothing,68,California,M,Blue,Winter,3.95,No,Standard,No,No,6,Credit Card,Every 3 Months
37,62,Female,Jacket,Clothing,97,Georgia,S,Pink,Winter,3.66,No,2-Day Shipping,No,No,2,Debit Card,Weekly
38,38,Male,Blouse,Clothing,97,Ohio,M,Brown,Winter,2.91,No,Express,Yes,Yes,34,Venmo,Fortnightly
39,46,Female,Dress,Clothing,99,Alabama,L,Gray,Spring,3.97,No,Express,No,No,29,PayPal,Annually
40,37,Female,Dress,Clothing,68,Oregon,L,Blue,Winter,3.98,No,Free Shipping,Yes,Yes,40,Debit Card,Quarterly
41,55,Female,Pants,Clothing,79,Michigan,M,Green,Spring,5.0,No,Standard,Yes,Yes,42,Venmo,Bi-Weekly
42,37,Female,T-shirt,Clothing,84,California,S,Pink,Spring,3.4,Yes,Store Pickup,Yes,Yes,43,Cash,Fortnightly
43,67,Male,Skirt,Clothing,51,California,XL,Beige,Summer,2.84,Yes,Store Pickup,No,No,20,Debit Card,Bi-Weekly
44,42,Male,Skirt,Clothing,98,Illinois,S,Red,Fall,3.09,Yes,Express,No,No,3,Venmo,Bi-Weekly
45,19,Female,Pants,Clothing,40,Illinois,L,White,Winter,4.75,No,Express,Yes,Yes,48,Bank Transfer,Weekly
46,49,Female,Boots,Footwear,37,Oregon,M,Yellow,Spring,3.53,No,Standard,No,No,35,Cash,Monthly
47,43,Female,Boots,Footwear,79,Florida,S,White,Fall,4.62,No,Free Shipping,No,No,8,Cash,Fortnightly
48,23,Female,Pants,Clothing,32,Oregon,XL,Blue,Spring,3.8,Yes,Free Shipping,Yes,Yes,12,Credit Card,Weekly
49,58,Male,Boots,Footwear,43,Arizona,XL,Beige,Fall,3.22,No,Free Shipping,No,No,50,Venmo,Every 3 Months
50,20,Female,Jeans,Clothing,49,Ohio,XL,Black,Spring,5.0,No,Free Shipping,No,No,45,Credit Card,Annually
51,50,Male,Skirt,Clothing,21,Florida,XL,Pink,Winter,4.59,No,Next Day Air,No,No,43,Bank Transfer,Bi-Weekly
52,18,Female,Shorts,Clothing,44,Oregon,S,Gray,Summer,3.69,No,Standard,No,No,32,Credit Card,Bi-Weekly
53,68,Male,Sandals,Footwear,69,Texas,XL,White,Summer,4.4,No,Standard,Yes,Yes,29,PayPal,Weekly
54,22,Female,Jacket,Clothing,33,Oregon,L,Brown,Summer,3.87,No,Standard,No,No,45,Credit Card,Every 3 Months
55,30,Male,Jeans,Clothing,25,Ohio,XL,Green,Spring,4.06,Yes,Store Pickup,No,No,21,Credit Card,Fortnightly
56,36,Male,Sneakers,Footwear,95,Illinois,L,White,Fall,4.86,No,Free Shipping,No,No,3,PayPal,Bi-Weekly
57,29,Male,Jeans,Clothing,49,California,S,Blue,Winter,2.89,No,Free Shipping,Yes,Yes,38,PayPal,Every 3 Months
58,65,Female,Shorts,Clothing,49,Colorado,L,Pink,Winter,3.58,No,Store Pickup,No,No,27,Debit Card,Fortnightly
59,42,Male,Sneakers,Footwear,57,New York,S,Pink,Spring,3.82,Yes,Store Pickup,Yes,Yes,3,Credit Card,Weekly
60,68,Female,Jacket,Clothing,77,California,XL,Yellow,Summer,4.0,Yes,Express,Yes,Yes,1,Cash,Bi-Weekly
61,52,Male,Shorts,Clothing,60,Montana,M,Black,Spring,3.05,No,Next Day Air,Yes,Yes,46,PayPal,Quarterly
62,29,Male,Sweater,Clothing,76,Florida,L,Yellow,Fall,4.35,No,Store Pickup,No,No,20,Venmo,Quarterly
63,47,Female,Sandals,Footwear,55,Ohio,L,Red,Summer,3.11,No,Standard,No,No,7,Debit Card,Bi-Weekly
64,22,Male,Jacket,Clothing,83,Colorado,M,Gray,Spring,3.05,No,Next Day Air,No,No,41,Debit Card,Monthly
65,51,Female,Skirt,Clothing,35,New York,S,Beige,Fall,3.65,No,Store Pickup,No,No,1,Credit Card,Bi-Weekly
66,39,Female,Boots,Footwear,97,Montana,S,Blue,Summer,4.94,Yes,Standard,Yes,Yes,10,Bank Transfer,Bi-Weekly
67,56,Female,Sweater,Clothing,91,Texas,XL,Blue,Winter,5.0,No,Free Shipping,No,No,45,Cash,Bi-Weekly
68,30,Female,T-shirt,Clothing,33,California,L,Beige,Fall,4.09,Yes,Free Shipping,Yes,Yes,12,Bank Transfer,Weekly
69,64,Male,Jacket,Clothing,50,Arizona,S,Beige,Winter,3.66,No,Standard,No,No,4,Bank Transfer,Bi-Weekly
70,20,Male,T-shirt,Clothing,85,Oregon,XL,Beige,Fall,3.89,No,2-Day Shipping,No,No,7,PayPal,Bi-Weekly
71,70,Female,Sneakers,Footwear,87,Georgia,S,Black,Summer,4.0,Yes,Free Shipping,No,No,10,Venmo,Weekly
72,37,Male,Sweater,Clothing,84,Alabama,M,Beige,Spring,4.68,No,Express,No,No,22,Credit Card,Bi-Weekly
73,48,Male,Sandals,Footwear,74,Montana,M,Beige,Spring,3.07,No,Store Pickup,Yes,Yes,25,Cash,Quarterly
74,22,Female,Skirt,Clothing,97,California,M,White,Spring,4.52,Yes,Free Shipping,No,No,29,Credit Card,Quarterly
75,41,Male,Pants,Clothing,59,California,XL,Brown,Spring,2.94,Yes,Express,No,No,39,Credit Card,Annually
76,57,Female,Skirt,Clothing,44,Ohio,L,Pink,Fall,3.51,No,Next Day Air,No,No,15,Debit Card,Every 3 Months
77,50,Male,Shorts,Clothing,44,Ohio,M,Beige,Spring,3.8,No,Free Shipping,Yes,Yes,19,Bank Transfer,Annually
78,25,Male,Skirt,Clothing,22,Arizona,M,White,Spring,4.05,No,Store Pickup,No,No,39,Venmo,Annually
79,41,Female,Hoodie,Clothing,88,Georgia,S,Red,Fall,3.8,No,Free Shipping,No,No,46,Venmo,Bi-Weekly
80,67,Male,Coat,Clothing,45,Michigan,M,Pink,Fall,3.91,No,Store Pickup,Yes,Yes,46,Venmo,Weekly
81,37,Male,Pants,Clothing,59,Montana,L,Gray,Summer,3.82,No,Next Day Air,Yes,Yes,18,Venmo,Bi-Weekly
82,33,Female,Jeans,Clothing,57,Georgia,XL,Pink,Fall,2.89,No,Store Pickup,No,No,42,PayPal,Bi-Weekly
83,67,Male,Boots,Footwear,57,Oregon,M,Black,Winter,4.15,No,Express,No,No,3,PayPal,Every 3 Months
84,69,Female,Blouse,Clothing,87,Illinois,XL,Beige,Summer,4.29,No,2-Day Shipping,Yes,Yes,6,Venmo,Fortnightly
85,29,Male,Sandals,Footwear,26,Michigan,XL,Pink,Summer,4.61,No,Store Pickup,Yes,Yes,22,Cash,Annually
86,30,Female,Sweater,Clothing,49,Ohio,L,Red,Spring,4.91,Yes,Store Pickup,Yes,Yes,41,PayPal,Every 3 Months
87,62,Female,Coat,Clothing,38,Georgia,S,Black,Spring,4.05,Yes,Express,Yes,Yes,46,PayPal,Monthly
88,59,Female,Sandals,Footwear,54,Alabama,S,Beige,Winter,4.65,Yes,Standard,No,No,31,Cash,Weekly
89,56,Female,Sweater,Clothing,52,California,XL,Yellow,Spring,3.81,No,Standard,No,No,21,Venmo,Annually
90,42,Female,Boots,Footwear,52,California,M,Pink,Fall,2.93,No,Standard,No,No,8,Credit Card,Monthly
91,63,Male,Shirt,Clothing,97,Colorado,XL,Beige,Fall,4.38,No,Store Pickup,No,No,1,PayPal,Fortnightly
92,49,Male,Shirt,Clothing,57,Texas,S,Yellow,Spring,4.24,No,Next Day Air,Yes,Yes,3,Credit Card,Monthly
93,41,Female,T-shirt,Clothing,29,Texas,M,Black,Spring,3.8,No,Express,No,No,29,Credit Card,Bi-Weekly
94,65,Male,Sandals,Footwear,76,Arizona,S,Green,Fall,3.76,No,Store Pickup,No,No,6,Cash,Quarterly
95,64,Female,Shirt,Clothing,47,Montana,L,Brown,Summer,4.09,Yes,Free Shipping,No,No,33,Venmo,Weekly
96,61,Male,Hoodie,Clothing,97,Michigan,S,Green,Winter,3.6,No,Store Pickup,No,No,18,Bank Transfer,Weekly
97,26,Male,Pants,Clothing,57,Oregon,M,Yellow,Winter,4.07,No,Standard,Yes,Yes,42,Credit Card,Bi-Weekly
98,57,Female,Sweater,Clothing,35,Michigan,M,Blue,Summer,3.25,Yes,Express,No,No,49,Venmo,Every 3 Months
99,67,Female,T-shirt,Clothing,40,Idaho,XL,Brown,Winter,3.31,No,Free Shipping,Yes,Yes,1,Debit Card,Annually
100,40,Male,Skirt,Clothing,25,New York,M,Brown,Spring,3.01,No,Express,No,No,22,Bank Transfer,Annually
101,67,Male,Sweater,Clothing,60,Ohio,L,Red,Spring,5.0,Yes,Next Day Air,Yes,Yes,31,Bank Transfer,Annually
102,30,Female,T-shirt,Clothing,34,Montana,S,Red,Spring,3.84,No,Standard,Yes,Yes,23,Bank Transfer,Monthly
103,49,Male,Boots,Footwear,22,California,XL,Beige,Winter,4.52,No,2-Day Shipping,No,No,8,Venmo,Weekly
104,67,Male,Sandals,Footwear,62,Florida,XL,Pink,Summer,3.14,No,Store Pickup,Yes,Yes,29,Cash,Every 3 Months
105,32,Female,Boots,Footwear,66,Texas,M,Green,Spring,3.69,No,Standard,No,No,44,Cash,Annually
106,53,Male,Pants,Clothing,33,New York,L,Gray,Summer,4.13,No,Standard,Yes,Yes,46,Debit Card,Annually
107,66,Female,Pants,Clothing,85,Ohio,XL,Blue,Fall,4.68,No,Next Day Air,No,No,19,Cash,Fortnightly
108,22,Female,Coat,Clothing,48,Michigan,L,Gray,Fall,3.44,Yes,Free Shipping,No,No,49,Venmo,Annually
109,39,Female,Boots,Footwear,23,Colorado,L,Beige,Fall,3.56,No,Standard,No,No,16,Bank Transfer,Fortnightly
110,33,Male,Shorts,Clothing,45,Colorado,S,Yellow,Winter,3.32,Yes,Free Shipping,Yes,Yes,19,Venmo,Monthly
111,58,Male,Skirt,Clothing,31,Colorado,S,Brown,Winter,3.73,No,Free Shipping,Yes,Yes,37,Bank Transfer,Fortnightly
112,27,Female,Jacket,Clothing,21,Michigan,S,Blue,Spring,3.19,Yes,Next Day Air,Yes,Yes,22,Venmo,Annually
113,41,Female,Boots,Footwear,36,Illinois,L,Beige,Fall,2.94,No,Standard,Yes,Yes,19,Cash,Quarterly
114,35,Male,Coat,Clothing,54,Illinois,S,Blue,Summer,3.96,No,Store Pickup,No,No,4,Venmo,Bi-Weekly
115,66,Male,Sneakers,Footwear,29,Texas,XL,White,Winter,4.2,No,Next Day Air,No,No,5,PayPal,Annually
116,35,Male,Hoodie,Clothing,62,Montana,XL,Green,Summer,3.12,Yes,Next Day Air,No,No,5,Bank Transfer,Weekly
117,24,Female,Sweater,Clothing,40,Ohio,M,Red,Summer,3.4,No,2-Day Shipping,No,No,25,Bank Transfer,Every 3 Months
118,21,Female,Pants,Clothing,34,Michigan,L,Green,Spring,3.74,Yes,Store Pickup,No,No,24,Debit Card,Bi-Weekly
119,43,Male,Sneakers,Footwear,54,New York,S,Gray,Spring,4.82,No,Next Day Air,No,No,1,PayPal,Monthly
120,22,Male,Coat,Clothing,79,California,XL,Blue,Summer,2.1,No,2-Day Shipping,Yes,Yes,50,Venmo,Bi-Weekly
121,33,Male,T-shirt,Clothing,63,Colorado,L,Black,Summer,4.07,No,Free Shipping,No,No,28,Cash,Weekly
122,52,Female,Jacket,Clothing,24,Montana,L,Red,Summer,4.21,No,Store Pickup,No,No,47,Debit Card,Annually
123,43,Female,Skirt,Clothing,92,Texas,S,Gray,Summer,3.37,No,Store Pickup,No,No,21,PayPal,Every 3 Months
124,35,Male,Skirt,Clothing,37,Arizona,L,White,Fall,3.59,Yes,Free Shipping,Yes,Yes,19,Venmo,Weekly
125,46,Male,Skirt,Clothing,40,Michigan,S,White,Summer,4.0,No,Express,No,No,23,Cash,Monthly
126,40,Female,Hoodie,Clothing,91,Idaho,S,Black,Winter,3.78,No,Store Pickup,No,No,14,Venmo,Weekly
127,70,Female,Jacket,Clothing,93,Montana,S,Brown,Spring,4.82,No,Express,No,No,6,Bank Transfer,Fortnightly
128,31,Male,Hoodie,Clothing,70,Michigan,L,Blue,Winter,3.86,No,Free Shipping,No,No,32,PayPal,Every 3 Months
129,32,Male,Pants,Clothing,60,Alabama,L,White,Spring,4.32,Yes,Standard,Yes,Yes,50,PayPal,Every 3 Months
130,66,Male,Hoodie,Clothing,43,Ohio,S,Red,Spring,4.07,No,Express,No,No,32,Debit Card,Bi-Weekly
131,50,Female,Blouse,Clothing,43,Virginia,L,Gray,Spring,4.22,No,Next Day Air,Yes,Yes,8,Cash,Quarterly
132,42,Male,Jacket,Clothing,57,Illinois,S,Black,Winter,3.33,No,Store Pickup,Yes,Yes,37,Credit Card,Quarterly
133,38,Female,Shorts,Clothing,63,Alabama,M,Brown,Spring,3.92,No,Express,Yes,Yes,22,Venmo,Quarterly
134,34,Female,Jacket,Clothing,76,Montana,L,Brown,Summer,3.76,No,Store Pickup,No,No,8,Cash,Monthly
135,40,Male,Coat,Clothing,78,Montana,L,Beige,Summer,3.37,No,Free Shipping,No,No,38,Credit Card,Quarterly
136,60,Male,Blouse,Clothing,53,Alabama,M,Gray,Fall,4.36,No,Standard,Yes,Yes,10,Cash,Every 3 Months
137,34,Female,Skirt,Clothing,94,Arizona,M,Red,Fall,2.59,No,Free Shipping,No,No,3,Venmo,Annually
138,31,Male,Coat,Clothing,42,Alabama,M,White,Fall,4.61,Yes,Standard,Yes,Yes,13,Venmo,Every 3 Months
139,46,Female,Coat,Clothing,62,California,S,Beige,Summer,2.47,No,Store Pickup,No,No,39,Debit Card,Bi-Weekly
140,37,Male,Pants,Clothing,59,New York,S,Pink,Winter,3.71,No,Express,No,No,30,PayPal,Weekly
141,47,Male,Dress,Clothing,66,Alabama,XL,Red,Fall,4.36,No,Next Day Air,No,No,4,PayPal,Fortnightly
142,36,Male,Jeans,Clothing,60,Georgia,M,Blue,Summer,3.09,No,Next Day Air,Yes,Yes,45,PayPal,Annually
143,70,Male,Blouse,Clothing,66,Georgia,XL,Gray,Spring,4.05,No,Free Shipping,No,No,6,Debit Card,Quarterly
144,56,Female,Coat,Clothing,39,Alabama,S,Black,Winter,3.99,No,Store Pickup,No,No,16,PayPal,Quarterly
145,30,Female,Jeans,Clothing,96,Ohio,L,White,Winter,4.0,Yes,Standard,Yes,Yes,22,Cash,Annually
146,35,Female,Jeans,Clothing,84,New York,M,Pink,Summer,3.59,No,Express,No,No,27,PayPal,Quarterly
147,40,Male,Blouse,Clothing,87,Idaho,L,Blue,Summer,3.52,Yes,Standard,Yes,Yes,21,PayPal,Fortnightly
148,63,Female,Dress,Clothing,43,Alabama,S,Black,Spring,2.86,No,Standard,No,No,29,Bank Transfer,Bi-Weekly
149,50,Female,Sneakers,Footwear,55,Colorado,M,White,Spring,3.74,Yes,Standard,Yes,Yes,1,Venmo,Annually
150,56,Female,T-shirt,Clothing,64,Oregon,XL,Yellow,Spring,4.35,No,Store Pickup,No,No,30,Debit Card,Annually
151,57,Male,Shorts,Clothing,21,Michigan,XL,Yellow,Winter,3.53,No,Express,No,No,24,Debit Card,Quarterly
152,35,Female,T-shirt,Clothing,47,Alabama,S,Brown,Winter,3.56,No,Store Pickup,Yes,Yes,13,PayPal,Weekly
153,26,Male,Jacket,Clothing,45,California,L,Pink,Fall,4.75,No,Standard,Yes,Yes,30,Bank Transfer,Monthly
154,50,Male,Skirt,Clothing,42,Georgia,S,Pink,Fall,3.7,Yes,Store Pickup,Yes,Yes,26,Credit Card,Fortnightly
155,49,Female,Shorts,Clothing,98,Illinois,L,Yellow,Fall,4.01,Yes,Next Day Air,No,No,34,Venmo,Bi-Weekly
156,34,Male,Jacket,Clothing,55,Georgia,S,Beige,Winter,4.12,No,Free Shipping,Yes,Yes,20,PayPal,Every 3 Months
157,36,Female,Coat,Clothing,25,Georgia,XL,Beige,Spring,3.7,No,2-Day Shipping,No,No,6,Credit Card,Weekly
158,44,Female,Skirt,Clothing,54,California,L,Brown,Fall,4.21,No,Standard,Yes,Yes,43,Cash,Fortnightly
159,23,Female,Sweater,Clothing,57,Alabama,S,White,Spring,4.39,Yes,Next Day Air,Yes,Yes,49,Bank Transfer,Every 3 Months
160,52,Female,Blouse,Clothing,54,Ohio,M,Beige,Spring,4.34,No,Store Pickup,No,No,9,Bank Transfer,Fortnightly
161,54,Female,Shorts,Clothing,93,Oregon,XL,Beige,Spring,4.41,No,Next Day Air,Yes,Yes,37,Venmo,Monthly
162,51,Male,Shorts,Clothing,72,Michigan,XL,Green,Fall,2.55,No,Free Shipping,No,No,37,Bank Transfer,Monthly
163,37,Female,Boots,Footwear,57,California,M,Green,Fall,3.1,No,Free Shipping,No,No,16,Debit Card,Every 3 Months
164,42,Male,Coat,Clothing,78,Ohio,S,Red,Spring,3.49,No,2-Day Shipping,No,No,4,Credit Card,Every 3 Months
165,21,Female,Sneakers,Footwear,62,Colorado,L,Green,Fall,3.32,Yes,2-Day Shipping,No,No,32,PayPal,Bi-Weekly
166,27,Female,Jeans,Clothing,23,Virginia,XL,White,Summer,3.37,Yes,2-Day Shipping,No,No,20,Credit Card,Quarterly
167,27,Female,Skirt,Clothing,24,New York,S,White,Fall,4.33,No,Express,Yes,Yes,29,Debit Card,Annually
168,41,Male,Coat,Clothing,87,Ohio,M,Green,Spring,3.86,No,Express,Yes,Yes,31,Cash,Every 3 Months
169,38,Male,Shirt,Clothing,64,Arizona,L,Blue,Spring,3.72,Yes,Next Day Air,Yes,Yes,45,Credit Card,Monthly
170,28,Male,Dress,Clothing,99,Florida,S,Black,Winter,3.66,No,Store Pickup,No,No,17,PayPal,Bi-Weekly
171,44,Male,Jeans,Clothing,44,New York,S,Brown,Winter,3.56,No,Free Shipping,Yes,Yes,41,Credit Card,Fortnightly
172,33,Female,Blouse,Clothing,97,Colorado,XL,White,Spring,3.65,No,Standard,No,No,25,Bank Transfer,Annually
173,43,Female,Jeans,Clothing,30,Oregon,XL,Yellow,Summer,,Yes,Free Shipping,No,No,45,Cash,Quarterly
174,47,Male,Sneakers,Footwear,48,Florida,L,White,Winter,2.74,No,Express,No,No,16,Credit Card,Weekly
175,66,Male,Pants,Clothing,53,Alabama,S,Red,Spring,4.56,No,Next Day Air,No,No,20,Cash,Fortnightly
176,33,Male,Boots,Footwear,33,Alabama,M,White,Winter,5.0,Yes,Standard,Yes,Yes,42,Cash,Annually
177,24,Female,Jeans,Clothing,43,Arizona,M,Pink,Winter,4.56,No,2-Day Shipping,No,No,10,Venmo,Bi-Weekly
178,33,Male,Blouse,Clothing,78,Virginia,L,Yellow,Spring,3.21,No,2-Day Shipping,No,No,48,Venmo,Weekly
179,52,Male,Sneakers,Footwear,58,Montana,S,Black,Fall,3.51,No,Express,Yes,Yes,23,PayPal,Annually
180,33,Female,T-shirt,Clothing,45,Oregon,XL,White,Summer,4.42,No,Next Day Air,Yes,Yes,33,PayPal,Fortnightly
181,57,Male,Shorts,Clothing,62,Georgia,S,Green,Fall,,No,Store Pickup,No,No,43,PayPal,Monthly
182,29,Female,Pants,Clothing,55,Florida,XL,White,Spring,3.5,No,Free Shipping,No,No,13,Cash,Bi-Weekly
183,52,Female,Boots,Footwear,58,California,M,Brown,Spring,3.74,No,Express,No,No,25,Cash,Weekly
184,66,Female,Shorts,Clothing,80,Arizona,L,Red,Summer,3.13,No,Store Pickup,No,No,50,Venmo,Every 3 Months
185,38,Female,Dress,Clothing,35,Virginia,L,Brown,Spring,3.72,Yes,Store Pickup,No,No,37,Bank Transfer,Monthly
186,67,Female,Jacket,Clothing,78,Virginia,L,Black,Winter,3.08,No,Free Shipping,No,No,36,Cash,Every 3 Months
187,60,Male,Pants,Clothing,25,New York,XL,Black,Summer,4.23,No,Standard,No,No,24,Venmo,Every 3 Months
188,53,Male,Pants,Clothing,75,Oregon,M,Black,Fall,3.29,No,Free Shipping,Yes,Yes,6,Credit Card,Weekly
189,65,Female,T-shirt,Clothing,27,Idaho,M,Red,Summer,3.83,No,Standard,No,No,15,PayPal,Quarterly
190,34,Female,T-shirt,Clothing,46,California,L,Brown,Fall,3.53,Yes,Store Pickup,No,No,34,PayPal,Annually
191,49,Male,Skirt,Clothing,90,Ohio,L,Beige,Spring,4.03,No,Next Day Air,No,No,4,Debit Card,Annually
192,58,Male,Hoodie,Clothing,46,Alabama,XL,Pink,Fall,4.29,No,Express,No,No,14,Bank Transfer,Quarterly
193,23,Female,Jeans,Clothing,65,Georgia,XL,Black,Fall,3.97,No,Free Shipping,No,No,4,Venmo,Bi-Weekly
194,41,Male,Pants,Clothing,60,New York,S,Blue,Fall,3.38,Yes,Next Day Air,No,No,28,Debit Card,Weekly
195,44,Male,Shorts,Clothing,98,Arizona,XL,Brown,Summer,3.46,Yes,Next Day Air,No,No,29,PayPal,Annually
196,37,Female,Blouse,Clothing,44,Virginia,S,Brown,Winter,5.0,Yes,Free Shipping,No,No,18,Debit Card,Quarterly
197,42,Male,Sandals,Footwear,37,Florida,L,Green,Fall,4.37,No,2-Day Shipping,No,No,20,Credit Card,Fortnightly
198,19,Male,Hoodie,Clothing,31,Florida,M,Gray,Summer,3.68,No,Store Pickup,Yes,Yes,48,Debit Card,Fortnightly
199,26,Male,Sandals,Footwear,70,Texas,XL,Gray,Summer,3.46,Yes,2-Day Shipping,No,No,41,Credit Card,Quarterly
200,45,Male,Boots,Footwear,58,Alabama,M,Yellow,Winter,2.94,No,Standard,Yes,Yes,32,PayPal,Annually
201,70,Female,Sneakers,Footwear,29,California,XL,Red,Summer,4.48,No,Next Day Air,Yes,Yes,8,Cash,Every 3 Months
202,55,Male,Shorts,Clothing,93,Virginia,XL,Black,Spring,3.37,No,Express,No,No,43,Venmo,Every 3 Months
203,20,Female,Shorts,Clothing,96,Colorado,S,Green,Spring,4.43,No,Express,No,No,46,Debit Card,Quarterly
204,37,Male,Hoodie,Clothing,73,Ohio,XL,Black,Spring,4.3,No,Next Day Air,No,No,49,Bank Transfer,Bi-Weekly
205,23,Female,Pants,Clothing,48,Ohio,L,Black,Winter,4.61,No,2-Day Shipping,No,No,13,Credit Card,Every 3 Months
206,56,Female,Dress,Clothing,60,Alabama,M,Green,Summer,4.26,No,Store Pickup,No,No,40,Bank Transfer,Bi-Weekly
207,50,Male,Hoodie,Clothing,28,Michigan,XL,Green,Spring,3.67,No,Next Day Air,No,No,46,PayPal,Fortnightly
208,18,Female,Sandals,Footwear,82,Texas,M,Pink,Fall,3.81,No,Standard,No,No,43,Bank Transfer,Monthly
209,54,Female,Hoodie,Clothing,96,Michigan,M,White,Summer,3.81,Yes,Next Day Air,Yes,Yes,9,Bank Transfer,Weekly
210,23,Female,Shorts,Clothing,56,Michigan,M,Gray,Spring,3.64,Yes,Free Shipping,Yes,Yes,40,PayPal,Monthly
211,62,Female,Dress,Clothing,33,Texas,XL,White,Summer,2.83,No,2-Day Shipping,Yes,Yes,46,Cash,Bi-Weekly
212,51,Female,Jeans,Clothing,92,Georgia,S,Yellow,Spring,2.51,Yes,Free Shipping,No,No,47,Bank Transfer,Every 3 Months
213,64,Male,Shirt,Clothing,91,Oregon,M,Green,Fall,4.26,No,Free Shipping,Yes,Yes,33,Bank Transfer,Monthly
214,32,Female,Skirt,Clothing,58,Colorado,M,Red,Summer,3.69,No,Next Day Air,Yes,Yes,12,Bank Transfer,Bi-Weekly
215,62,Female,Sweater,Clothing,59,California,XL,Yellow,Spring,4.38,No,Store Pickup,Yes,Yes,37,PayPal,Annually
216,43,Male,T-shirt,Clothing,73,Texas,XL,Green,Spring,3.57,Yes,Next Day Air,No,No,25,Bank Transfer,Monthly
217,31,Male,Hoodie,Clothing,22,Arizona,L,White,Fall,3.8,No,Store Pickup,Yes,Yes,46,PayPal,Fortnightly
218,24,Female,Boots,Footwear,74,Texas,L,Beige,Fall,4.36,No,Express,No,No,25,Cash,Bi-Weekly
219,63,Male,Jacket,Clothing,52,Georgia,S,Beige,Spring,4.73,No,Store Pickup,Yes,Yes,16,PayPal,Fortnightly
220,48,Male,Sneakers,Footwear,90,Florida,S,Gray,Spring,3.61,No,Free Shipping,No,No,16,Bank Transfer,Monthly
221,41,Male,Shirt,Clothing,38,Illinois,S,Blue,Winter,3.2,No,Next Day Air,Yes,Yes,39,Credit Card,Quarterly
222,48,Male,Skirt,Clothing,53,Montana,S,Red,Winter,4.53,Yes,Express,Yes,Yes,35,Bank Transfer,Quarterly
223,46,Male,Skirt,Clothing,97,Florida,M,Black,Summer,3.63,No,Free Shipping,No,No,23,Debit Card,Weekly
224,59,Male,Skirt,Clothing,69,Florida,XL,Brown,Summer,3.51,Yes,Express,Yes,Yes,8,Debit Card,Annually
225,49,Female,Skirt,Clothing,66,Idaho,L,Yellow,Winter,3.56,Yes,2-Day Shipping,Yes,Yes,46,Credit Card,Quarterly
226,34,Female,Sandals,Footwear,65,Idaho,M,Green,Spring,3.37,No,Standard,Yes,Yes,3,Debit Card,Annually
227,31,Male,Boots,Footwear,75,Alabama,XL,Beige,Fall,4.26,No,Free Shipping,Yes,Yes,24,Bank Transfer,Weekly
228,57,Male,Boots,Footwear,76,Virginia,XL,Blue,Summer,3.0,No,Next Day Air,Yes,Yes,43,PayPal,Monthly
229,53,Female,Dress,Clothing,70,Idaho,M,Red,Spring,3.86,No,Store Pickup,Yes,Yes,22,Bank Transfer,Weekly
230,65,Male,T-shirt,Clothing,73,Colorado,M,Red,Fall,3.95,Yes,2-Day Shipping,No,No,14,Debit Card,Weekly
231,41,Female,Shorts,Clothing,100,Virginia,L,Beige,Fall,3.44,Yes,Express,No,No,22,Debit Card,Weekly
232,62,Male,Skirt,Clothing,47,Alabama,S,Brown,Spring,4.75,No,Standard,No,No,34,PayPal,Annually
233,44,Female,Jacket,Clothing,38,Colorado,S,Blue,Spring,4.34,No,Store Pickup,Yes,Yes,36,Debit Card,Fortnightly
234,42,Female,Shorts,Clothing,46,Florida,L,Pink,Summer,3.53,No,Free Shipping,No,No,31,PayPal,Annually
235,49,Male,Boots,Footwear,67,Montana,L,Brown,Winter,3.74,No,Standard,Yes,Yes,21,Cash,Annually
236,69,Male,Blouse,Clothing,38,California,S,White,Spring,4.34,No,2-Day Shipping,Yes,Yes,5,Bank Transfer,Weekly
237,35,Male,Blouse,Clothing,70,California,M,Red,Winter,,No,Standard,No,No,19,Cash,Every 3 Months
238,63,Male,Jacket,Clothing,26,Michigan,S,Blue,Summer,4.64,Yes,Free Shipping,Yes,Yes,42,Debit Card,Bi-Weekly
239,35,Female,Dress,Clothing,48,Illinois,XL,Beige,Winter,4.14,Yes,2-Day Shipping,Yes,Yes,21,Cash,Monthly
240,54,Male,Boots,Footwear,62,New York,XL,Red,Winter,3.95,No,Express,No,No,2,Debit Card,Fortnightly
241,43,Female,Jacket,Clothing,88,California,L,Brown,Fall,3.95,Yes,Free Shipping,No,No,3,Cash,Bi-Weekly
242,26,Male,Sandals,Footwear,77,Michigan,S,Black,Summer,5.0,No,Standard,No,No,47,Debit Card,Monthly
243,52,Female,Hoodie,Clothing,27,Virginia,S,Black,Spring,3.19,No,Free Shipping,No,No,30,Venmo,Annually
244,25,Male,Jacket,Clothing,61,Georgia,XL,Red,Winter,3.14,No,2-Day Shipping,No,No,34,Bank Transfer,Fortnightly
245,37,Male,Jeans,Clothing,95,Oregon,S,Blue,Summer,3.66,Yes,Standard,Yes,Yes,25,Credit Card,Annually
246,59,Female,Shorts,Clothing,61,Colorado,L,Blue,Fall,4.64,No,Express,Yes,Yes,35,Bank Transfer,Monthly
247,39,Male,Shirt,Clothing,32,Michigan,L,Yellow,Fall,2.32,No,Store Pickup,Yes,Yes,29,Cash,Quarterly
248,36,Male,Coat,Clothing,45,New York,XL,White,Winter,2.66,Yes,Next Day Air,Yes,Yes,12,PayPal,Monthly
249,47,Male,Dress,Clothing,37,Texas,S,Yellow,Winter,3.56,Yes,Express,Yes,Yes,23,Credit Card,Quarterly
250,70,Male,Jacket,Clothing,61,Ohio,S,Yellow,Spring,5.0,No,Free Shipping,No,No,28,Debit Card,Annually
251,45,Male,Boots,Footwear,70,Florida,XL,White,Summer,3.82,Yes,Next Day Air,No,No,46,Credit Card,Quarterly
252,52,Female,Sneakers,Footwear,35,Montana,M,Beige,Spring,3.1,No,Store Pickup,No,No,17,PayPal,Every 3 Months
253,60,Male,Blouse,Clothing,22,Oregon,M,Black,Spring,4.29,No,Store Pickup,Yes,Yes,16,PayPal,Monthly
254,28,Female,Jeans,Clothing,98,Alabama,S,Beige,Fall,4.8,No,2-Day Shipping,No,No,49,Bank Transfer,Annually
255,48,Male,T-shirt,Clothing,64,New York,L,Yellow,Summer,3.42,No,Store Pickup,No,No,9,Debit Card,Annually
256,66,Male,Skirt,Clothing,41,Michigan,M,Blue,Spring,4.07,No,Standard,No,No,3,Bank Transfer,Quarterly
257,65,Female,Coat,Clothing,42,Illinois,S,White,Fall,3.89,Yes,Standard,Yes,Yes,22,Cash,Every 3 Months
258,56,Female,Pants,Clothing,78,California,M,Brown,Winter,4.14,Yes,2-Day Shipping,No,No,31,Cash,Fortnightly
259,53,Female,Dress,Clothing,81,Arizona,XL,Green,Spring,3.52,No,Store Pickup,Yes,Yes,14,Venmo,Quarterly
260,47,Female,Shirt,Clothing,87,California,M,Green,Winter,4.18,Yes,Free Shipping,Yes,Yes,3,Bank Transfer,Weekly
261,40,Female,Coat,Clothing,73,Idaho,M,Gray,Summer,4.3,No,Express,Yes,Yes,38,PayPal,Fortnightly
262,36,Male,Jacket,Clothing,76,Virginia,XL,Red,Spring,4.23,Yes,Next Day Air,No,No,23,Venmo,Annually
263,29,Female,Sandals,Footwear,42,Florida,L,Pink,Winter,2.83,Yes,2-Day Shipping,No,No,21,PayPal,Every 3 Months
264,32,Female,Blouse,Clothing,79,Colorado,S,Pink,Winter,2.94,No,Store Pickup,Yes,Yes,24,Venmo,Fortnightly
265,48,Male,Boots,Footwear,92,Idaho,L,Brown,Summer,3.39,No,Free Shipping,Yes,Yes,32,Bank Transfer,Fortnightly
266,60,Male,Blouse,Clothing,74,California,L,Gray,Fall,3.96,No,Free Shipping,No,No,45,Cash,Annually
267,54,Female,T-shirt,Clothing,99,Arizona,M,Black,Fall,4.14,No,Next Day Air,Yes,Yes,5,PayPal,Weekly
268,54,Female,Sandals,Footwear,82,Virginia,S,Brown,Spring,3.17,No,2-Day Shipping,Yes,Yes,33,Bank Transfer,Weekly
269,32,Female,Skirt,Clothing,75,Idaho,M,Yellow,Winter,3.99,Yes,Express,Yes,Yes,44,Bank Transfer,Weekly
270,46,Male,Boots,Footwear,74,Montana,XL,Brown,Fall,4.37,Yes,Express,No,No,47,Cash,Weekly
271,67,Female,Shorts,Clothing,44,Michigan,L,Green,Spring,4.2,No,2-Day Shipping,Yes,Yes,19,Credit Card,Every 3 Months
272,60,Male,Sweater,Clothing,45,Virginia,L,Pink,Winter,3.52,No,Standard,Yes,Yes,34,Cash,Weekly
273,43,Male,Jeans,Clothing,68,Colorado,XL,Black,Spring,3.58,No,Store Pickup,Yes,Yes,3,PayPal,Every 3 Months
274,61,Male,Blouse,Clothing,82,Colorado,S,Red,Summer,3.02,Yes,Express,No,No,39,Credit Card,Every 3 Months
275,19,Male,Sneakers,Footwear,64,Virginia,L,Yellow,Spring,4.84,Yes,Standard,No,No,28,Venmo,Bi-Weekly
276,37,Female,Blouse,Clothing,92,Idaho,L,Red,Summer,4.08,No,2-Day Shipping,No,No,11,Debit Card,Annually
277,32,Male,Coat,Clothing,98,Arizona,S,Green,Winter,2.83,No,Store Pickup,Yes,Yes,10,PayPal,Bi-Weekly
278,69,Male,Blouse,Clothing,58,Idaho,M,Gray,Winter,4.54,No,Free Shipping,No,No,40,Debit Card,Weekly
279,21,Female,Dress,Clothing,84,New York,XL,Red,Winter,4.2,Yes,2-Day Shipping,Yes,Yes,2,Debit Card,Every 3 Months
280,39,Male,Blouse,Clothing,88,Texas,S,Gray,Spring,4.52,No,Free Shipping,No,No,46,Credit Card,Fortnightly
281,67,Female,Sweater,Clothing,75,Virginia,XL,Yellow,Winter,3.46,No,2-Day Shipping,No,No,45,Venmo,Quarterly
282,55,Male,Sweater,Clothing,28,Alabama,XL,Pink,Winter,3.55,Yes,Standard,No,No,39,Cash,Quarterly
283,40,Female,Skirt,Clothing,89,California,L,Blue,Summer,3.31,No,Store Pickup,No,No,27,Credit Card,Bi-Weekly
284,43,Male,Shirt,Clothing,47,Colorado,S,Brown,Winter,5.0,No,Standard,No,No,9,Venmo,Weekly
285,68,Male,Shorts,Clothing,64,New York,XL,Beige,Winter,3.5,No,Store Pickup,Yes,Yes,39,Cash,Monthly
286,28,Female,Sneakers,Footwear,45,Alabama,M,Black,Winter,3.23,No,2-Day Shipping,No,No,1,Cash,Quarterly
287,45,Male,Blouse,Clothing,47,Texas,XL,White,Fall,3.41,No,Free Shipping,Yes,Yes,33,Venmo,Annually
288,19,Male,Blouse,Clothing,59,New York,L,White,Winter,3.6,No,2-Day Shipping,No,No,38,Cash,Annually
289,25,Female,Jeans,Clothing,34,Illinois,M,Yellow,Spring,4.73,Yes,Free Shipping,Yes,Yes,33,PayPal,Every 3 Months
290,46,Male,Boots,Footwear,25,New York,M,Brown,Summer,3.97,No,Standard,Yes,Yes,48,PayPal,Annually
291,28,Male,Sweater,Clothing,46,Montana,S,Brown,Winter,4.54,No,Next Day Air,Yes,Yes,3,Credit Card,Every 3 Months
292,54,Female,Sneakers,Footwear,57,Michigan,M,Brown,Spring,3.97,Yes,Express,Yes,Yes,32,Cash,Quarterly
293,35,Female,Skirt,Clothing,87,Arizona,S,Black,Summer,3.69,No,Standard,No,No,13,Cash,Fortnightly
294,67,Female,T-shirt,Clothing,94,California,S,Pink,Summer,3.17,No,2-Day Shipping,No,No,21,Venmo,Quarterly
295,31,Female,Shirt,Clothing,83,Florida,M,Blue,Spring,4.76,No,2-Day Shipping,Yes,Yes,4,PayPal,Bi-Weekly
296,27,Female,Shorts,Clothing,49,Alabama,S,Brown,Spring,4.39,No,Free Shipping,Yes,Yes,17,Debit Card,Annually
297,52,Male,Sandals,Footwear,22,Colorado,S,Beige,Fall,4.45,Yes,Express,No,No,42,Credit Card,Weekly
298,26,Female,Shorts,Clothing,81,Idaho,M,Blue,Fall,4.36,No,Store Pickup,Yes,Yes,4,Bank Transfer,Weekly
299,52,Male,Dress,Clothing,31,California,L,Black,Winter,3.37,No,Standard,No,No,20,PayPal,Every 3 Months
300,28,Female,Coat,Clothing,49,Florida,XL,Brown,Fall,3.96,Yes,Express,No,No,12,Venmo,Quarterly
301,61,Male,Dress,Clothing,57,Texas,S,Yellow,Spring,4.45,No,Express,No,No,26,Credit Card,Monthly
302,29,Male,Blouse,Clothing,79,New York,S,Black,Fall,4.37,No,Standard,No,No,45,Debit Card,Bi-Weekly
303,20,Female,Pants,Clothing,57,Florida,M,Blue,Summer,3.89,Yes,Free Shipping,Yes,Yes,36,Bank Transfer,Every 3 Months
304,70,Male,Shirt,Clothing,34,Georgia,XL,Gray,Spring,4.98,No,Store Pickup,No,No,16,Credit Card,Quarterly
305,56,Male,Coat,Clothing,37,Illinois,XL,Gray,Winter,4.12,No,Free Shipping,Yes,Yes,7,PayPal,Bi-Weekly
306,31,Female,Sneakers,Footwear,71,California,S,Yellow,Summer,4.59,Yes,Free Shipping,Yes,Yes,33,Debit Card,Monthly
307,45,Female,Sandals,Footwear,48,Virginia,M,Red,Summer,3.92,No,Next Day Air,No,No,48,Bank Transfer,Every 3 Months
308,28,Female,Sweater,Clothing,79,Oregon,L,White,Summer,3.58,No,Express,No,No,2,Venmo,Annually
309,56,Female,Shirt,Clothing,40,California,XL,Yellow,Spring,4.38,Yes,Next Day Air,No,No,33,Credit Card,Bi-Weekly
310,42,Male,Shirt,Clothing,36,California,L,Gray,Spring,4.24,No,Free Shipping,No,No,14,PayPal,Every 3 Months
311,38,Male,Dress,Clothing,37,Virginia,M,Yellow,Winter,4.01,Yes,Store Pickup,No,No,20,Venmo,Bi-Weekly
312,27,Male,Pants,Clothing,76,Georgia,L,Green,Fall,3.29,Yes,Standard,No,No,37,Debit Card,Bi-Weekly
313,60,Male,Blouse,Clothing,56,Michigan,M,Gray,Fall,4.41,Yes,Express,No,No,27,Credit Card,Annually
314,32,Male,Jacket,Clothing,79,Arizona,S,Pink,Fall,3.32,No,Standard,Yes,Yes,47,Cash,Every 3 Months
315,36,Male,Skirt,Clothing,57,Texas,L,Brown,Fall,4.27,No,2-Day Shipping,No,No,42,PayPal,Weekly
316,65,Female,Dress,Clothing,31,Michigan,S,Pink,Summer,3.14,No,Express,Yes,Yes,21,PayPal,Annually
317,39,Male,Shirt,Clothing,94,Arizona,S,Red,Spring,,No,Standard,No,No,2,Cash,Monthly
318,38,Male,Hoodie,Clothing,92,California,M,Yellow,Fall,3.98,No,Free Shipping,No,No,43,Venmo,Every 3 Months
319,69,Male,Jeans,Clothing,20,Illinois,L,Green,Summer,4.15,Yes,Next Day Air,No,No,16,PayPal,Weekly
320,61,Female,Sandals,Footwear,77,Idaho,XL,Gray,Spring,3.93,No,Standard,Yes,Yes,19,Venmo,Fortnightly
321,49,Female,Skirt,Clothing,22,Georgia,L,Brown,Spring,3.48,Yes,Store Pickup,Yes,Yes,4,Debit Card,Quarterly
322,67,Female,Dress,Clothing,82,Oregon,XL,Green,Spring,4.47,Yes,2-Day Shipping,No,No,10,Cash,Every 3 Months
323,40,Female,Sandals,Footwear,40,Illinois,S,Green,Summer,,No,Free Shipping,Yes,Yes,22,Venmo,Weekly
324,30,Male,Jeans,Clothing,42,Alabama,S,Pink,Fall,3.92,Yes,2-Day Shipping,No,No,12,Debit Card,Every 3 Months
325,22,Male,T-shirt,Clothing,28,Texas,M,White,Spring,3.71,Yes,Store Pickup,Yes,Yes,2,Credit Card,Every 3 Months
326,21,Male,Jeans,Clothing,74,Virginia,XL,Blue,Summer,3.37,No,Store Pickup,Yes,Yes,2,PayPal,Every 3 Months
327,45,Female,Pants,Clothing,38,New York,L,White,Spring,4.48,Yes,Next Day Air,Yes,Yes,41,Cash,Annually
328,31,Male,Jeans,Clothing,81,Colorado,M,Yellow,Winter,3.41,No,2-Day Shipping,No,No,44,Credit Card,Bi-Weekly
329,25,Male,Sandals,Footwear,58,Georgia,M,Yellow,Winter,4.82,No,Store Pickup,No,No,34,Credit Card,Fortnightly
330,26,Male,Shorts,Clothing,95,California,M,White,Summer,3.31,No,Standard,Yes,Yes,18,Credit Card,Monthly
331,68,Female,Sandals,Footwear,46,Florida,L,Blue,Fall,3.99,No,Store Pickup,Yes,Yes,16,Venmo,Monthly
332,52,Female,Jacket,Clothing,65,Idaho,M,Gray,Fall,3.84,No,Store Pickup,Yes,Yes,19,PayPal,Every 3 Months
333,54,Female,Blouse,Clothing,53,New York,L,Green,Spring,3.73,Yes,Standard,Yes,Yes,47,Cash,Weekly
334,38,Male,Coat,Clothing,52,Ohio,M,Green,Fall,,No,Free Shipping,No,No,25,Bank Transfer,Annually
335,35,Male,Shorts,Clothing,69,Michigan,XL,White,Fall,4.27,No,Next Day Air,No,No,30,Bank Transfer,Every 3 Months
336,50,Male,Sweater,Clothing,39,Illinois,S,White,Winter,4.12,No,Next Day Air,Yes,Yes,48,PayPal,Bi-Weekly
337,25,Male,Coat,Clothing,59,Colorado,XL,Black,Summer,3.16,No,Express,Yes,Yes,6,PayPal,Bi-Weekly
338,68,Female,Blouse,Clothing,77,Idaho,XL,Blue,Winter,3.1,Yes,Express,No,No,27,PayPal,Every 3 Months
339,66,Male,Dress,Clothing,50,Ohio,M,Pink,Summer,3.06,Yes,Standard,No,No,15,Debit Card,Monthly
340,34,Female,Skirt,Clothing,57,Arizona,XL,Green,Spring,3.65,Yes,Store Pickup,No,No,31,Debit Card,Bi-Weekly
341,60,Male,Jacket,Clothing,64,Ohio,XL,Pink,Winter,5.0,No,2-Day Shipping,Yes,Yes,44,Debit Card,Quarterly
342,48,Female,Jacket,Clothing,60,Oregon,XL,Brown,Summer,3.77,No,Store Pickup,No,No,22,Debit Card,Weekly
343,51,Male,Sweater,Clothing,28,New York,M,Gray,Fall,5.0,No,Store Pickup,Yes,Yes,12,PayPal,Weekly
344,23,Male,Shorts,Clothing,28,Texas,L,White,Summer,3.78,Yes,2-Day Shipping,No,No,10,PayPal,Bi-Weekly
345,39,Female,Pants,Clothing,82,Illinois,S,Black,Fall,3.9,Yes,Free Shipping,No,No,21,Bank Transfer,Monthly
346,31,Female,Boots,Footwear,98,Idaho,S,Black,Spring,4.16,No,Next Day Air,Yes,Yes,47,Cash,Annually
347,20,Male,T-shirt,Clothing,96,Ohio,L,Yellow,Fall,3.63,No,Standard,Yes,Yes,31,Bank Transfer,Every 3 Months
348,29,Male,Jeans,Clothing,41,Illinois,L,Brown,Summer,3.94,Yes,2-Day Shipping,Yes,Yes,36,Bank Transfer,Quarterly
349,53,Male,Shorts,Clothing,35,Idaho,XL,Gray,Winter,2.78,Yes,Express,Yes,Yes,10,Cash,Quarterly
350,29,Female,Skirt,Clothing,51,Michigan,S,Gray,Summer,3.27,No,Standard,Yes,Yes,19,Cash,Every 3 Months
351,62,Male,T-shirt,Clothing,85,Idaho,L,Red,Winter,2.79,Yes,Free Shipping,Yes,Yes,23,Bank Transfer,Annually
352,19,Female,Jacket,Clothing,33,Michigan,XL,White,Summer,4.24,No,Standard,No,No,46,Bank Transfer,Quarterly
353,19,Male,Sandals,Footwear,57,Virginia,S,Yellow,Summer,2.98,No,2-Day Shipping,No,No,10,Bank Transfer,Fortnightly
354,32,Male,Skirt,Clothing,27,Oregon,M,Blue,Spring,4.65,No,Free Shipping,Yes,Yes,49,Cash,Bi-Weekly
355,40,Male,Blouse,Clothing,40,New York,M,Blue,Fall,4.01,No,Store Pickup,No,No,27,Cash,Quarterly
356,46,Male,Sweater,Clothing,75,Illinois,S,Beige,Summer,4.38,No,Express,Yes,Yes,43,Debit Card,Annually
357,34,Female,Blouse,Clothing,65,New York,S,Gray,Winter,3.41,Yes,Express,No,No,50,PayPal,Bi-Weekly
358,49,Female,Boots,Footwear,62,Michigan,M,Pink,Fall,3.13,No,2-Day Shipping,Yes,Yes,2,Cash,Monthly
359,24,Male,Skirt,Clothing,65,Colorado,M,Brown,Spring,3.59,No,Free Shipping,No,No,11,Venmo,Monthly
360,47,Male,Sneakers,Footwear,67,Ohio,S,Black,Fall,4.44,No,Express,No,No,8,Cash,Every 3 Months
361,45,Male,Sneakers,Footwear,89,Alabama,XL,White,Summer,5.0,No,Free Shipping,No,No,19,Cash,Monthly
362,31,Female,Dress,Clothing,50,Texas,L,Brown,Winter,4.11,Yes,Standard,No,No,16,PayPal,Fortnightly
363,61,Male,Shorts,Clothing,52,Virginia,L,Green,Winter,3.01,Yes,Next Day Air,Yes,Yes,4,Bank Transfer,Monthly
364,47,Female,Jacket,Clothing,63,Alabama,S,Red,Fall,3.22,No,Next Day Air,No,No,14,Debit Card,Bi-Weekly
365,34,Female,Jacket,Clothing,90,Montana,L,Black,Winter,2.91,No,Next Day Air,Yes,Yes,22,Credit Card,Weekly
366,49,Female,Jeans,Clothing,27,California,M,Brown,Summer,3.72,No,Express,Yes,Yes,17,Bank Transfer,Weekly
367,63,Female,Jeans,Clothing,92,Georgia,M,Brown,Winter,3.63,No,2-Day Shipping,Yes,Yes,43,Bank Transfer,Bi-Weekly
368,23,Male,Jeans,Clothing,21,Colorado,L,Red,Winter,3.72,No,Next Day Air,No,No,26,PayPal,Weekly
369,68,Male,Sandals,Footwear,36,Alabama,S,Brown,Winter,3.16,No,Store Pickup,Yes,Yes,35,Debit Card,Quarterly
370,41,Female,Coat,Clothing,71,Arizona,M,Yellow,Summer,3.1,Yes,2-Day Shipping,No,No,36,Venmo,Weekly
371,23,Male,Shirt,Clothing,64,Texas,XL,Black,Spring,,No,Next Day Air,No,No,45,Credit Card,Annually
372,44,Male,Coat,Clothing,56,California,XL,Green,Winter,4.09,No,Standard,No,No,49,Debit Card,Fortnightly
373,35,Male,Blouse,Clothing,61,Ohio,M,Black,Spring,3.09,Yes,Next Day Air,No,No,30,Bank Transfer,Monthly
374,41,Female,Coat,Clothing,63,New York,M,Red,Fall,4.08,No,2-Day Shipping,No,No,21,Debit Card,Weekly
375,54,Male,Sandals,Footwear,100,Arizona,L,Green,Fall,4.37,No,Express,Yes,Yes,20,PayPal,Weekly
376,41,Male,Dress,Clothing,57,California,S,Blue,Summer,2.4,No,Store Pickup,Yes,Yes,42,Debit Card,Annually
377,55,Male,Blouse,Clothing,25,California,L,White,Summer,4.75,No,Standard,Yes,Yes,26,Cash,Every 3 Months
378,51,Male,Coat,Clothing,87,Idaho,S,Gray,Summer,4.22,No,2-Day Shipping,Yes,Yes,12,Debit Card,Fortnightly
379,57,Male,Sandals,Footwear,70,Montana,XL,Blue,Summer,4.37,No,Free Shipping,Yes,Yes,8,Credit Card,Every 3 Months
380,64,Male,Shirt,Clothing,54,New York,XL,Yellow,Spring,3.19,Yes,Next Day Air,Yes,Yes,35,Debit Card,Fortnightly
381,32,Male,Coat,Clothing,77,Virginia,S,Black,Summer,4.27,No,Standard,No,No,29,Venmo,Weekly
382,28,Male,Sandals,Footwear,76,Ohio,L,Green,Spring,4.34,No,Express,No,No,42,Cash,Quarterly
383,39,Male,Boots,Footwear,92,Georgia,M,White,Winter,3.41,No,Free Shipping,Yes,Yes,7,Credit Card,Weekly
384,41,Male,Jeans,Clothing,25,Illinois,S,White,Winter,4.27,No,Next Day Air,No,No,10,Credit Card,Quarterly
385,18,Female,Boots,Footwear,32,Alabama,L,Red,Fall,3.72,No,Standard,Yes,Yes,39,Bank Transfer,Every 3 Months
386,35,Male,Jacket,Clothing,78,Texas,XL,Red,Fall,3.43,Yes,Store Pickup,No,No,50,PayPal,Annually
387,61,Female,Jeans,Clothing,49,Montana,M,Red,Spring,3.68,Yes,2-Day Shipping,No,No,20,PayPal,Monthly
388,29,Male,Jacket,Clothing,21,Idaho,XL,Pink,Summer,3.9,No,Next Day Air,No,No,28,Cash,Bi-Weekly
389,60,Female,Hoodie,Clothing,77,Virginia,S,Black,Fall,3.62,No,Standard,Yes,Yes,14,Credit Card,Monthly
390,45,Female,Sweater,Clothing,55,Idaho,XL,Beige,Spring,3.32,No,Next Day Air,No,No,12,Bank Transfer,Weekly
391,57,Male,Boots,Footwear,91,California,XL,Yellow,Fall,4.04,No,Store Pickup,No,No,8,Venmo,Weekly
392,24,Female,Sweater,Clothing,64,Florida,S,Brown,Summer,,No,Standard,No,No,7,Debit Card,Quarterly
393,40,Female,Sweater,Clothing,28,Alabama,M,Yellow,Spring,3.89,No,2-Day Shipping,No,No,5,Debit Card,Fortnightly
394,38,Female,Shirt,Clothing,84,Montana,S,Gray,Fall,2.83,Yes,Next Day Air,No,No,1,Debit Card,Every 3 Months
395,51,Male,Jeans,Clothing,96,Michigan,L,Red,Summer,3.45,No,Standard,Yes,Yes,47,PayPal,Every 3 Months
396,28,Female,Hoodie,Clothing,69,California,S,Gray,Spring,3.29,Yes,Free Shipping,Yes,Yes,9,Credit Card,Every 3 Months
397,39,Female,Jacket,Clothing,98,Montana,S,Yellow,Spring,4.84,Yes,Express,Yes,Yes,44,Credit Card,Quarterly
398,59,Male,Sandals,Footwear,51,Colorado,M,Pink,Spring,3.87,No,Store Pickup,No,No,18,Venmo,Fortnightly
399,52,Female,Blouse,Clothing,62,Arizona,L,Gray,Winter,3.63,No,Standard,No,No,43,PayPal,Fortnightly
400,69,Female,Sandals,Footwear,97,New York,XL,Black,Spring,3.46,No,Standard,Yes,Yes,42,Venmo,Annually
401,46,Female,Blouse,Clothing,73,Georgia,XL,Green,Fall,3.73,Yes,Standard,No,No,10,Credit Card,Fortnightly
402,59,Male,Boots,Footwear,66,Texas,XL,Beige,Spring,4.25,No,Next Day Air,No,No,50,Debit Card,Fortnightly
403,45,Female,Sneakers,Footwear,33,Alabama,XL,Beige,Spring,2.7,Yes,Store Pickup,No,No,1,PayPal,Weekly
404,35,Male,Sandals,Footwear,67,Michigan,M,Yellow,Spring,3.94,No,Express,No,No,20,PayPal,Bi-Weekly
405,31,Female,Coat,Clothing,74,Oregon,L,Brown,Spring,3.5,No,Store Pickup,No,No,43,PayPal,Every 3 Months
406,35,Female,Coat,Clothing,48,Idaho,M,Red,Spring,4.06,No,Next Day Air,Yes,Yes,29,Bank Transfer,Bi-Weekly
407,45,Female,Shorts,Clothing,66,Michigan,S,Yellow,Winter,4.28,No,Standard,No,No,2,Bank Transfer,Monthly
408,41,Female,Jeans,Clothing,82,Michigan,L,Gray,Summer,3.38,No,Store Pickup,Yes,Yes,26,Debit Card,Monthly
409,25,Male,Blouse,Clothing,38,Florida,L,Pink,Winter,2.98,No,Standard,No,No,11,Bank Transfer,Monthly
410,59,Female,Blouse,Clothing,28,Ohio,XL,Green,Fall,3.62,No,Express,Yes,Yes,25,PayPal,Quarterly
411,62,Male,Skirt,Clothing,56,Illinois,XL,Beige,Summer,4.57,Yes,Free Shipping,No,No,34,Bank Transfer,Monthly
412,70,Female,Dress,Clothing,71,New York,XL,Blue,Fall,4.3,No,Next Day Air,No,No,41,Bank Transfer,Every 3 Months
413,25,Male,Jeans,Clothing,76,Alabama,XL,Beige,Spring,3.57,No,Free Shipping,Yes,Yes,1,Cash,Annually
414,21,Female,Shirt,Clothing,47,Virginia,S,Green,Fall,3.42,No,Store Pickup,No,No,31,PayPal,Monthly
415,44,Female,Shorts,Clothing,55,Arizona,XL,Black,Winter,3.46,No,Standard,No,No,38,Bank Transfer,Monthly
416,53,Male,Shirt,Clothing,83,Alabama,M,Gray,Winter,3.02,Yes,Standard,No,No,22,Debit Card,Annually
417,22,Male,Boots,Footwear,37,Ohio,L,White,Spring,4.27,No,2-Day Shipping,No,No,2,Bank Transfer,Weekly
418,50,Male,Boots,Footwear,54,Michigan,S,Pink,Spring,4.38,No,2-Day Shipping,No,No,47,Bank Transfer,Monthly
419,66,Male,Shirt,Clothing,87,Georgia,S,Brown,Summer,3.57,No,Free Shipping,Yes,Yes,1,PayPal,Annually
420,51,Female,Shirt,Clothing,97,Texas,L,Blue,Winter,3.5,No,2-Day Shipping,Yes,Yes,24,Bank Transfer,Bi-Weekly
421,47,Male,Hoodie,Clothing,58,Texas,L,Yellow,Winter,,No,Store Pickup,Yes,Yes,50,Cash,Weekly
422,25,Male,Jeans,Clothing,27,Montana,L,Red,Summer,3.53,Yes,Express,No,No,36,Cash,Fortnightly
423,56,Male,Shirt,Clothing,99,California,S,Red,Winter,3.36,Yes,Store Pickup,Yes,Yes,45,Bank Transfer,Quarterly
424,64,Female,Coat,Clothing,34,Texas,M,Red,Summer,3.71,Yes,Free Shipping,No,No,36,PayPal,Weekly
425,43,Female,Dress,Clothing,26,Florida,M,Blue,Winter,,Yes,Store Pickup,No,No,47,Credit Card,Weekly
426,54,Female,Dress,Clothing,36,Illinois,L,Green,Fall,4.21,No,2-Day Shipping,No,No,34,Credit Card,Bi-Weekly
427,51,Female,Sweater,Clothing,83,Arizona,S,Brown,Fall,3.3,No,2-Day Shipping,No,No,9,Venmo,Annually
428,24,Male,Sneakers,Footwear,31,Georgia,XL,Beige,Summer,3.89,No,Express,No,No,12,Cash,Every 3 Months
429,57,Female,Boots,Footwear,75,Michigan,S,Yellow,Summer,4.19,No,Store Pickup,Yes,Yes,46,Credit Card,Every 3 Months
430,45,Male,Blouse,Clothing,65,Ohio,L,White,Spring,3.24,Yes,Express,No,No,20,Venmo,Monthly
431,56,Female,Skirt,Clothing,66,Idaho,S,Brown,Winter,3.88,No,Free Shipping,No,No,4,Credit Card,Fortnightly
432,56,Male,Pants,Clothing,98,Texas,S,Yellow,Fall,4.53,No,Next Day Air,No,No,15,PayPal,Annually
433,45,Male,Blouse,Clothing,35,Georgia,S,White,Spring,3.65,Yes,Store Pickup,No,No,4,Bank Transfer,Bi-Weekly
434,31,Male,Sneakers,Footwear,88,Idaho,XL,Pink,Winter,2.59,No,Store Pickup,Yes,Yes,5,Cash,Annually
435,70,Male,Skirt,Clothing,21,Georgia,L,Green,Fall,2.29,No,Express,Yes,Yes,10,Credit Card,Annually
436,67,Male,Hoodie,Clothing,73,Texas,L,Pink,Winter,3.99,No,2-Day Shipping,No,No,44,PayPal,Bi-Weekly
437,55,Female,Jeans,Clothing,46,Michigan,L,Green,Summer,3.86,No,Free Shipping,No,No,44,Venmo,Weekly
438,21,Male,Sandals,Footwear,50,Georgia,M,Gray,Fall,3.91,Yes,Next Day Air,No,No,40,PayPal,Fortnightly
439,59,Male,Jeans,Clothing,60,Michigan,M,Beige,Fall,4.09,No,Store Pickup,No,No,36,Venmo,Annually
440,35,Male,Blouse,Clothing,55,Georgia,L,Black,Spring,2.91,Yes,Free Shipping,Yes,Yes,35,Credit Card,Bi-Weekly
441,61,Male,Blouse,Clothing,66,Florida,S,Black,Winter,3.32,Yes,2-Day Shipping,No,No,1,Bank Transfer,Every 3 Months
442,65,Female,Skirt,Clothing,62,Idaho,S,Green,Summer,4.05,No,Next Day Air,No,No,18,Debit Card,Quarterly
443,42,Female,Skirt,Clothing,84,California,L,Black,Summer,4.24,No,Next Day Air,No,No,31,Bank Transfer,Annually
444,24,Male,Boots,Footwear,69,Michigan,XL,Blue,Winter,3.65,No,Express,No,No,46,PayPal,Quarterly
445,55,Male,Hoodie,Clothing,20,Arizona,XL,Yellow,Winter,2.94,No,Standard,No,No,49,Debit Card,Bi-Weekly
446,45,Male,Boots,Footwear,91,Illinois,S,Brown,Summer,4.0,No,2-Day Shipping,Yes,Yes,6,Cash,Weekly
447,22,Male,Sneakers,Footwear,76,Florida,S,Pink,Winter,3.83,No,Standard,No,No,6,Debit Card,Annually
448,20,Female,Shirt,Clothing,35,Oregon,M,Gray,Spring,3.17,No,2-Day Shipping,No,No,42,Bank Transfer,Quarterly
449,61,Female,Jeans,Clothing,47,Colorado,XL,Beige,Winter,2.61,No,Free Shipping,No,No,19,Cash,Weekly
450,48,Male,Skirt,Clothing,41,Virginia,S,Beige,Spring,4.14,No,Standard,No,No,32,Credit Card,Monthly
451,64,Male,Jacket,Clothing,60,California,S,Gray,Spring,3.43,No,Store Pickup,Yes,Yes,42,Credit Card,Monthly
452,59,Male,Sneakers,Footwear,95,Illinois,L,Red,Winter,3.91,No,Store Pickup,Yes,Yes,30,PayPal,Annually
453,37,Male,Coat,Clothing,38,California,M,Red,Fall,3.89,Yes,Store Pickup,Yes,Yes,26,Debit Card,Weekly
454,36,Male,Hoodie,Clothing,69,Virginia,XL,Red,Fall,,Yes,Next Day Air,No,No,3,Cash,Bi-Weekly
455,65,Female,Blouse,Clothing,78,California,XL,Gray,Spring,4.05,No,Express,Yes,Yes,33,Cash,Monthly
456,28,Female,Boots,Footwear,88,California,M,Black,Winter,3.28,No,2-Day Shipping,Yes,Yes,50,Debit Card,Every 3 Months
457,57,Male,Sneakers,Footwear,53,Montana,S,White,Spring,2.9,No,Express,No,No,31,Bank Transfer,Annually
458,20,Female,Pants,Clothing,58,Illinois,XL,Gray,Winter,2.83,No,2-Day Shipping,Yes,Yes,47,Credit Card,Annually
459,40,Female,Jeans,Clothing,93,California,XL,Black,Winter,3.8,Yes,Store Pickup,No,No,20,Bank Transfer,Monthly
460,24,Female,Skirt,Clothing,26,New York,XL,Brown,Summer,4.76,No,Next Day Air,No,No,4,Credit Card,Every 3 Months
461,40,Male,Blouse,Clothing,71,New York,L,Gray,Fall,3.82,No,Next Day Air,No,No,32,Cash,Quarterly
462,24,Female,Sandals,Footwear,79,Georgia,M,Pink,Fall,4.87,No,Next Day Air,Yes,Yes,18,PayPal,Bi-Weekly
463,63,Female,Pants,Clothing,71,Georgia,XL,Black,Summer,4.67,No,Next Day Air,Yes,Yes,10,Credit Card,Weekly
464,51,Male,Hoodie,Clothing,98,Texas,M,Beige,Summer,4.11,Yes,Next Day Air,No,No,22,Venmo,Monthly
465,59,Female,Sneakers,Footwear,43,Arizona,S,Green,Summer,4.74,No,Store Pickup,No,No,17,Cash,Annually
466,36,Male,Shorts,Clothing,45,Michigan,M,Green,Spring,4.68,No,Express,No,No,42,Debit Card,Bi-Weekly
467,26,Female,Blouse,Clothing,29,Idaho,L,Gray,Spring,4.51,No,Free Shipping,Yes,Yes,4,Debit Card,Monthly
468,65,Male,Jeans,Clothing,36,Virginia,L,Pink,Spring,2.67,No,Standard,No,No,37,Bank Transfer,Quarterly
469,68,Male,Sweater,Clothing,97,Michigan,M,Pink,Spring,3.66,No,Express,No,No,7,Bank Transfer,Bi-Weekly
470,35,Female,Jacket,Clothing,21,Virginia,L,Green,Spring,3.38,No,Store Pickup,No,No,8,Cash,Fortnightly
471,58,Female,T-shirt,Clothing,96,Colorado,XL,Black,Fall,4.5,No,Standard,No,No,1,Bank Transfer,Annually
472,65,Male,Pants,Clothing,46,Texas,L,Brown,Fall,3.62,Yes,Free Shipping,No,No,8,Bank Transfer,Quarterly
473,62,Male,Shirt,Clothing,92,Montana,S,Gray,Winter,4.85,No,2-Day Shipping,No,No,19,Cash,Weekly
474,59,Female,T-shirt,Clothing,90,New York,M,Brown,Fall,3.86,Yes,Free Shipping,Yes,Yes,17,Credit Card,Bi-Weekly
475,42,Female,Jeans,Clothing,67,Illinois,M,Red,Summer,3.78,No,Free Shipping,No,No,41,Cash,Every 3 Months
476,69,Female,Coat,Clothing,93,Arizona,S,White,Fall,3.57,No,Store Pickup,Yes,Yes,48,Cash,Monthly
477,31,Female,Boots,Footwear,28,Arizona,S,Blue,Summer,3.69,No,2-Day Shipping,Yes,Yes,9,Bank Transfer,Every 3 Months
478,61,Male,Coat,Clothing,42,Georgia,S,Red,Fall,3.96,No,Standard,Yes,Yes,16,Venmo,Bi-Weekly
479,42,Male,Sweater,Clothing,90,Idaho,S,Yellow,Spring,3.76,No,Next Day Air,Yes,Yes,45,Debit Card,Weekly
480,36,Male,Pants,Clothing,92,Illinois,XL,Beige,Fall,3.52,Yes,2-Day Shipping,Yes,Yes,37,Bank Transfer,Every 3 Months
481,56,Female,Shirt,Clothing,46,Oregon,L,Blue,Winter,3.56,No,2-Day Shipping,Yes,Yes,27,Credit Card,Every 3 Months
482,32,Female,Shorts,Clothing,100,Georgia,L,Beige,Spring,4.89,Yes,Free Shipping,No,No,2,PayPal,Every 3 Months
483,33,Male,Sweater,Clothing,90,Ohio,XL,Gray,Spring,5.0,No,2-Day Shipping,No,No,36,Credit Card,Annually
484,44,Male,Pants,Clothing,62,Idaho,S,Red,Winter,3.52,No,Express,Yes,Yes,12,Debit Card,Bi-Weekly
485,57,Male,Dress,Clothing,26,Oregon,M,Pink,Fall,4.31,No,Next Day Air,No,No,50,PayPal,Monthly
486,27,Male,T-shirt,Clothing,82,Arizona,M,Green,Fall,3.3,Yes,Free Shipping,No,No,35,Cash,Annually
487,21,Male,Sweater,Clothing,63,Montana,M,Green,Winter,3.6,No,Standard,Yes,Yes,31,Venmo,Every 3 Months
488,68,Male,T-shirt,Clothing,58,Florida,S,Brown,Spring,3.15,No,Standard,Yes,Yes,19,Venmo,Quarterly
489,36,Female,Blouse,Clothing,59,Florida,XL,Blue,Winter,4.41,Yes,Standard,No,No,26,Debit Card,Quarterly
490,45,Male,Coat,Clothing,26,New York,XL,Yellow,Summer,4.09,No,Standard,No,No,36,Bank Transfer,Monthly
491,38,Male,Blouse,Clothing,89,Arizona,XL,Red,Summer,4.21,No,Standard,No,No,4,Debit Card,Annually
492,64,Male,Jacket,Clothing,44,Montana,L,Green,Fall,4.33,No,Free Shipping,Yes,Yes,48,Venmo,Fortnightly
493,31,Male,Dress,Clothing,78,Idaho,L,Black,Spring,3.28,No,Express,Yes,Yes,43,PayPal,Fortnightly
494,50,Male,Shirt,Clothing,32,Colorado,L,Pink,Summer,3.61,No,Express,Yes,Yes,31,PayPal,Quarterly
495,65,Male,Shorts,Clothing,100,Montana,L,Beige,Winter,4.07,No,Standard,Yes,Yes,13,Bank Transfer,Every 3 Months
496,27,Male,Hoodie,Clothing,81,Colorado,M,Gray,Fall,3.59,Yes,Express,Yes,Yes,43,Credit Card,Weekly
497,36,Female,T-shirt,Clothing,27,Oregon,M,Brown,Fall,3.84,No,Next Day Air,Yes,Yes,39,Cash,Bi-Weekly
498,47,Male,Shorts,Clothing,64,Colorado,XL,Blue,Spring,3.32,Yes,Express,No,No,46,Bank Transfer,Annually
499,39,Female,T-shirt,Clothing,37,Alabama,L,White,Summer,4.6,Yes,2-Day Shipping,No,No,4,PayPal,Monthly
500,20,Female,Jeans,Clothing,79,Idaho,XL,Green,Fall,4.36,Yes,Standard,Yes,Yes,40,Cash,Weekly
501,54,Female,Sweater,Clothing,79,Virginia,S,Brown,Winter,4.54,No,2-Day Shipping,No,No,44,Debit Card,Annually
502,58,Male,Jacket,Clothing,21,California,L,Black,Summer,4.2,No,2-Day Shipping,Yes,Yes,13,PayPal,Every 3 Months
503,35,Male,Coat,Clothing,85,Idaho,L,Black,Fall,3.14,No,Standard,No,No,41,PayPal,Bi-Weekly
504,28,Male,Hoodie,Clothing,33,New York,XL,Yellow,Fall,3.51,No,Store Pickup,Yes,Yes,9,PayPal,Annually
505,65,Male,Skirt,Clothing,67,Georgia,XL,Blue,Summer,3.38,No,Free Shipping,No,No,2,Credit Card,Quarterly
506,19,Male,T-shirt,Clothing,75,Florida,S,Yellow,Summer,3.65,No,Store Pickup,No,No,35,Bank Transfer,Annually
507,29,Male,Shorts,Clothing,31,Oregon,XL,Blue,Spring,4.43,No,Express,No,No,12,Debit Card,Monthly
508,23,Male,Jacket,Clothing,74,Idaho,L,Green,Winter,2.92,No,Store Pickup,Yes,Yes,17,Venmo,Weekly
509,60,Male,Sandals,Footwear,47,Georgia,M,Red,Spring,3.45,No,Next Day Air,No,No,4,Credit Card,Bi-Weekly
510,57,Male,Hoodie,Clothing,23,California,S,Gray,Spring,3.56,No,Store Pickup,Yes,Yes,14,Credit Card,Quarterly
511,61,Male,Sandals,Footwear,55,Alabama,S,Beige,Winter,3.01,No,Store Pickup,No,No,21,PayPal,Quarterly
512,46,Female,Blouse,Clothing,69,Michigan,L,Beige,Winter,3.92,No,Free Shipping,No,No,41,Credit Card,Bi-Weekly
513,47,Male,Coat,Clothing,22,Michigan,M,Red,Spring,3.59,Yes,Next Day Air,No,No,8,Bank Transfer,Fortnightly
514,19,Male,Boots,Footwear,20,Oregon,XL,Black,Summer,4.47,Yes,Store Pickup,No,No,33,Bank Transfer,Annually
515,26,Male,Boots,Footwear,36,Michigan,XL,Pink,Winter,3.63,No,Standard,No,No,45,Bank Transfer,Annually
516,64,Female,Skirt,Clothing,90,Montana,M,Gray,Spring,4.08,No,Express,Yes,Yes,28,Venmo,Fortnightly
517,19,Male,Jeans,Clothing,81,Illinois,M,Green,Summer,3.87,No,Store Pickup,No,No,3,Credit Card,Bi-Weekly
518,46,Male,Shorts,Clothing,67,Florida,L,Red,Fall,2.31,No,Free Shipping,Yes,Yes,14,Bank Transfer,Bi-Weekly
519,50,Female,Pants,Clothing,81,Montana,XL,Gray,Summer,2.94,Yes,Standard,No,No,19,Credit Card,Bi-Weekly
520,27,Male,Skirt,Clothing,88,Alabama,L,Beige,Spring,4.03,No,Free Shipping,No,No,6,PayPal,Quarterly
521,51,Female,Sweater,Clothing,38,Michigan,XL,Gray,Winter,4.0,No,2-Day Shipping,No,No,36,Debit Card,Every 3 Months
522,61,Female,Sweater,Clothing,53,Illinois,XL,Blue,Summer,3.76,No,Store Pickup,No,No,20,Bank Transfer,Annually
523,25,Female,Shorts,Clothing,68,Arizona,M,Brown,Summer,4.6,No,Express,No,No,1,Venmo,Every 3 Months
524,54,Female,Pants,Clothing,99,Texas,L,Blue,Summer,4.11,No,Express,Yes,Yes,10,PayPal,Annually
525,50,Male,Shirt,Clothing,66,New York,M,Red,Winter,4.74,Yes,Standard,No,No,13,Credit Card,Monthly
526,64,Female,Jeans,Clothing,69,Montana,L,Green,Winter,2.32,No,Standard,Yes,Yes,12,Bank Transfer,Quarterly
527,23,Female,Jacket,Clothing,45,Georgia,XL,White,Summer,4.84,No,Standard,No,No,11,Venmo,Annually
528,61,Male,T-shirt,Clothing,75,Ohio,S,Yellow,Summer,3.44,No,Express,Yes,Yes,36,Cash,Quarterly
529,57,Male,Pants,Clothing,97,Illinois,S,Yellow,Spring,3.81,No,Store Pickup,Yes,Yes,17,Bank Transfer,Fortnightly
530,62,Male,Boots,Footwear,33,Arizona,L,White,Winter,4.51,No,2-Day Shipping,No,No,47,Bank Transfer,Bi-Weekly
531,36,Female,Hoodie,Clothing,97,Ohio,L,Gray,Summer,2.53,Yes,Express,Yes,Yes,29,Credit Card,Quarterly
532,49,Male,Shirt,Clothing,44,Texas,M,White,Winter,3.65,No,Standard,No,No,3,Debit Card,Quarterly
533,44,Female,T-shirt,Clothing,23,Texas,XL,Yellow,Winter,4.41,Yes,Next Day Air,Yes,Yes,29,Credit Card,Bi-Weekly
534,18,Female,T-shirt,Clothing,98,Florida,S,Black,Winter,3.43,Yes,Store Pickup,Yes,Yes,10,Debit Card,Every 3 Months
535,60,Male,Shirt,Clothing,51,Virginia,M,Beige,Spring,4.35,No,2-Day Shipping,No,No,46,Cash,Monthly
536,69,Male,Blouse,Clothing,97,Ohio,L,Yellow,Fall,4.21,No,Express,Yes,Yes,19,PayPal,Fortnightly
537,50,Male,Sandals,Footwear,84,Florida,XL,Yellow,Winter,3.9,No,Next Day Air,Yes,Yes,4,PayPal,Weekly
538,57,Male,T-shirt,Clothing,80,Florida,M,Black,Winter,4.16,Yes,Store Pickup,No,No,46,Bank Transfer,Every 3 Months
539,49,Male,Shirt,Clothing,39,Florida,M,Yellow,Summer,4.58,No,2-Day Shipping,Yes,Yes,38,PayPal,Quarterly
540,22,Male,Pants,Clothing,93,Michigan,L,Gray,Winter,4.16,No,Express,No,No,12,Venmo,Monthly
541,34,Female,Shirt,Clothing,29,Colorado,XL,Black,Fall,4.36,No,Store Pickup,Yes,Yes,31,Debit Card,Weekly
542,25,Female,Dress,Clothing,53,Florida,S,Beige,Winter,3.27,No,Store Pickup,Yes,Yes,2,Credit Card,Annually
543,59,Male,Skirt,Clothing,80,Arizona,M,Green,Spring,4.15,Yes,Standard,No,No,49,Venmo,Every 3 Months
544,51,Female,Sneakers,Footwear,46,New York,L,Blue,Summer,4.09,No,Express,Yes,Yes,1,Venmo,Annually
545,26,Female,Blouse,Clothing,59,Idaho,M,Green,Fall,4.47,No,Store Pickup,Yes,Yes,17,Credit Card,Every 3 Months
546,40,Female,Coat,Clothing,84,Arizona,L,Black,Spring,3.11,No,2-Day Shipping,Yes,Yes,25,Cash,Bi-Weekly
547,52,Female,Sneakers,Footwear,52,Alabama,L,Black,Fall,4.44,Yes,Standard,Yes,Yes,5,PayPal,Weekly
548,67,Female,Skirt,Clothing,87,Colorado,L,Red,Summer,3.27,No,Store Pickup,No,No,48,Cash,Bi-Weekly
549,24,Female,Skirt,Clothing,90,Colorado,XL,Brown,Winter,5.0,No,Free Shipping,Yes,Yes,14,Cash,Annually
550,32,Male,Skirt,Clothing,28,Florida,S,Brown,Summer,3.27,No,Next Day Air,No,No,10,PayPal,Every 3 Months
551,70,Male,Sneakers,Footwear,35,Illinois,XL,Black,Summer,3.1,No,Store Pickup,No,No,21,Cash,Every 3 Months
552,37,Male,Shorts,Clothing,24,Illinois,S,Blue,Winter,3.63,No,Standard,No,No,25,Venmo,Every 3 Months
553,67,Female,Sandals,Footwear,42,Oregon,L,Red,Spring,4.43,Yes,Standard,No,No,35,Bank Transfer,Monthly
554,42,Male,Shirt,Clothing,62,Colorado,S,White,Fall,4.01,No,2-Day Shipping,Yes,Yes,3,Credit Card,Every 3 Months
555,20,Male,Hoodie,Clothing,76,Ohio,XL,Pink,Spring,4.81,No,Store Pickup,No,No,18,Bank Transfer,Weekly
556,63,Male,Sandals,Footwear,70,Georgia,M,Blue,Winter,3.62,Yes,Store Pickup,Yes,Yes,50,Venmo,Fortnightly
557,41,Female,Boots,Footwear,32,Ohio,XL,Black,Fall,3.51,Yes,2-Day Shipping,No,No,36,Bank Transfer,Monthly
558,51,Male,Pants,Clothing,43,Oregon,XL,Black,Winter,3.36,No,Next Day Air,No,No,39,Venmo,Weekly
559,63,Female,Jeans,Clothing,30,Alabama,XL,Blue,Spring,3.48,Yes,2-Day Shipping,Yes,Yes,33,Debit Card,Quarterly
560,39,Male,Shorts,Clothing,71,Georgia,XL,Gray,Summer,2.96,No,Standard,No,No,48,PayPal,Weekly
561,28,Male,Coat,Clothing,36,Oregon,XL,Red,Fall,3.41,No,Next Day Air,No,No,17,PayPal,Annually
562,65,Male,Sandals,Footwear,56,Oregon,S,Black,Winter,3.07,No,Next Day Air,Yes,Yes,40,Bank Transfer,Weekly
563,25,Female,Hoodie,Clothing,32,Colorado,S,Pink,Fall,4.23,No,Express,Yes,Yes,6,Venmo,Fortnightly
564,56,Female,Sweater,Clothing,81,Arizona,M,White,Fall,4.69,No,Standard,No,No,34,PayPal,Monthly
565,60,Female,Skirt,Clothing,27,Colorado,XL,Green,Spring,3.93,No,Standard,No,No,26,Debit Card,Quarterly
566,52,Female,T-shirt,Clothing,75,Georgia,XL,Beige,Summer,3.4,No,2-Day Shipping,No,No,42,Bank Transfer,Every 3 Months
567,66,Female,Boots,Footwear,89,Illinois,M,Pink,Fall,4.25,No,Standard,No,No,31,Credit Card,Monthly
568,63,Male,Jeans,Clothing,63,California,M,Beige,Spring,3.78,Yes,Store Pickup,No,No,49,Cash,Monthly
569,55,Male,Blouse,Clothing,79,Michigan,L,Yellow,Fall,4.41,No,2-Day Shipping,No,No,28,PayPal,Quarterly
570,25,Female,Coat,Clothing,60,Michigan,M,Gray,Summer,3.23,No,Standard,Yes,Yes,36,Venmo,Annually
571,54,Female,Pants,Clothing,40,Virginia,M,Pink,Fall,3.27,No,Store Pickup,Yes,Yes,13,PayPal,Quarterly
572,44,Male,Jeans,Clothing,61,California,M,Brown,Summer,4.24,No,Express,No,No,21,Venmo,Fortnightly
573,45,Female,Skirt,Clothing,93,Michigan,L,Gray,Spring,3.79,No,Standard,No,No,26,Bank Transfer,Annually
574,57,Male,T-shirt,Clothing,93,Idaho,S,Brown,Spring,4.36,No,Express,Yes,Yes,31,Bank Transfer,Bi-Weekly
575,51,Female,Shorts,Clothing,48,California,L,White,Summer,3.28,No,Standard,Yes,Yes,16,Cash,Fortnightly
576,49,Male,T-shirt,Clothing,99,Montana,S,White,Summer,4.06,No,Standard,No,No,31,PayPal,Annually
577,32,Female,Sneakers,Footwear,84,Virginia,M,White,Spring,4.13,No,Free Shipping,No,No,13,Cash,Annually
578,61,Female,T-shirt,Clothing,36,Florida,L,Gray,Summer,2.88,Yes,Store Pickup,No,No,30,Venmo,Every 3 Months
579,34,Male,Sneakers,Footwear,49,Michigan,L,White,Summer,3.8,No,Standard,No,No,32,Debit Card,Quarterly
580,50,Male,Boots,Footwear,45,Alabama,S,Blue,Winter,2.59,No,Express,Yes,Yes,5,Debit Card,Weekly
581,64,Female,Shorts,Clothing,72,Ohio,L,Beige,Fall,4.68,No,Next Day Air,Yes,Yes,12,Credit Card,Weekly
582,63,Female,Pants,Clothing,38,Montana,L,Beige,Spring,3.01,No,Express,Yes,Yes,39,Venmo,Monthly
583,69,Male,Jacket,Clothing,72,Oregon,XL,Red,Spring,3.69,No,Store Pickup,Yes,Yes,41,Venmo,Monthly
584,33,Female,Skirt,Clothing,36,New York,S,Brown,Winter,3.8,No,Standard,No,No,37,Venmo,Bi-Weekly
585,46,Male,Sneakers,Footwear,65,Florida,L,Beige,Summer,3.22,No,2-Day Shipping,Yes,Yes,4,Bank Transfer,Annually
586,26,Male,Blouse,Clothing,72,Illinois,L,Black,Summer,4.91,Yes,Free Shipping,No,No,42,Bank Transfer,Bi-Weekly
587,50,Female,T-shirt,Clothing,83,Florida,M,Beige,Summer,3.38,No,2-Day Shipping,No,No,48,Debit Card,Bi-Weekly
588,66,Male,T-shirt,Clothing,64,Oregon,XL,Black,Spring,3.64,No,Free Shipping,Yes,Yes,43,Debit Card,Bi-Weekly
589,46,Male,Blouse,Clothing,68,Michigan,XL,Red,Winter,3.39,Yes,Free Shipping,No,No,29,Debit Card,Weekly
590,30,Female,Pants,Clothing,38,Oregon,M,Yellow,Fall,3.38,No,2-Day Shipping,No,No,41,PayPal,Annually
591,38,Male,Sweater,Clothing,90,Ohio,M,Gray,Winter,3.73,No,Store Pickup,No,No,5,PayPal,Quarterly
592,38,Male,Boots,Footwear,100,Texas,M,Pink,Spring,4.22,Yes,Standard,Yes,Yes,11,Debit Card,Every 3 Months
593,22,Male,Shirt,Clothing,84,Georgia,M,Yellow,Fall,3.9,Yes,Express,No,No,30,Cash,Every 3 Months
594,27,Male,Jacket,Clothing,56,Colorado,XL,Red,Summer,3.34,No,2-Day Shipping,No,No,9,PayPal,Bi-Weekly
595,23,Female,Coat,Clothing,89,Georgia,L,Beige,Winter,3.8,Yes,Next Day Air,Yes,Yes,49,Bank Transfer,Annually
596,68,Male,Hoodie,Clothing,45,Texas,L,Beige,Winter,2.98,No,Free Shipping,Yes,Yes,28,PayPal,Fortnightly
597,30,Female,Sneakers,Footwear,21,Montana,M,Brown,Spring,4.51,No,Express,No,No,22,PayPal,Every 3 Months
598,18,Male,Blouse,Clothing,78,Arizona,S,Gray,Winter,3.5,No,Next Day Air,No,No,11,PayPal,Bi-Weekly
599,37,Female,Hoodie,Clothing,24,Oregon,M,Red,Fall,3.53,No,Express,Yes,Yes,21,Credit Card,Weekly
600,64,Male,Shorts,Clothing,56,Illinois,L,White,Winter,2.63,No,Standard,No,No,6,PayPal,Monthly
601,63,Female,Pants,Clothing,50,Virginia,S,Pink,Spring,3.5,No,Next Day Air,Yes,Yes,26,Cash,Fortnightly
602,25,Male,Sneakers,Footwear,95,Ohio,M,Yellow,Winter,4.81,No,Store Pickup,No,No,16,Credit Card,Bi-Weekly
603,27,Male,Shirt,Clothing,67,Ohio,S,Blue,Fall,4.17,Yes,Store Pickup,Yes,Yes,14,Bank Transfer,Weekly
604,26,Male,Hoodie,Clothing,25,Ohio,M,Blue,Fall,4.47,No,2-Day Shipping,No,No,35,Bank Transfer,Monthly
605,66,Male,Shorts,Clothing,34,Georgia,XL,Blue,Spring,3.87,No,Express,Yes,Yes,42,PayPal,Bi-Weekly
606,58,Female,Jeans,Clothing,34,Michigan,L,Red,Summer,2.23,No,Store Pickup,Yes,Yes,36,Venmo,Weekly
607,20,Female,Skirt,Clothing,80,California,M,White,Spring,3.84,No,Store Pickup,Yes,Yes,22,Credit Card,Weekly
608,28,Male,T-shirt,Clothing,35,Ohio,S,Green,Summer,3.92,No,2-Day Shipping,Yes,Yes,2,Bank Transfer,Quarterly
609,29,Female,Jeans,Clothing,39,Texas,L,Blue,Fall,4.34,No,2-Day Shipping,No,No,13,PayPal,Weekly
610,27,Male,Sneakers,Footwear,96,New York,M,Yellow,Winter,3.78,No,Store Pickup,Yes,Yes,11,Cash,Bi-Weekly
611,42,Male,Shirt,Clothing,63,Oregon,M,Green,Winter,3.34,No,Express,No,No,12,Debit Card,Annually
612,66,Female,Jacket,Clothing,61,Alabama,M,Pink,Fall,3.74,No,Express,Yes,Yes,33,Bank Transfer,Weekly
613,66,Female,Hoodie,Clothing,65,Florida,M,Brown,Spring,3.59,No,Free Shipping,Yes,Yes,22,PayPal,Fortnightly
614,42,Female,Boots,Footwear,53,Alabama,XL,White,Winter,4.11,No,Free Shipping,Yes,Yes,9,Venmo,Weekly
615,28,Male,Skirt,Clothing,83,Virginia,L,Brown,Spring,3.74,No,Next Day Air,Yes,Yes,44,Cash,Weekly
616,53,Male,Sneakers,Footwear,48,Texas,XL,Yellow,Winter,3.21,No,Next Day Air,Yes,Yes,7,Bank Transfer,Every 3 Months
617,56,Female,Pants,Clothing,22,Texas,L,Gray,Summer,4.14,No,Next Day Air,Yes,Yes,17,Credit Card,Fortnightly
618,70,Male,Blouse,Clothing,28,New York,M,Gray,Winter,3.36,No,Free Shipping,No,No,10,Cash,Bi-Weekly
619,43,Female,Boots,Footwear,94,Idaho,L,Blue,Summer,3.61,No,2-Day Shipping,Yes,Yes,38,PayPal,Monthly
620,31,Female,Boots,Footwear,94,Virginia,S,Yellow,Winter,3.52,Yes,Store Pickup,No,No,39,Bank Transfer,Quarterly
621,56,Female,Boots,Footwear,44,Montana,L,Brown,Winter,3.94,No,Standard,No,No,46,Bank Transfer,Every 3 Months
622,57,Female,Sandals,Footwear,61,California,S,Red,Winter,2.98,No,Standard,Yes,Yes,25,Venmo,Monthly
623,18,Female,Sneakers,Footwear,65,Michigan,S,Green,Winter,3.82,No,Store Pickup,No,No,27,Bank Transfer,Bi-Weekly
624,21,Female,Skirt,Clothing,92,Arizona,XL,Blue,Winter,4.45,No,Express,No,No,30,Cash,Bi-Weekly
625,47,Male,T-shirt,Clothing,78,Virginia,L,Green,Spring,3.86,No,Free Shipping,No,No,30,Bank Transfer,Every 3 Months
626,29,Male,T-shirt,Clothing,40,Ohio,M,Beige,Summer,3.4,No,Express,No,No,43,Cash,Fortnightly
627,52,Female,Sneakers,Footwear,93,Ohio,L,Beige,Summer,3.58,Yes,Standard,Yes,Yes,34,Debit Card,Monthly
628,30,Female,Shorts,Clothing,41,Michigan,XL,Beige,Winter,3.98,No,Express,No,No,33,Debit Card,Weekly
629,69,Female,Sandals,Footwear,48,Oregon,S,Gray,Spring,4.14,No,Free Shipping,No,No,32,PayPal,Fortnightly
630,48,Male,Blouse,Clothing,82,Virginia,S,Black,Spring,4.7,No,Free Shipping,No,No,42,Credit Card,Fortnightly
631,55,Female,Boots,Footwear,92,New York,XL,Yellow,Fall,2.82,No,Free Shipping,No,No,12,Credit Card,Quarterly
632,60,Female,Boots,Footwear,80,Idaho,XL,Gray,Fall,3.96,No,Standard,Yes,Yes,41,Venmo,Fortnightly
633,40,Female,Sneakers,Footwear,83,Ohio,L,Yellow,Spring,3.91,No,Free Shipping,Yes,Yes,23,PayPal,Monthly
634,21,Male,Shorts,Clothing,88,California,S,Pink,Fall,3.76,Yes,Next Day Air,No,No,29,Credit Card,Bi-Weekly
635,69,Female,T-shirt,Clothing,59,Georgia,XL,Brown,Summer,4.01,No,Next Day Air,No,No,43,Bank Transfer,Every 3 Months
636,33,Male,T-shirt,Clothing,94,Montana,L,Beige,Spring,3.66,No,Store Pickup,Yes,Yes,1,Cash,Quarterly
637,24,Male,Shirt,Clothing,20,California,L,Beige,Fall,3.2,No,Free Shipping,Yes,Yes,20,PayPal,Every 3 Months
638,39,Female,Sneakers,Footwear,84,Idaho,M,Pink,Spring,3.93,No,Next Day Air,Yes,Yes,10,Cash,Every 3 Months
639,46,Male,Sandals,Footwear,81,Texas,S,White,Fall,4.19,Yes,Free Shipping,Yes,Yes,19,Venmo,Weekly
640,28,Male,Sweater,Clothing,73,California,L,Black,Spring,3.77,No,Standard,No,No,23,Bank Transfer,Annually
641,50,Male,Sandals,Footwear,79,Oregon,XL,White,Winter,4.44,Yes,Next Day Air,No,No,21,PayPal,Monthly
642,46,Female,Pants,Clothing,65,Alabama,S,Gray,Summer,3.66,Yes,Standard,Yes,Yes,43,Bank Transfer,Weekly
643,56,Male,T-shirt,Clothing,24,California,XL,White,Fall,4.08,No,Next Day Air,Yes,Yes,35,Bank Transfer,Annually
644,29,Female,T-shirt,Clothing,41,Texas,XL,Yellow,Winter,2.85,Yes,2-Day Shipping,Yes,Yes,48,Bank Transfer,Annually
645,24,Female,Jeans,Clothing,72,Ohio,L,Red,Spring,5.0,No,2-Day Shipping,Yes,Yes,32,Venmo,Fortnightly
646,56,Female,T-shirt,Clothing,89,Florida,L,Yellow,Winter,3.66,Yes,Store Pickup,No,No,10,Debit Card,Monthly
647,59,Male,Blouse,Clothing,51,Florida,M,Blue,Summer,3.51,No,Store Pickup,No,No,2,Venmo,Every 3 Months
648,65,Female,Coat,Clothing,30,Oregon,XL,Gray,Fall,3.64,No,Store Pickup,No,No,36,Bank Transfer,Annually
649,43,Male,Sneakers,Footwear,29,Colorado,L,Beige,Fall,3.23,No,Standard,Yes,Yes,48,Debit Card,Quarterly
650,57,Male,Hoodie,Clothing,58,Florida,M,Gray,Spring,3.1,No,Next Day Air,No,No,6,PayPal,Every 3 Months
651,26,Male,Sandals,Footwear,50,Ohio,S,White,Summer,3.82,No,2-Day Shipping,No,No,43,Cash,Quarterly
652,58,Male,Coat,Clothing,31,Colorado,M,Green,Winter,3.87,Yes,Free Shipping,No,No,17,Cash,Weekly
653,51,Female,Shorts,Clothing,99,New York,M,Gray,Spring,3.93,No,Express,No,No,15,Cash,Bi-Weekly
654,62,Female,Sweater,Clothing,57,Montana,XL,Brown,Fall,3.78,No,2-Day Shipping,Yes,Yes,36,Venmo,Annually
655,30,Male,Blouse,Clothing,86,Michigan,S,Gray,Winter,3.75,Yes,2-Day Shipping,Yes,Yes,24,PayPal,Every 3 Months
656,53,Female,Skirt,Clothing,85,Montana,XL,Yellow,Spring,3.08,No,Free Shipping,Yes,Yes,40,PayPal,Quarterly
657,42,Female,Dress,Clothing,71,Virginia,XL,Green,Winter,3.51,Yes,2-Day Shipping,Yes,Yes,29,Debit Card,Weekly
658,41,Female,Sandals,Footwear,24,Colorado,M,Black,Winter,3.9,No,2-Day Shipping,Yes,Yes,50,PayPal,Bi-Weekly
659,61,Male,Coat,Clothing,30,Virginia,M,Yellow,Spring,3.48,Yes,2-Day Shipping,No,No,14,Cash,Monthly
660,34,Female,Skirt,Clothing,44,Virginia,L,Green,Winter,3.98,Yes,Store Pickup,No,No,2,PayPal,Quarterly
661,19,Male,Sweater,Clothing,54,Ohio,M,Green,Winter,3.72,No,Store Pickup,No,No,48,Debit Card,Quarterly
662,30,Female,Jeans,Clothing,54,California,L,Gray,Summer,3.71,No,Next Day Air,Yes,Yes,22,PayPal,Every 3 Months
663,48,Male,Skirt,Clothing,41,Georgia,XL,Pink,Summer,3.92,No,Store Pickup,No,No,47,PayPal,Every 3 Months
664,46,Male,Blouse,Clothing,56,Colorado,M,Red,Fall,4.09,Yes,2-Day Shipping,No,No,6,Cash,Weekly
665,67,Male,Blouse,Clothing,74,Arizona,S,Pink,Summer,4.22,No,Express,No,No,9,PayPal,Quarterly
666,45,Female,Hoodie,Clothing,94,Virginia,S,Green,Spring,4.99,No,Store Pickup,No,No,12,Venmo,Annually
667,44,Male,Jeans,Clothing,91,Montana,XL,Gray,Winter,4.32,No,Next Day Air,No,No,42,Debit Card,Weekly
668,32,Female,Dress,Clothing,83,Alabama,XL,Red,Fall,2.91,No,Next Day Air,No,No,39,Debit Card,Quarterly
669,48,Male,Sneakers,Footwear,39,Colorado,M,Beige,Summer,3.15,No,Standard,Yes,Yes,5,Debit Card,Weekly
670,57,Female,Skirt,Clothing,23,Alabama,L,Brown,Winter,3.64,Yes,2-Day Shipping,Yes,Yes,40,PayPal,Annually
671,32,Male,Jeans,Clothing,37,Colorado,M,White,Spring,3.34,No,Express,Yes,Yes,44,Venmo,Annually
672,50,Female,Blouse,Clothing,70,Colorado,L,Red,Winter,4.03,Yes,Express,Yes,Yes,1,Bank Transfer,Quarterly
673,37,Male,Blouse,Clothing,87,Illinois,M,Beige,Spring,4.1,No,Standard,Yes,Yes,10,Bank Transfer,Monthly
674,59,Male,Coat,Clothing,39,Georgia,S,Beige,Winter,3.51,Yes,Express,No,No,11,Debit Card,Every 3 Months
675,29,Male,T-shirt,Clothing,28,Alabama,S,Brown,Fall,4.51,No,Next Day Air,No,No,27,Credit Card,Monthly
676,54,Female,Dress,Clothing,99,Michigan,L,Blue,Fall,4.67,No,Free Shipping,No,No,23,Bank Transfer,Annually
677,26,Male,Skirt,Clothing,45,Montana,M,Black,Summer,2.71,No,Next Day Air,Yes,Yes,20,Bank Transfer,Weekly
678,40,Male,Hoodie,Clothing,44,Georgia,XL,Brown,Summer,2.94,Yes,Store Pickup,No,No,5,Cash,Annually
679,25,Male,Hoodie,Clothing,87,Georgia,L,Black,Winter,4.46,No,Free Shipping,No,No,13,Credit Card,Monthly
680,49,Male,Skirt,Clothing,60,Arizona,S,Blue,Winter,4.32,Yes,Express,Yes,Yes,50,Credit Card,Weekly
681,65,Female,Pants,Clothing,78,Texas,L,Blue,Summer,4.1,No,2-Day Shipping,No,No,10,Debit Card,Every 3 Months
682,31,Male,Boots,Footwear,64,Florida,M,Brown,Summer,3.81,No,Free Shipping,Yes,Yes,49,Credit Card,Annually
683,44,Male,Sweater,Clothing,60,Colorado,XL,Black,Winter,3.74,No,Next Day Air,Yes,Yes,36,Credit Card,Weekly
684,42,Female,Hoodie,Clothing,57,California,XL,Pink,Winter,4.12,Yes,Next Day Air,No,No,41,Bank Transfer,Every 3 Months
685,30,Female,Jeans,Clothing,38,Colorado,L,White,Winter,3.91,Yes,Store Pickup,Yes,Yes,50,Venmo,Fortnightly
686,38,Female,Sweater,Clothing,33,Colorado,M,Pink,Fall,4.58,No,Next Day Air,No,No,16,Cash,Monthly
687,62,Male,Jeans,Clothing,40,Texas,M,Black,Spring,3.39,Yes,Store Pickup,No,No,7,PayPal,Fortnightly
688,48,Female,Shorts,Clothing,34,Arizona,XL,Yellow,Spring,3.81,Yes,Next Day Air,No,No,32,Debit Card,Annually
689,54,Female,Blouse,Clothing,22,New York,S,Yellow,Summer,4.33,No,Standard,Yes,Yes,25,Bank Transfer,Every 3 Months
690,65,Female,T-shirt,Clothing,56,Colorado,M,Beige,Fall,3.9,No,Express,Yes,Yes,44,Bank Transfer,Every 3 Months
691,60,Male,Coat,Clothing,65,Florida,XL,Yellow,Winter,4.2,Yes,2-Day Shipping,Yes,Yes,26,Debit Card,Fortnightly
692,22,Male,Hoodie,Clothing,35,Virginia,XL,Yellow,Winter,4.2,No,Store Pickup,No,No,36,Credit Card,Annually
693,30,Male,T-shirt,Clothing,33,Georgia,M,White,Summer,3.55,No,Standard,No,No,28,PayPal,Every 3 Months
694,45,Female,T-shirt,Clothing,28,Virginia,M,Blue,Summer,3.19,Yes,Express,Yes,Yes,44,Bank Transfer,Quarterly
695,60,Male,T-shirt,Clothing,26,Colorado,L,Beige,Fall,3.35,No,Store Pickup,No,No,12,PayPal,Weekly
696,42,Female,Boots,Footwear,33,Illinois,S,Blue,Spring,3.15,No,Free Shipping,No,No,26,PayPal,Bi-Weekly
697,68,Female,Sweater,Clothing,25,Virginia,L,Black,Spring,2.69,No,Standard,Yes,Yes,4,Debit Card,Fortnightly
698,52,Female,Jeans,Clothing,34,Oregon,L,Brown,Winter,4.46,Yes,Store Pickup,No,No,44,Debit Card,Quarterly
699,64,Male,Jacket,Clothing,71,New York,XL,Beige,Summer,2.67,No,Standard,No,No,23,Bank Transfer,Monthly
700,56,Female,Shorts,Clothing,91,Montana,XL,Red,Fall,4.92,No,Standard,Yes,Yes,40,Bank Transfer,Bi-Weekly
701,24,Female,Sandals,Footwear,53,Georgia,S,Beige,Winter,3.48,No,Standard,Yes,Yes,24,Bank Transfer,Every 3 Months
702,55,Male,T-shirt,Clothing,20,Arizona,L,Green,Spring,3.63,Yes,Free Shipping,No,No,31,Venmo,Weekly
703,49,Female,Sneakers,Footwear,88,Florida,L,Blue,Spring,2.89,Yes,Next Day Air,No,No,30,Debit Card,Quarterly
704,20,Female,Sweater,Clothing,39,Georgia,XL,Black,Fall,4.03,No,Standard,No,No,3,Debit Card,Bi-Weekly
705,62,Female,Hoodie,Clothing,99,Georgia,XL,Yellow,Winter,3.64,No,Express,No,No,16,Venmo,Weekly
706,56,Male,Dress,Clothing,26,Illinois,M,Green,Fall,3.84,No,Next Day Air,Yes,Yes,34,Debit Card,Weekly
707,54,Female,Hoodie,Clothing,26,California,L,Gray,Winter,3.33,No,Free Shipping,Yes,Yes,38,Credit Card,Bi-Weekly
708,67,Male,Coat,Clothing,69,Georgia,S,Red,Spring,4.09,No,2-Day Shipping,No,No,28,Credit Card,Quarterly
709,39,Male,Sandals,Footwear,21,California,L,Pink,Summer,3.31,No,Free Shipping,Yes,Yes,49,Venmo,Every 3 Months
710,25,Female,Jacket,Clothing,66,Ohio,XL,Blue,Summer,3.85,Yes,2-Day Shipping,Yes,Yes,44,Bank Transfer,Bi-Weekly
711,34,Female,Sneakers,Footwear,33,Montana,M,Pink,Spring,4.08,No,Express,No,No,41,Venmo,Fortnightly
712,69,Female,Hoodie,Clothing,50,Alabama,L,Black,Summer,4.67,No,2-Day Shipping,No,No,48,Credit Card,Weekly
713,44,Female,Jacket,Clothing,69,Oregon,S,Pink,Summer,4.28,No,Store Pickup,No,No,7,PayPal,Monthly
714,50,Male,Sandals,Footwear,80,Arizona,XL,Black,Winter,3.85,No,Standard,No,No,8,Debit Card,Every 3 Months
715,63,Male,T-shirt,Clothing,60,Illinois,M,Black,Fall,3.8,No,Next Day Air,Yes,Yes,7,Cash,Annually
716,34,Female,Sneakers,Footwear,33,Illinois,L,White,Winter,3.99,No,Store Pickup,No,No,37,Cash,Annually
717,59,Male,Jacket,Clothing,24,Alabama,S,White,Fall,4.26,No,Next Day Air,Yes,Yes,7,Venmo,Bi-Weekly
718,29,Female,Coat,Clothing,94,Virginia,XL,Red,Fall,3.35,No,Standard,No,No,50,Cash,Bi-Weekly
719,65,Female,Jeans,Clothing,24,Colorado,S,Black,Summer,4.34,No,Next Day Air,No,No,18,PayPal,Weekly
720,63,Female,Blouse,Clothing,83,Alabama,L,Red,Fall,3.24,Yes,Free Shipping,No,No,48,Cash,Weekly
721,44,Female,Jeans,Clothing,48,Virginia,XL,White,Fall,4.07,No,Standard,No,No,39,Credit Card,Bi-Weekly
722,65,Male,Sandals,Footwear,94,Virginia,L,Red,Spring,4.12,Yes,Standard,No,No,21,Venmo,Annually
723,25,Male,Sweater,Clothing,24,Virginia,M,Red,Fall,3.4,No,Next Day Air,Yes,Yes,34,Bank Transfer,Monthly
724,40,Female,Blouse,Clothing,55,Virginia,L,Brown,Spring,2.87,No,Store Pickup,No,No,49,Cash,Weekly
725,59,Female,Shorts,Clothing,98,New York,M,Brown,Winter,3.64,No,2-Day Shipping,No,No,27,Debit Card,Weekly
726,66,Male,Coat,Clothing,38,Florida,L,Black,Summer,2.22,No,Express,Yes,Yes,8,Venmo,Fortnightly
727,46,Male,Shorts,Clothing,83,New York,S,Green,Fall,3.69,No,2-Day Shipping,No,No,34,PayPal,Quarterly
728,67,Male,Boots,Footwear,41,Oregon,S,Pink,Spring,3.05,No,Free Shipping,No,No,18,Credit Card,Fortnightly
729,37,Female,Sneakers,Footwear,53,Virginia,XL,Red,Winter,5.0,Yes,Standard,Yes,Yes,41,Cash,Monthly
730,33,Male,Skirt,Clothing,75,Idaho,S,Green,Winter,4.44,No,Standard,No,No,12,Credit Card,Annually
731,34,Female,Blouse,Clothing,36,Virginia,S,White,Winter,3.84,Yes,Free Shipping,No,No,22,PayPal,Quarterly
732,33,Female,Shorts,Clothing,95,Idaho,M,Blue,Spring,4.6,Yes,Express,No,No,40,Bank Transfer,Annually
733,36,Male,Hoodie,Clothing,75,Montana,S,Pink,Spring,4.22,Yes,Standard,No,No,22,Cash,Bi-Weekly
734,25,Female,Shorts,Clothing,36,Virginia,M,Yellow,Summer,3.1,Yes,2-Day Shipping,No,No,8,Bank Transfer,Annually
735,55,Male,Jacket,Clothing,93,Ohio,M,Pink,Fall,3.42,No,Free Shipping,No,No,42,Bank Transfer,Monthly
736,55,Female,Jeans,Clothing,37,Oregon,M,Red,Winter,4.42,No,Standard,No,No,28,Venmo,Monthly
737,70,Female,Jacket,Clothing,64,Arizona,L,Black,Summer,3.22,Yes,2-Day Shipping,Yes,Yes,50,Bank Transfer,Fortnightly
738,46,Female,Boots,Footwear,97,Illinois,M,Black,Spring,4.04,No,Free Shipping,No,No,47,Venmo,Quarterly
739,58,Female,Blouse,Clothing,75,Georgia,L,Red,Summer,4.2,Yes,Free Shipping,No,No,32,Bank Transfer,Monthly
740,53,Female,Blouse,Clothing,99,Colorado,M,Red,Winter,3.64,No,Free Shipping,Yes,Yes,11,Debit Card,Quarterly
741,43,Female,Boots,Footwear,69,Colorado,L,Gray,Winter,3.89,No,Express,No,No,21,PayPal,Annually
742,48,Male,Sandals,Footwear,77,Virginia,XL,Pink,Summer,4.3,Yes,Free Shipping,No,No,26,Cash,Every 3 Months
743,61,Male,Jacket,Clothing,37,Florida,XL,Brown,Winter,4.27,No,Store Pickup,Yes,Yes,14,Credit Card,Annually
744,29,Female,Shirt,Clothing,99,California,L,Brown,Spring,4.07,No,Next Day Air,No,No,15,Credit Card,Bi-Weekly
745,34,Male,Hoodie,Clothing,100,Georgia,XL,Yellow,Winter,3.79,No,Next Day Air,No,No,14,Cash,Quarterly
746,32,Female,Dress,Clothing,26,California,S,Green,Fall,4.15,No,Free Shipping,No,No,12,PayPal,Fortnightly
747,26,Male,Jeans,Clothing,95,Texas,M,Yellow,Fall,2.59,No,Standard,Yes,Yes,36,PayPal,Annually
748,56,Male,Blouse,Clothing,29,Oregon,L,Blue,Winter,4.69,No,Next Day Air,Yes,Yes,3,Bank Transfer,Fortnightly
749,59,Female,Sandals,Footwear,88,Colorado,XL,Blue,Summer,3.72,Yes,2-Day Shipping,Yes,Yes,44,Credit Card,Monthly
750,65,Male,Skirt,Clothing,22,Alabama,XL,Gray,Winter,3.36,Yes,2-Day Shipping,No,No,7,Cash,Quarterly
751,29,Female,Hoodie,Clothing,63,Oregon,S,Black,Fall,4.16,No,Standard,Yes,Yes,39,Bank Transfer,Annually
752,49,Male,Jacket,Clothing,89,Montana,M,Pink,Spring,4.14,Yes,2-Day Shipping,No,No,46,Cash,Fortnightly
753,42,Female,Jeans,Clothing,33,Texas,S,Blue,Fall,3.21,Yes,Store Pickup,Yes,Yes,1,Credit Card,Weekly
754,56,Male,Skirt,Clothing,23,Texas,L,Green,Winter,3.84,No,Standard,Yes,Yes,39,Cash,Fortnightly
755,35,Female,Jacket,Clothing,37,Ohio,XL,Pink,Winter,3.82,No,2-Day Shipping,No,No,25,Cash,Bi-Weekly
756,32,Male,Shorts,Clothing,71,Arizona,XL,Pink,Summer,3.78,No,Free Shipping,No,No,31,Bank Transfer,Weekly
757,49,Female,Skirt,Clothing,57,Illinois,XL,Brown,Winter,4.77,No,2-Day Shipping,Yes,Yes,22,Venmo,Quarterly
758,23,Male,Boots,Footwear,99,Michigan,S,Black,Winter,3.79,No,Free Shipping,Yes,Yes,10,Venmo,Every 3 Months
759,61,Female,Pants,Clothing,39,Oregon,S,Blue,Spring,3.72,Yes,2-Day Shipping,Yes,Yes,18,Debit Card,Monthly
760,60,Male,Sandals,Footwear,63,Florida,M,Brown,Spring,3.39,No,2-Day Shipping,No,No,13,Bank Transfer,Weekly
761,69,Female,Jeans,Clothing,70,Michigan,L,Beige,Spring,3.31,No,2-Day Shipping,No,No,8,Debit Card,Fortnightly
762,52,Male,T-shirt,Clothing,38,Georgia,M,White,Summer,4.04,No,Free Shipping,Yes,Yes,9,PayPal,Annually
763,51,Female,Pants,Clothing,87,California,M,Beige,Summer,3.52,Yes,2-Day Shipping,Yes,Yes,15,Venmo,Annually
764,55,Female,Sneakers,Footwear,85,California,XL,Beige,Fall,3.69,No,2-Day Shipping,Yes,Yes,8,Venmo,Monthly
765,22,Female,Sneakers,Footwear,32,California,S,White,Summer,3.92,Yes,Store Pickup,No,No,33,Venmo,Every 3 Months
766,35,Female,Jeans,Clothing,81,Idaho,L,Beige,Spring,,No,Express,No,No,35,Venmo,Every 3 Months
767,33,Male,Skirt,Clothing,80,Arizona,M,Blue,Summer,3.88,No,Free Shipping,Yes,Yes,19,PayPal,Monthly
768,25,Male,Jacket,Clothing,49,Montana,L,Pink,Winter,3.88,Yes,Store Pickup,No,No,30,Credit Card,Monthly
769,42,Male,Sandals,Footwear,49,Georgia,XL,Brown,Summer,4.17,No,Next Day Air,Yes,Yes,9,PayPal,Monthly
770,49,Female,Dress,Clothing,70,California,M,Red,Winter,5.0,No,Standard,Yes,Yes,19,Credit Card,Quarterly
771,43,Female,Sneakers,Footwear,67,Ohio,S,Gray,Fall,4.54,Yes,Express,No,No,47,Debit Card,Quarterly
772,69,Female,Sandals,Footwear,52,Colorado,M,Brown,Winter,3.58,Yes,Store Pickup,No,No,46,Venmo,Quarterly
773,39,Female,Sneakers,Footwear,93,California,XL,Green,Spring,4.53,Yes,Store Pickup,No,No,26,Bank Transfer,Annually
774,48,Female,Shorts,Clothing,38,Virginia,M,Black,Fall,3.17,No,2-Day Shipping,No,No,1,Bank Transfer,Fortnightly
775,60,Male,Jacket,Clothing,90,Michigan,XL,Blue,Fall,3.46,No,Next Day Air,Yes,Yes,3,Credit Card,Quarterly
776,27,Male,Shorts,Clothing,76,Montana,M,Brown,Fall,4.22,No,Next Day Air,No,No,34,PayPal,Monthly
777,29,Male,Hoodie,Clothing,38,Idaho,L,Blue,Spring,4.21,Yes,2-Day Shipping,Yes,Yes,25,Credit Card,Weekly
778,70,Female,Sneakers,Footwear,98,Ohio,S,Yellow,Winter,4.16,Yes,Store Pickup,No,No,30,Cash,Weekly
779,45,Female,T-shirt,Clothing,60,Texas,XL,White,Fall,3.45,No,Store Pickup,Yes,Yes,1,Debit Card,Every 3 Months
780,23,Female,T-shirt,Clothing,61,Colorado,L,Red,Spring,3.45,No,2-Day Shipping,No,No,18,Debit Card,Weekly
781,37,Female,Shorts,Clothing,71,Oregon,XL,Green,Fall,3.88,No,Express,Yes,Yes,33,Venmo,Weekly
782,22,Female,Boots,Footwear,23,Montana,M,Pink,Fall,3.65,No,Free Shipping,Yes,Yes,9,Venmo,Weekly
783,40,Female,Pants,Clothing,23,Texas,XL,Pink,Spring,4.33,No,Express,No,No,7,PayPal,Every 3 Months
784,26,Female,T-shirt,Clothing,24,Alabama,XL,Brown,Summer,3.63,Yes,Free Shipping,Yes,Yes,30,Credit Card,Bi-Weekly
785,46,Male,Sneakers,Footwear,60,New York,S,Beige,Fall,,No,Next Day Air,No,No,13,Cash,Annually
786,33,Male,Jeans,Clothing,80,California,L,White,Summer,2.82,No,Standard,Yes,Yes,17,Debit Card,Weekly
787,63,Female,Shorts,Clothing,94,Montana,M,Beige,Fall,4.33,Yes,2-Day Shipping,Yes,Yes,13,Credit Card,Weekly
788,39,Female,Hoodie,Clothing,74,New York,S,Beige,Summer,3.99,No,Express,Yes,Yes,13,Cash,Weekly
789,25,Female,Dress,Clothing,94,Florida,XL,Green,Winter,2.43,No,Next Day Air,Yes,Yes,42,Bank Transfer,Annually
790,37,Male,Dress,Clothing,32,Ohio,S,Blue,Summer,4.07,No,Express,No,No,38,Credit Card,Every 3 Months
791,68,Male,Sweater,Clothing,33,Arizona,XL,Brown,Summer,3.56,No,Store Pickup,Yes,Yes,37,Venmo,Fortnightly
792,31,Female,Pants,Clothing,79,Colorado,M,Pink,Summer,4.27,No,Free Shipping,No,No,10,Bank Transfer,Bi-Weekly
793,56,Male,Skirt,Clothing,91,Alabama,XL,Black,Summer,3.74,No,2-Day Shipping,No,No,14,Bank Transfer,Annually
794,54,Male,Jacket,Clothing,44,Florida,S,Beige,Winter,3.32,No,Store Pickup,No,No,43,Debit Card,Weekly
795,67,Male,T-shirt,Clothing,63,Florida,S,Yellow,Spring,4.84,No,Free Shipping,No,No,5,Cash,Every 3 Months
796,51,Female,T-shirt,Clothing,29,Virginia,XL,Green,Summer,4.74,Yes,Store Pickup,No,No,36,Venmo,Every 3 Months
797,28,Male,Skirt,Clothing,90,Alabama,L,Gray,Spring,3.69,No,Free Shipping,No,No,35,Bank Transfer,Quarterly
798,57,Male,Blouse,Clothing,69,Michigan,S,Brown,Fall,4.02,Yes,Free Shipping,Yes,Yes,46,PayPal,Annually
799,50,Female,Hoodie,Clothing,63,Texas,L,Yellow,Spring,3.52,No,Store Pickup,Yes,Yes,45,PayPal,Annually
800,48,Female,Shirt,Clothing,33,Oregon,L,Beige,Summer,2.78,Yes,Next Day Air,No,No,23,Venmo,Fortnightly
801,61,Male,Shorts,Clothing,34,Oregon,L,Blue,Spring,4.59,Yes,2-Day Shipping,No,No,5,Cash,Every 3 Months
802,51,Female,Boots,Footwear,35,Montana,L,Green,Winter,3.32,Yes,Standard,No,No,44,Cash,Every 3 Months
803,67,Male,Hoodie,Clothing,21,Illinois,S,Red,Winter,4.56,No,Express,Yes,Yes,28,Debit Card,Bi-Weekly
804,24,Male,Coat,Clothing,49,California,S,Black,Summer,4.22,No,Free Shipping,No,No,23,Venmo,Quarterly
805,66,Female,T-shirt,Clothing,49,Ohio,L,Green,Spring,3.97,Yes,2-Day Shipping,No,No,42,PayPal,Quarterly
806,40,Female,Jacket,Clothing,50,Idaho,S,Yellow,Fall,3.78,Yes,Express,No,No,34,Venmo,Fortnightly
807,63,Male,Sweater,Clothing,96,Michigan,L,Pink,Winter,4.22,No,2-Day Shipping,Yes,Yes,31,Credit Card,Every 3 Months
808,24,Female,Dress,Clothing,39,Montana,L,Black,Summer,3.24,Yes,Store Pickup,No,No,7,Cash,Quarterly
809,42,Female,T-shirt,Clothing,68,Georgia,L,Red,Winter,4.6,No,Express,Yes,Yes,7,Bank Transfer,Monthly
810,20,Male,Sweater,Clothing,54,Georgia,XL,Gray,Summer,3.89,Yes,2-Day Shipping,Yes,Yes,4,Credit Card,Fortnightly
811,55,Male,Sneakers,Footwear,42,California,M,Brown,Spring,4.7,No,Standard,No,No,44,PayPal,Fortnightly
812,37,Male,Hoodie,Clothing,80,Oregon,S,Beige,Spring,3.73,Yes,2-Day Shipping,Yes,Yes,32,Cash,Monthly
813,51,Male,Sneakers,Footwear,74,Montana,S,White,Spring,3.89,No,2-Day Shipping,Yes,Yes,28,PayPal,Fortnightly
814,66,Male,Shirt,Clothing,86,Florida,L,Blue,Spring,3.96,No,Free Shipping,Yes,Yes,4,PayPal,Quarterly
815,61,Male,Jeans,Clothing,27,Illinois,XL,Yellow,Spring,4.15,Yes,Free Shipping,No,No,39,PayPal,Quarterly
816,61,Female,Coat,Clothing,59,Idaho,XL,Green,Summer,4.89,No,Free Shipping,No,No,45,Debit Card,Annually
817,47,Female,Hoodie,Clothing,78,Montana,S,Pink,Winter,3.54,No,Store Pickup,Yes,Yes,8,PayPal,Quarterly
818,34,Male,Blouse,Clothing,51,California,L,Blue,Fall,3.72,Yes,2-Day Shipping,No,No,14,PayPal,Monthly
819,27,Female,Shirt,Clothing,26,Idaho,S,Pink,Winter,3.79,No,Standard,No,No,30,Credit Card,Annually
820,52,Female,Sandals,Footwear,21,Idaho,L,Green,Spring,2.41,No,Express,Yes,Yes,3,Credit Card,Quarterly
821,37,Male,Blouse,Clothing,25,Arizona,L,Yellow,Winter,3.47,No,Free Shipping,No,No,2,Credit Card,Monthly
822,35,Female,Pants,Clothing,55,Ohio,M,Gray,Winter,3.51,Yes,Next Day Air,No,No,10,Cash,Monthly
823,62,Female,Shorts,Clothing,51,Florida,L,Gray,Summer,5.0,No,2-Day Shipping,No,No,6,Debit Card,Monthly
824,61,Male,Jacket,Clothing,64,Arizona,M,Red,Fall,3.96,Yes,Standard,Yes,Yes,7,Cash,Annually
825,44,Female,Hoodie,Clothing,61,California,S,Beige,Fall,4.1,No,Standard,No,No,16,Debit Card,Fortnightly
826,66,Female,Sandals,Footwear,72,California,S,Brown,Spring,2.92,No,Free Shipping,No,No,6,Debit Card,Bi-Weekly
827,53,Male,Sandals,Footwear,28,Virginia,XL,White,Summer,3.76,No,Store Pickup,Yes,Yes,16,Venmo,Every 3 Months
828,40,Female,Shirt,Clothing,94,Texas,M,Brown,Summer,4.36,No,Free Shipping,Yes,Yes,27,Bank Transfer,Monthly
829,49,Female,Skirt,Clothing,94,Montana,S,Red,Summer,5.0,Yes,Store Pickup,Yes,Yes,12,Venmo,Quarterly
830,27,Female,Pants,Clothing,68,Montana,M,Gray,Summer,3.39,No,Next Day Air,Yes,Yes,22,Venmo,Monthly
831,28,Male,Jeans,Clothing,21,Texas,S,Pink,Summer,2.71,Yes,Next Day Air,No,No,15,Debit Card,Every 3 Months
832,55,Male,Hoodie,Clothing,86,New York,M,Red,Fall,3.33,No,Free Shipping,Yes,Yes,22,Debit Card,Weekly
833,23,Female,Skirt,Clothing,30,Alabama,M,Beige,Fall,3.34,No,Express,Yes,Yes,35,Cash,Fortnightly
834,58,Female,Shirt,Clothing,69,Georgia,L,Yellow,Winter,3.34,No,Free Shipping,No,No,48,Debit Card,Quarterly
835,64,Male,Shorts,Clothing,54,Montana,S,Beige,Fall,4.34,Yes,Free Shipping,Yes,Yes,50,PayPal,Fortnightly
836,51,Male,Dress,Clothing,34,Alabama,XL,Black,Summer,4.01,No,Standard,No,No,15,PayPal,Fortnightly
837,53,Female,T-shirt,Clothing,94,Georgia,L,Beige,Winter,3.12,No,Free Shipping,Yes,Yes,23,Debit Card,Weekly
838,54,Male,T-shirt,Clothing,50,Montana,XL,Yellow,Fall,4.65,No,Free Shipping,Yes,Yes,38,PayPal,Monthly
839,34,Female,Jeans,Clothing,81,Ohio,M,Blue,Winter,4.94,No,Free Shipping,Yes,Yes,49,Debit Card,Quarterly
840,57,Female,Shorts,Clothing,47,Colorado,L,Green,Fall,2.78,Yes,Express,Yes,Yes,2,Venmo,Bi-Weekly
841,57,Male,Boots,Footwear,44,Michigan,M,Yellow,Spring,4.51,No,Standard,Yes,Yes,2,Debit Card,Fortnightly
842,29,Male,Jeans,Clothing,44,New York,S,Beige,Fall,3.7,No,2-Day Shipping,No,No,49,Venmo,Every 3 Months
843,38,Female,Hoodie,Clothing,94,Illinois,S,Gray,Winter,3.23,Yes,2-Day Shipping,No,No,19,Credit Card,Bi-Weekly
844,57,Female,Hoodie,Clothing,20,New York,XL,Red,Spring,2.93,Yes,2-Day Shipping,Yes,Yes,5,PayPal,Bi-Weekly
845,36,Male,Sweater,Clothing,78,California,S,Red,Summer,3.53,No,2-Day Shipping,No,No,4,Credit Card,Annually
846,20,Female,Skirt,Clothing,88,Texas,XL,Red,Winter,3.49,No,Standard,No,No,28,PayPal,Monthly
847,35,Male,Boots,Footwear,93,Colorado,M,Gray,Summer,3.89,Yes,Free Shipping,No,No,18,Bank Transfer,Bi-Weekly
848,70,Male,T-shirt,Clothing,61,Michigan,L,Pink,Summer,5.0,Yes,2-Day Shipping,Yes,Yes,40,Bank Transfer,Quarterly
849,68,Male,Sandals,Footwear,53,Oregon,S,Green,Winter,3.5,Yes,Free Shipping,Yes,Yes,41,Bank Transfer,Monthly
850,36,Male,Skirt,Clothing,85,California,M,Yellow,Summer,2.96,No,2-Day Shipping,Yes,Yes,50,Credit Card,Every 3 Months
851,64,Male,Coat,Clothing,37,Michigan,L,Beige,Winter,3.6,No,Express,No,No,31,Bank Transfer,Bi-Weekly
852,23,Female,Hoodie,Clothing,96,Illinois,M,Pink,Winter,4.43,No,Free Shipping,No,No,22,Debit Card,Monthly
853,33,Male,Pants,Clothing,24,Arizona,XL,Beige,Fall,3.65,Yes,Standard,Yes,Yes,11,Bank Transfer,Quarterly
854,25,Male,Jacket,Clothing,39,Virginia,M,Red,Spring,4.19,No,Store Pickup,Yes,Yes,48,Credit Card,Fortnightly
855,65,Male,Shorts,Clothing,85,California,XL,Beige,Summer,3.9,Yes,Express,No,No,16,PayPal,Weekly
856,35,Male,Blouse,Clothing,94,California,XL,Gray,Summer,3.84,No,Store Pickup,No,No,4,Cash,Monthly
857,69,Male,Jeans,Clothing,81,California,S,Blue,Spring,4.75,Yes,Express,No,No,21,PayPal,Every 3 Months
858,65,Male,Hoodie,Clothing,51,Idaho,XL,Beige,Spring,3.22,No,Standard,No,No,41,Cash,Weekly
859,60,Male,Skirt,Clothing,77,Alabama,XL,Pink,Spring,3.18,No,Express,Yes,Yes,45,Debit Card,Annually
860,56,Female,Boots,Footwear,69,New York,M,Yellow,Spring,3.25,No,Free Shipping,No,No,25,PayPal,Fortnightly
861,66,Female,Jacket,Clothing,57,Arizona,XL,Green,Spring,4.01,No,Next Day Air,No,No,20,Credit Card,Every 3 Months
862,66,Female,Pants,Clothing,74,Colorado,XL,Red,Fall,3.83,No,Next Day Air,Yes,Yes,8,Debit Card,Quarterly
863,29,Female,Skirt,Clothing,47,Colorado,M,Black,Winter,4.23,No,2-Day Shipping,No,No,43,PayPal,Every 3 Months
864,62,Male,Blouse,Clothing,93,Michigan,L,Yellow,Spring,3.75,No,2-Day Shipping,No,No,9,Debit Card,Fortnightly
865,27,Female,Jacket,Clothing,100,Virginia,S,Blue,Fall,3.68,Yes,Free Shipping,Yes,Yes,18,Cash,Weekly
866,24,Male,Coat,Clothing,41,New York,M,White,Spring,4.0,No,Standard,No,No,31,Debit Card,Quarterly
867,63,Female,Blouse,Clothing,62,Ohio,XL,Beige,Spring,4.82,Yes,Free Shipping,No,No,35,Credit Card,Every 3 Months
868,18,Female,Shirt,Clothing,100,Colorado,M,Beige,Summer,3.1,No,2-Day Shipping,No,No,30,PayPal,Bi-Weekly
869,66,Male,Sneakers,Footwear,55,Virginia,L,Green,Summer,3.25,Yes,Express,Yes,Yes,18,Cash,Bi-Weekly
870,53,Male,Shirt,Clothing,71,Oregon,M,Green,Summer,3.82,No,Store Pickup,Yes,Yes,19,Debit Card,Monthly
871,38,Female,T-shirt,Clothing,55,Alabama,M,Red,Summer,5.0,No,Free Shipping,No,No,41,Venmo,Bi-Weekly
872,54,Female,Skirt,Clothing,47,Georgia,M,Black,Winter,3.16,Yes,Free Shipping,Yes,Yes,24,Cash,Every 3 Months
873,69,Female,Hoodie,Clothing,97,Arizona,M,Black,Winter,3.79,No,Standard,No,No,50,Cash,Weekly
874,41,Female,Hoodie,Clothing,77,Ohio,XL,Gray,Summer,3.27,No,2-Day Shipping,No,No,22,Credit Card,Bi-Weekly
875,42,Male,Hoodie,Clothing,55,Michigan,M,Red,Summer,4.04,Yes,Free Shipping,Yes,Yes,48,Credit Card,Monthly
876,24,Female,Pants,Clothing,89,Florida,L,Red,Spring,2.56,No,Express,No,No,14,Debit Card,Quarterly
877,59,Female,Sneakers,Footwear,28,Idaho,M,Blue,Spring,3.18,No,Store Pickup,No,No,19,Venmo,Bi-Weekly
878,34,Female,Shirt,Clothing,40,California,M,Brown,Summer,4.57,Yes,Express,Yes,Yes,29,Cash,Monthly
879,46,Female,Sneakers,Footwear,83,Idaho,XL,Blue,Summer,3.81,No,Next Day Air,No,No,22,Debit Card,Bi-Weekly
880,47,Female,Dress,Clothing,95,Virginia,XL,Beige,Summer,3.35,No,2-Day Shipping,No,No,30,Bank Transfer,Annually
881,24,Male,Skirt,Clothing,80,New York,M,White,Spring,3.77,Yes,Express,No,No,15,Venmo,Bi-Weekly
882,50,Male,Sneakers,Footwear,59,Colorado,XL,Red,Summer,,No,Standard,No,No,21,Debit Card,Every 3 Months
883,24,Male,Sandals,Footwear,75,Arizona,XL,Black,Summer,4.14,No,Store Pickup,No,No,26,Cash,Weekly
884,41,Male,Jeans,Clothing,23,Ohio,M,Green,Winter,2.55,No,2-Day Shipping,No,No,36,Debit Card,Monthly
885,28,Male,Jeans,Clothing,50,Michigan,XL,White,Winter,3.18,No,Express,No,No,12,Credit Card,Monthly
886,26,Female,Sandals,Footwear,46,Illinois,S,Black,Spring,3.23,No,Free Shipping,No,No,7,Credit Card,Fortnightly
887,29,Male,Jacket,Clothing,77,Ohio,S,Black,Winter,4.18,No,2-Day Shipping,No,No,11,PayPal,Fortnightly
888,52,Male,Sweater,Clothing,44,Idaho,S,White,Spring,3.8,No,Express,Yes,Yes,39,Venmo,Monthly
889,21,Female,Pants,Clothing,88,Oregon,XL,Green,Fall,4.66,Yes,Free Shipping,No,No,20,Bank Transfer,Every 3 Months
890,53,Male,Jacket,Clothing,89,California,S,Brown,Summer,4.3,Yes,Next Day Air,Yes,Yes,35,Cash,Weekly
891,45,Male,Blouse,Clothing,24,Colorado,L,Gray,Spring,3.59,No,Store Pickup,Yes,Yes,4,Venmo,Bi-Weekly
892,30,Male,Boots,Footwear,27,Virginia,S,Red,Winter,3.77,Yes,2-Day Shipping,Yes,Yes,2,Credit Card,Quarterly
893,40,Male,Pants,Clothing,28,Illinois,L,Blue,Fall,4.58,No,2-Day Shipping,No,No,20,Bank Transfer,Every 3 Months
894,36,Female,Pants,Clothing,34,New York,XL,Beige,Winter,4.66,No,Express,No,No,47,Cash,Bi-Weekly
895,59,Female,Blouse,Clothing,26,Illinois,S,Blue,Spring,3.74,No,Next Day Air,No,No,20,PayPal,Quarterly
896,54,Male,Sneakers,Footwear,91,Oregon,L,Black,Fall,3.21,No,Standard,No,No,12,Credit Card,Weekly
897,56,Female,Shirt,Clothing,34,Michigan,XL,Red,Winter,2.54,Yes,Express,No,No,17,Credit Card,Fortnightly
898,41,Male,Shirt,Clothing,56,Alabama,S,Green,Fall,2.54,No,Express,No,No,18,Bank Transfer,Monthly
899,33,Female,Jeans,Clothing,58,Colorado,M,Green,Summer,4.08,No,Standard,No,No,40,Venmo,Weekly
900,50,Female,Shorts,Clothing,25,Florida,S,Green,Summer,4.07,No,Standard,Yes,Yes,24,Debit Card,Quarterly
901,29,Female,Jacket,Clothing,76,California,S,Beige,Fall,3.39,Yes,Standard,Yes,Yes,8,Venmo,Every 3 Months
902,51,Female,Dress,Clothing,100,Michigan,S,Beige,Winter,4.58,No,Store Pickup,No,No,37,Credit Card,Monthly
903,24,Female,Skirt,Clothing,38,Georgia,M,Red,Winter,3.68,No,Standard,No,No,41,Venmo,Quarterly
904,28,Female,T-shirt,Clothing,82,Virginia,L,Brown,Winter,3.45,Yes,Standard,Yes,Yes,30,Debit Card,Bi-Weekly
905,48,Female,Coat,Clothing,50,Idaho,L,Black,Summer,4.5,No,Free Shipping,Yes,Yes,20,PayPal,Bi-Weekly
906,46,Female,Shirt,Clothing,94,Arizona,M,Green,Spring,4.42,No,Free Shipping,No,No,23,Cash,Every 3 Months
907,30,Female,Skirt,Clothing,98,Michigan,S,Green,Spring,3.77,No,Standard,Yes,Yes,37,Credit Card,Bi-Weekly
908,48,Female,Coat,Clothing,29,Texas,S,Green,Fall,4.11,No,Store Pickup,No,No,10,Venmo,Monthly
909,19,Female,Skirt,Clothing,86,Illinois,S,Beige,Winter,4.19,No,Store Pickup,No,No,33,Credit Card,Fortnightly
910,56,Male,Sneakers,Footwear,81,Virginia,L,Brown,Fall,5.0,No,Next Day Air,No,No,24,Cash,Fortnightly
911,32,Female,Coat,Clothing,22,Colorado,L,Blue,Spring,3.72,No,Store Pickup,Yes,Yes,36,Venmo,Quarterly
912,28,Male,T-shirt,Clothing,37,Montana,M,Brown,Spring,3.09,Yes,Next Day Air,No,No,16,PayPal,Fortnightly
913,51,Female,Skirt,Clothing,44,Texas,XL,Beige,Winter,4.18,No,Standard,No,No,50,Cash,Fortnightly
914,56,Male,Sandals,Footwear,39,Michigan,M,Blue,Fall,3.84,No,Store Pickup,No,No,28,Debit Card,Quarterly
915,21,Male,T-shirt,Clothing,77,New York,L,White,Winter,3.87,No,Free Shipping,No,No,12,Debit Card,Quarterly
916,28,Male,Coat,Clothing,69,Montana,S,Red,Spring,3.78,No,Next Day Air,Yes,Yes,20,Credit Card,Quarterly
917,46,Female,T-shirt,Clothing,98,Virginia,S,White,Spring,2.85,Yes,Free Shipping,No,No,47,Debit Card,Monthly
918,19,Female,Skirt,Clothing,29,Montana,S,Red,Winter,3.96,No,Express,No,No,18,Venmo,Annually
919,33,Female,Sweater,Clothing,40,Montana,S,Green,Fall,3.58,No,Free Shipping,No,No,37,Debit Card,Quarterly
920,56,Female,Skirt,Clothing,48,Ohio,XL,White,Summer,3.61,No,Standard,Yes,Yes,26,PayPal,Monthly
921,30,Male,Skirt,Clothing,29,Texas,M,Beige,Winter,3.56,Yes,Store Pickup,No,No,46,Bank Transfer,Monthly
922,54,Female,Sneakers,Footwear,32,Georgia,M,Black,Spring,3.78,No,Store Pickup,No,No,7,Venmo,Monthly
923,34,Female,Jacket,Clothing,66,New York,L,Blue,Summer,3.96,Yes,2-Day Shipping,Yes,Yes,43,Bank Transfer,Annually
924,38,Female,Sandals,Footwear,42,Idaho,M,Pink,Winter,3.78,No,Standard,Yes,Yes,47,Credit Card,Quarterly
925,61,Female,Dress,Clothing,69,Florida,XL,Yellow,Summer,4.49,No,Express,No,No,21,Credit Card,Fortnightly
926,36,Female,Shirt,Clothing,23,New York,XL,Black,Winter,4.25,No,Store Pickup,Yes,Yes,43,Debit Card,Every 3 Months
927,24,Female,Pants,Clothing,86,Idaho,XL,White,Spring,3.76,Yes,Free Shipping,Yes,Yes,32,Debit Card,Every 3 Months
928,55,Female,Blouse,Clothing,72,Michigan,S,Blue,Winter,3.18,Yes,Next Day Air,Yes,Yes,7,Credit Card,Annually
929,25,Female,Jacket,Clothing,21,Michigan,L,White,Summer,4.15,No,Standard,No,No,23,Venmo,Fortnightly
930,30,Male,Blouse,Clothing,87,Idaho,XL,White,Fall,3.61,No,Store Pickup,No,No,20,Cash,Annually
931,54,Male,Sneakers,Footwear,84,Colorado,M,Gray,Spring,3.7,No,Next Day Air,No,No,20,Credit Card,Quarterly
932,19,Female,Sandals,Footwear,98,Montana,M,Pink,Spring,3.01,No,Free Shipping,Yes,Yes,32,PayPal,Fortnightly
933,58,Female,Hoodie,Clothing,76,California,M,Gray,Summer,4.05,No,Store Pickup,No,No,26,Venmo,Annually
934,28,Female,Skirt,Clothing,89,Texas,XL,Gray,Winter,5.0,Yes,Express,No,No,36,Cash,Quarterly
935,41,Female,Hoodie,Clothing,26,Idaho,XL,Brown,Winter,3.5,No,Standard,No,No,24,Cash,Annually
936,23,Male,Hoodie,Clothing,38,Texas,M,Beige,Winter,4.17,No,Next Day Air,No,No,1,Venmo,Monthly
937,43,Male,Boots,Footwear,63,Alabama,XL,Beige,Spring,4.55,No,Store Pickup,Yes,Yes,28,Credit Card,Bi-Weekly
938,24,Female,Jeans,Clothing,82,Ohio,M,Gray,Spring,3.49,No,Standard,No,No,26,Cash,Weekly
939,56,Male,Hoodie,Clothing,84,Florida,S,Green,Summer,2.34,No,Store Pickup,Yes,Yes,34,PayPal,Annually
940,36,Male,Shirt,Clothing,58,Alabama,XL,Brown,Winter,4.22,Yes,Standard,No,No,26,Bank Transfer,Every 3 Months
941,23,Female,Sweater,Clothing,45,Idaho,S,White,Winter,3.85,No,Next Day Air,Yes,Yes,36,Venmo,Annually
942,60,Female,Jeans,Clothing,63,New York,S,Pink,Summer,3.99,Yes,Express,Yes,Yes,5,Debit Card,Quarterly
943,46,Female,Sneakers,Footwear,31,Colorado,XL,Gray,Spring,3.83,No,Standard,Yes,Yes,2,Bank Transfer,Monthly
944,60,Male,Pants,Clothing,41,Texas,M,Pink,Spring,4.5,No,Express,No,No,32,Credit Card,Bi-Weekly
945,56,Male,Jacket,Clothing,96,Alabama,L,Red,Fall,3.74,No,Express,Yes,Yes,34,Venmo,Monthly
946,19,Female,Sweater,Clothing,33,Texas,S,Brown,Fall,5.0,No,Free Shipping,No,No,50,PayPal,Weekly
947,36,Female,T-shirt,Clothing,49,Georgia,XL,Pink,Winter,4.22,Yes,Store Pickup,Yes,Yes,30,Bank Transfer,Every 3 Months
948,21,Male,Coat,Clothing,63,Ohio,S,White,Spring,4.41,No,Next Day Air,Yes,Yes,24,Bank Transfer,Fortnightly
949,23,Male,Boots,Footwear,57,New York,M,Red,Winter,3.8,Yes,Free Shipping,No,No,28,Cash,Fortnightly
950,66,Female,Sweater,Clothing,78,Alabama,XL,Green,Spring,3.99,Yes,2-Day Shipping,Yes,Yes,46,Credit Card,Monthly
951,54,Male,Dress,Clothing,61,Texas,L,White,Fall,2.79,Yes,Store Pickup,No,No,3,Credit Card,Weekly
952,45,Female,Hoodie,Clothing,71,Georgia,XL,Yellow,Summer,3.45,Yes,Free Shipping,No,No,50,Venmo,Monthly
953,47,Female,Sneakers,Footwear,82,New York,S,Beige,Spring,4.45,No,Standard,Yes,Yes,10,Venmo,Fortnightly
954,24,Male,Shorts,Clothing,80,Montana,XL,Black,Fall,3.76,No,Standard,Yes,Yes,6,PayPal,Monthly
955,26,Male,Coat,Clothing,53,Illinois,XL,Blue,Fall,3.13,No,Standard,Yes,Yes,34,Debit Card,Bi-Weekly
956,42,Male,Blouse,Clothing,58,Montana,S,Black,Spring,3.39,No,2-Day Shipping,No,No,31,Venmo,Weekly
957,50,Female,Shirt,Clothing,60,Florida,L,Green,Winter,3.38,Yes,Express,No,No,43,Bank Transfer,Fortnightly
958,18,Female,Blouse,Clothing,56,Idaho,M,Beige,Spring,3.78,Yes,Standard,No,No,50,Venmo,Every 3 Months
959,68,Female,Sweater,Clothing,84,California,XL,Pink,Fall,3.3,No,Store Pickup,No,No,46,Venmo,Every 3 Months
960,23,Female,Pants,Clothing,98,Virginia,L,Brown,Spring,4.65,No,Store Pickup,Yes,Yes,13,PayPal,Monthly
961,35,Female,Blouse,Clothing,51,Illinois,M,White,Summer,3.92,No,Free Shipping,Yes,Yes,39,Cash,Weekly
962,27,Female,Dress,Clothing,27,Georgia,S,Beige,Winter,2.96,Yes,Express,No,No,20,Debit Card,Monthly
963,45,Male,Sneakers,Footwear,37,Idaho,L,Beige,Spring,4.72,No,Free Shipping,Yes,Yes,32,PayPal,Fortnightly
964,28,Female,T-shirt,Clothing,64,Georgia,L,Gray,Fall,3.77,No,Free Shipping,Yes,Yes,10,Venmo,Weekly
965,50,Female,Pants,Clothing,52,Alabama,XL,Blue,Fall,4.1,No,Standard,Yes,Yes,26,Cash,Fortnightly
966,18,Female,Jacket,Clothing,24,Colorado,S,White,Winter,3.98,Yes,Free Shipping,No,No,19,Venmo,Bi-Weekly
967,30,Female,Shirt,Clothing,93,Oregon,XL,Beige,Spring,4.05,No,2-Day Shipping,No,No,29,PayPal,Bi-Weekly
968,54,Male,Dress,Clothing,55,Florida,S,Gray,Fall,3.59,No,Store Pickup,Yes,Yes,13,Credit Card,Every 3 Months
969,37,Female,Dress,Clothing,42,Ohio,M,Red,Winter,4.0,No,Store Pickup,No,No,34,Venmo,Quarterly
970,18,Male,Blouse,Clothing,59,Florida,XL,Green,Summer,3.71,No,Store Pickup,Yes,Yes,20,Cash,Weekly
971,69,Male,Hoodie,Clothing,24,Georgia,S,Green,Winter,4.02,No,Express,No,No,44,Debit Card,Bi-Weekly
972,20,Female,Blouse,Clothing,53,Texas,S,Brown,Spring,3.69,No,Standard,Yes,Yes,40,Credit Card,Quarterly
973,35,Female,Sweater,Clothing,43,Florida,L,Brown,Spring,3.63,No,Standard,Yes,Yes,18,Venmo,Every 3 Months
974,58,Male,Jacket,Clothing,36,Oregon,XL,Beige,Fall,2.92,No,Free Shipping,No,No,34,Venmo,Weekly
975,31,Male,Jeans,Clothing,90,Oregon,XL,Beige,Summer,3.8,No,Free Shipping,No,No,48,Cash,Fortnightly
976,48,Female,Pants,Clothing,100,Alabama,M,White,Spring,3.93,No,Next Day Air,Yes,Yes,8,Credit Card,Monthly
977,44,Male,Blouse,Clothing,41,Ohio,S,Blue,Fall,4.91,No,Next Day Air,Yes,Yes,16,Credit Card,Monthly
978,34,Female,Sneakers,Footwear,34,Ohio,L,Beige,Winter,4.09,No,Standard,Yes,Yes,40,Credit Card,Fortnightly
979,63,Female,Shorts,Clothing,34,Georgia,S,Green,Winter,3.37,Yes,Standard,Yes,Yes,23,Venmo,Bi-Weekly
980,46,Male,Shirt,Clothing,44,Michigan,S,Pink,Spring,3.19,No,Free Shipping,Yes,Yes,32,Credit Card,Monthly
981,53,Female,Skirt,Clothing,72,Georgia,S,Beige,Summer,3.96,Yes,2-Day Shipping,No,No,13,Venmo,Fortnightly
982,54,Female,Blouse,Clothing,40,Oregon,XL,Gray,Fall,3.35,No,2-Day Shipping,Yes,Yes,26,Venmo,Quarterly
983,43,Female,Sneakers,Footwear,85,Arizona,S,Green,Spring,3.46,Yes,Store Pickup,Yes,Yes,38,Bank Transfer,Quarterly
984,70,Male,Pants,Clothing,51,Florida,M,Beige,Fall,3.35,Yes,Free Shipping,No,No,1,Credit Card,Fortnightly
985,34,Male,Sneakers,Footwear,40,Colorado,L,Black,Winter,3.6,Yes,Next Day Air,No,No,2,PayPal,Weekly
986,39,Male,Shirt,Clothing,87,Oregon,L,Black,Fall,4.24,No,Next Day Air,No,No,39,Debit Card,Bi-Weekly
987,42,Female,Jeans,Clothing,63,Montana,S,Black,Winter,2.61,No,2-Day Shipping,Yes,Yes,13,Debit Card,Bi-Weekly
988,19,Male,Sneakers,Footwear,85,Arizona,L,Blue,Summer,,Yes,Standard,Yes,Yes,27,PayPal,Fortnightly
989,39,Male,Shorts,Clothing,33,Arizona,S,Yellow,Summer,3.68,Yes,Free Shipping,No,No,4,Credit Card,Monthly
990,22,Male,Sneakers,Footwear,34,Colorado,XL,Gray,Winter,3.42,No,Store Pickup,Yes,Yes,41,Venmo,Every 3 Months
991,21,Female,Sneakers,Footwear,39,Georgia,L,Gray,Spring,,No,Store Pickup,Yes,Yes,20,Cash,Bi-Weekly
992,53,Female,Sneakers,Footwear,53,Oregon,XL,Green,Winter,,Yes,Standard,No,No,3,PayPal,Bi-Weekly
993,23,Male,T-shirt,Clothing,55,Alabama,XL,Pink,Fall,3.17,Yes,Next Day Air,No,No,23,Debit Card,Quarterly
994,69,Male,T-shirt,Clothing,28,Illinois,M,Green,Fall,2.89,No,2-Day Shipping,No,No,2,Debit Card,Quarterly
995,38,Male,Jeans,Clothing,90,Montana,M,White,Fall,4.22,No,Standard,Yes,Yes,16,Venmo,Quarterly
996,30,Female,Blouse,Clothing,49,Georgia,L,Red,Spring,4.26,No,Next Day Air,Yes,Yes,10,Debit Card,Every 3 Months
997,54,Male,Sneakers,Footwear,96,Ohio,S,Black,Summer,3.55,No,Next Day Air,No,No,28,Debit Card,Bi-Weekly
998,42,Female,Boots,Footwear,82,Georgia,S,Pink,Summer,4.59,No,Store Pickup,Yes,Yes,44,Venmo,Bi-Weekly
999,43,Female,Jacket,Clothing,54,Florida,S,Red,Fall,3.82,No,Next Day Air,No,No,18,Credit Card,Every 3 Months
1000,56,Female,Boots,Footwear,32,Arizona,S,Red,Spring,4.6,No,Standard,No,No,2,Bank Transfer,Annually
1001,37,Male,Blouse,Clothing,98,Idaho,M,Red,Fall,3.23,Yes,Express,No,No,14,Debit Card,Bi-Weekly
1002,50,Male,Jeans,Clothing,65,Michigan,S,Blue,Summer,3.15,Yes,2-Day Shipping,Yes,Yes,44,Bank Transfer,Monthly
1003,31,Female,Hoodie,Clothing,75,Idaho,S,Beige,Winter,3.49,No,Next Day Air,Yes,Yes,20,Bank Transfer,Monthly
1004,53,Female,Hoodie,Clothing,28,Michigan,XL,Red,Fall,3.56,No,Standard,No,No,40,Credit Card,Monthly
1005,34,Female,Sandals,Footwear,55,Arizona,S,Beige,Fall,4.49,Yes,Store Pickup,No,No,23,Cash,Annually
1006,38,Female,Boots,Footwear,22,Michigan,S,Brown,Fall,3.98,No,Free Shipping,No,No,7,Credit Card,Weekly
1007,63,Male,Blouse,Clothing,38,Colorado,M,Black,Summer,3.34,No,Store Pickup,Yes,Yes,45,Venmo,Bi-Weekly
1008,33,Male,Blouse,Clothing,47,Texas,L,Red,Spring,3.81,No,2-Day Shipping,Yes,Yes,47,Venmo,Every 3 Months
1009,63,Female,Coat,Clothing,42,Florida,XL,Gray,Winter,3.54,No,Free Shipping,No,No,14,Venmo,Bi-Weekly
1010,33,Female,Sweater,Clothing,26,Alabama,XL,Beige,Winter,3.32,No,Free Shipping,No,No,37,Debit Card,Every 3 Months
1011,37,Female,Skirt,Clothing,95,Ohio,L,Gray,Winter,3.75,Yes,Store Pickup,No,No,8,PayPal,Annually
1012,46,Male,Pants,Clothing,33,Arizona,XL,Gray,Fall,3.69,No,Standard,Yes,Yes,50,Debit Card,Fortnightly
1013,45,Female,Coat,Clothing,65,Michigan,S,Yellow,Summer,3.34,No,Store Pickup,No,No,5,Credit Card,Fortnightly
1014,25,Male,Shorts,Clothing,34,Montana,S,Red,Winter,3.33,No,Express,No,No,23,Cash,Weekly
1015,41,Female,T-shirt,Clothing,86,Arizona,L,Brown,Fall,4.29,No,Standard,No,No,41,Cash,Fortnightly
1016,20,Male,T-shirt,Clothing,34,New York,M,Pink,Spring,4.05,No,Standard,Yes,Yes,10,Cash,Monthly
1017,42,Male,Sweater,Clothing,70,Ohio,M,Gray,Fall,4.37,No,2-Day Shipping,Yes,Yes,49,Bank Transfer,Weekly
1018,36,Female,Shirt,Clothing,27,Illinois,XL,Black,Winter,3.63,No,Standard,No,No,27,Cash,Weekly
1019,50,Male,Shirt,Clothing,88,Virginia,M,White,Winter,3.15,No,2-Day Shipping,Yes,Yes,35,Bank Transfer,Weekly
1020,19,Male,Jeans,Clothing,81,Virginia,M,Gray,Spring,3.46,No,Next Day Air,No,No,1,PayPal,Quarterly
1021,32,Male,Dress,Clothing,70,Ohio,M,Black,Summer,4.42,No,2-Day Shipping,No,No,7,Cash,Annually
1022,39,Male,Sweater,Clothing,82,Oregon,M,Green,Spring,2.84,No,Standard,Yes,Yes,47,Bank Transfer,Fortnightly
1023,27,Female,Skirt,Clothing,87,Montana,M,Black,Spring,4.67,No,Next Day Air,No,No,8,Debit Card,Bi-Weekly
1024,35,Female,Blouse,Clothing,97,Virginia,M,Blue,Winter,3.13,Yes,Next Day Air,Yes,Yes,11,Cash,Quarterly
1025,39,Female,Shirt,Clothing,35,Georgia,M,Pink,Winter,4.27,Yes,Express,No,No,34,Venmo,Every 3 Months
1026,63,Female,Skirt,Clothing,43,New York,XL,Green,Summer,3.19,No,Store Pickup,No,No,28,Credit Card,Monthly
1027,66,Female,Sneakers,Footwear,25,Illinois,S,Yellow,Winter,3.44,No,Standard,Yes,Yes,34,Debit Card,Quarterly
1028,44,Male,Boots,Footwear,76,California,M,Black,Spring,2.57,No,Free Shipping,Yes,Yes,43,PayPal,Monthly
1029,30,Male,Boots,Footwear,50,Montana,S,Black,Spring,4.91,No,Store Pickup,No,No,20,Debit Card,Annually
1030,50,Male,Dress,Clothing,25,Idaho,L,Beige,Summer,4.14,Yes,Standard,Yes,Yes,28,Venmo,Bi-Weekly
1031,22,Male,Jacket,Clothing,98,Texas,S,Brown,Winter,4.18,No,Free Shipping,No,No,49,Cash,Bi-Weekly
1032,43,Female,Blouse,Clothing,48,Georgia,L,Pink,Winter,3.5,No,Store Pickup,No,No,42,Cash,Fortnightly
1033,30,Female,Pants,Clothing,86,Ohio,XL,Blue,Spring,3.24,No,Express,No,No,37,PayPal,Every 3 Months
1034,44,Male,Pants,Clothing,94,California,S,Gray,Spring,4.27,No,Standard,Yes,Yes,3,Credit Card,Quarterly
1035,31,Female,Shorts,Clothing,22,Colorado,L,Blue,Winter,3.08,No,Store Pickup,No,No,9,Cash,Bi-Weekly
1036,41,Male,Pants,Clothing,47,New York,S,Yellow,Fall,3.7,No,Express,No,No,22,Bank Transfer,Annually
1037,20,Male,Sneakers,Footwear,93,Michigan,XL,Red,Spring,3.05,No,Free Shipping,Yes,Yes,25,PayPal,Monthly
1038,64,Female,Sneakers,Footwear,67,Oregon,S,Red,Spring,3.87,No,2-Day Shipping,No,No,2,Cash,Bi-Weekly
1039,68,Female,Boots,Footwear,99,Georgia,L,Blue,Spring,2.65,No,Standard,No,No,23,Bank Transfer,Fortnightly
1040,66,Female,Sweater,Clothing,29,California,M,Yellow,Summer,2.91,No,Next Day Air,No,No,17,Debit Card,Monthly
1041,47,Female,Dress,Clothing,52,Alabama,M,Gray,Winter,3.28,No,Next Day Air,Yes,Yes,25,PayPal,Weekly
1042,52,Female,Jeans,Clothing,86,Florida,M,Green,Winter,4.17,No,Express,No,No,12,PayPal,Every 3 Months
1043,65,Female,Shorts,Clothing,88,Oregon,XL,Brown,Winter,3.48,No,2-Day Shipping,Yes,Yes,27,PayPal,Fortnightly
1044,31,Female,Shirt,Clothing,31,Oregon,M,Brown,Spring,4.39,No,Next Day Air,Yes,Yes,20,Cash,Annually
1045,29,Male,Skirt,Clothing,76,Michigan,XL,Blue,Winter,4.7,Yes,Next Day Air,No,No,9,PayPal,Annually
1046,45,Female,Sweater,Clothing,63,Ohio,M,Brown,Winter,3.61,No,Standard,No,No,23,Debit Card,Annually
1047,61,Male,Shirt,Clothing,32,Florida,XL,Blue,Winter,2.91,Yes,Next Day Air,Yes,Yes,36,Credit Card,Annually
1048,46,Male,Sweater,Clothing,43,Idaho,XL,Red,Summer,4.38,No,Free Shipping,Yes,Yes,28,Credit Card,Fortnightly
1049,60,Female,Sweater,Clothing,63,California,S,Black,Summer,2.88,No,Express,Yes,Yes,50,Venmo,Weekly
1050,34,Male,Sweater,Clothing,76,New York,M,Green,Spring,3.26,Yes,Store Pickup,Yes,Yes,48,Debit Card,Every 3 Months
1051,57,Female,Boots,Footwear,35,Idaho,S,Brown,Winter,2.78,Yes,Next Day Air,Yes,Yes,29,Debit Card,Annually
1052,66,Male,Pants,Clothing,40,Florida,L,White,Spring,4.38,No,Standard,Yes,Yes,42,PayPal,Bi-Weekly
1053,38,Male,Dress,Clothing,95,California,M,Red,Spring,4.14,No,Store Pickup,No,No,32,Venmo,Fortnightly
1054,40,Male,Jeans,Clothing,70,Idaho,M,Yellow,Spring,4.77,No,Free Shipping,No,No,12,Bank Transfer,Weekly
1055,37,Female,Pants,Clothing,40,Montana,M,White,Spring,3.54,No,Store Pickup,No,No,30,Bank Transfer,Every 3 Months
1056,28,Male,Sweater,Clothing,79,Virginia,M,Beige,Spring,3.31,Yes,Next Day Air,No,No,11,Debit Card,Weekly
1057,51,Male,Sandals,Footwear,70,Georgia,S,Brown,Spring,3.49,Yes,Express,Yes,Yes,37,Debit Card,Every 3 Months
1058,27,Male,Jacket,Clothing,40,Arizona,S,Blue,Summer,3.0,No,Express,No,No,20,Debit Card,Fortnightly
1059,27,Female,Shirt,Clothing,25,Oregon,XL,Brown,Fall,4.66,Yes,Express,No,No,11,Cash,Quarterly
1060,60,Male,Blouse,Clothing,92,Texas,S,Gray,Summer,5.0,No,Next Day Air,No,No,48,Debit Card,Annually
1061,23,Female,Coat,Clothing,84,Illinois,XL,Gray,Spring,3.37,No,Free Shipping,No,No,47,Bank Transfer,Fortnightly
1062,53,Male,Pants,Clothing,95,Montana,L,Pink,Fall,4.16,No,2-Day Shipping,No,No,38,Cash,Annually
1063,41,Male,Skirt,Clothing,77,Idaho,S,Green,Fall,3.71,Yes,Store Pickup,No,No,45,Bank Transfer,Every 3 Months
1064,29,Male,Boots,Footwear,97,New York,XL,Gray,Winter,4.07,No,Express,Yes,Yes,16,Debit Card,Quarterly
1065,60,Female,Shorts,Clothing,25,Alabama,M,Black,Spring,4.44,No,Free Shipping,No,No,35,Bank Transfer,Bi-Weekly
1066,40,Male,T-shirt,Clothing,84,Arizona,L,Blue,Spring,3.11,No,Standard,No,No,50,Credit Card,Weekly
1067,44,Male,Jeans,Clothing,53,Illinois,XL,Brown,Summer,3.51,No,Standard,No,No,1,Cash,Monthly
1068,62,Male,Blouse,Clothing,75,Montana,L,Green,Fall,4.52,No,Free Shipping,No,No,25,Cash,Fortnightly
1069,54,Male,Sneakers,Footwear,94,Virginia,M,Green,Fall,4.11,Yes,Standard,Yes,Yes,49,PayPal,Monthly
1070,23,Female,Hoodie,Clothing,22,Alabama,M,Beige,Spring,4.0,No,Standard,Yes,Yes,27,Debit Card,Bi-Weekly
1071,18,Male,Sandals,Footwear,61,Alabama,XL,White,Winter,4.11,No,Express,No,No,32,Venmo,Fortnightly
1072,23,Male,T-shirt,Clothing,81,Alabama,XL,Pink,Spring,4.16,No,Next Day Air,No,No,6,Venmo,Monthly
1073,67,Male,Coat,Clothing,25,Colorado,M,Brown,Fall,4.49,Yes,Next Day Air,No,No,41,Venmo,Bi-Weekly
1074,39,Male,Blouse,Clothing,25,Arizona,XL,Pink,Winter,4.25,Yes,Next Day Air,Yes,Yes,36,Venmo,Quarterly
1075,58,Female,T-shirt,Clothing,82,Georgia,M,Green,Winter,3.77,No,Next Day Air,Yes,Yes,39,Credit Card,Bi-Weekly
1076,41,Male,Blouse,Clothing,39,California,S,Gray,Fall,4.01,Yes,Free Shipping,No,No,23,Venmo,Fortnightly
1077,42,Male,Skirt,Clothing,40,Montana,XL,Red,Spring,3.76,No,Express,No,No,29,Bank Transfer,Every 3 Months
1078,32,Female,Sandals,Footwear,21,Colorado,L,Pink,Spring,3.35,No,Free Shipping,No,No,30,PayPal,Every 3 Months
1079,43,Male,Coat,Clothing,75,California,M,Black,Spring,3.77,No,Store Pickup,No,No,22,Venmo,Annually
1080,25,Male,Sneakers,Footwear,29,Oregon,S,Red,Summer,3.73,Yes,Store Pickup,No,No,11,PayPal,Annually
1081,68,Male,Sweater,Clothing,89,Ohio,XL,Blue,Summer,2.78,No,Standard,Yes,Yes,26,Cash,Every 3 Months
1082,41,Female,Shirt,Clothing,42,Arizona,M,Red,Winter,4.26,No,Express,No,No,23,Bank Transfer,Fortnightly
1083,65,Male,Sneakers,Footwear,49,Alabama,S,Black,Spring,4.37,No,2-Day Shipping,Yes,Yes,3,Debit Card,Fortnightly
1084,55,Female,Sweater,Clothing,97,Colorado,XL,White,Summer,4.13,No,Next Day Air,No,No,48,Venmo,Bi-Weekly
1085,23,Female,Hoodie,Clothing,56,Alabama,M,Brown,Winter,4.33,No,Store Pickup,No,No,6,PayPal,Fortnightly
1086,52,Female,Boots,Footwear,74,Michigan,M,Pink,Fall,3.69,No,Store Pickup,No,No,7,Bank Transfer,Annually
1087,59,Female,Dress,Clothing,68,Michigan,M,Gray,Fall,3.49,Yes,Standard,Yes,Yes,44,PayPal,Bi-Weekly
1088,18,Female,Dress,Clothing,53,Colorado,XL,White,Spring,4.37,No,Next Day Air,No,No,39,Debit Card,Every 3 Months
1089,63,Female,Dress,Clothing,63,Arizona,S,Black,Fall,3.16,No,Next Day Air,Yes,Yes,22,Cash,Annually
1090,53,Female,Jeans,Clothing,41,Virginia,M,White,Fall,3.14,Yes,Next Day Air,No,No,48,Venmo,Weekly
1091,29,Male,Pants,Clothing,50,Ohio,S,Pink,Fall,4.07,No,Store Pickup,Yes,Yes,50,PayPal,Weekly
1092,55,Male,Jacket,Clothing,26,Texas,S,White,Winter,4.05,Yes,2-Day Shipping,Yes,Yes,42,Venmo,Annually
1093,28,Female,Shorts,Clothing,40,New York,L,Blue,Fall,4.36,Yes,Standard,No,No,33,Bank Transfer,Annually
1094,29,Female,Shorts,Clothing,35,Texas,S,Beige,Fall,2.77,No,Next Day Air,Yes,Yes,40,Credit Card,Weekly
1095,59,Female,Pants,Clothing,39,California,S,Pink,Winter,3.74,No,Next Day Air,No,No,3,PayPal,Monthly
1096,67,Female,Dress,Clothing,62,Arizona,S,Brown,Summer,3.12,Yes,Express,No,No,30,Cash,Weekly
1097,56,Female,Shirt,Clothing,63,New York,S,Red,Winter,4.31,No,Next Day Air,Yes,Yes,48,Bank Transfer,Weekly
1098,24,Female,Coat,Clothing,66,Texas,S,Pink,Summer,4.6,Yes,Express,No,No,24,Debit Card,Bi-Weekly
1099,28,Male,Sandals,Footwear,38,California,XL,Black,Winter,4.1,Yes,Standard,Yes,Yes,3,PayPal,Bi-Weekly
1100,53,Male,Coat,Clothing,67,Idaho,L,White,Spring,3.47,Yes,Standard,No,No,2,Credit Card,Every 3 Months
1101,69,Female,Sandals,Footwear,98,Florida,M,Pink,Fall,3.35,Yes,Standard,Yes,Yes,44,Debit Card,Annually
1102,48,Female,Coat,Clothing,88,Georgia,L,White,Summer,3.55,Yes,Express,Yes,Yes,40,Cash,Fortnightly
1103,50,Female,Jacket,Clothing,30,New York,L,Gray,Winter,3.3,No,Store Pickup,Yes,Yes,19,Venmo,Fortnightly
1104,30,Male,Jeans,Clothing,98,Illinois,M,Yellow,Summer,3.7,No,Store Pickup,Yes,Yes,24,Venmo,Fortnightly
1105,35,Female,Jeans,Clothing,48,New York,S,Brown,Summer,3.35,No,2-Day Shipping,Yes,Yes,50,PayPal,Every 3 Months
1106,58,Male,Dress,Clothing,64,California,M,Green,Fall,2.97,No,2-Day Shipping,No,No,20,Debit Card,Bi-Weekly
1107,41,Male,Hoodie,Clothing,87,Oregon,S,Yellow,Summer,4.03,No,Store Pickup,No,No,47,Credit Card,Bi-Weekly
1108,26,Male,Sweater,Clothing,55,Georgia,M,Pink,Winter,4.07,Yes,Store Pickup,No,No,49,Credit Card,Weekly
1109,48,Female,Hoodie,Clothing,67,Alabama,XL,Black,Spring,4.82,No,Next Day Air,No,No,50,Cash,Quarterly
1110,58,Female,T-shirt,Clothing,34,Georgia,L,Beige,Spring,3.54,Yes,Standard,Yes,Yes,31,Bank Transfer,Bi-Weekly
1111,27,Male,Jeans,Clothing,63,California,S,Brown,Fall,2.67,No,Store Pickup,Yes,Yes,50,Debit Card,Every 3 Months
1112,19,Male,Jeans,Clothing,86,Georgia,L,Green,Winter,4.29,No,Free Shipping,Yes,Yes,41,Debit Card,Quarterly
1113,55,Male,Sneakers,Footwear,93,Montana,S,Gray,Winter,4.36,No,Store Pickup,Yes,Yes,31,Venmo,Bi-Weekly
1114,32,Male,Sneakers,Footwear,59,Oregon,M,Beige,Spring,4.49,No,Next Day Air,No,No,37,Cash,Every 3 Months
1115,20,Female,Sweater,Clothing,33,Virginia,M,Red,Winter,4.68,No,Store Pickup,No,No,43,Cash,Bi-Weekly
1116,60,Male,Skirt,Clothing,82,Alabama,M,White,Summer,4.69,No,2-Day Shipping,Yes,Yes,29,Bank Transfer,Monthly
1117,48,Female,T-shirt,Clothing,100,California,XL,Yellow,Fall,3.21,Yes,2-Day Shipping,Yes,Yes,4,Cash,Quarterly
1118,23,Male,Hoodie,Clothing,70,Virginia,M,Beige,Spring,4.73,Yes,Standard,No,No,10,Debit Card,Annually
1119,20,Female,Shirt,Clothing,98,Oregon,M,White,Fall,3.6,No,Express,No,No,36,Venmo,Annually
1120,28,Male,Sneakers,Footwear,77,Texas,XL,Green,Summer,4.28,Yes,Next Day Air,Yes,Yes,35,Cash,Monthly
1121,32,Female,Shirt,Clothing,34,Florida,L,Gray,Spring,3.96,Yes,Express,No,No,48,Venmo,Weekly
1122,62,Female,Blouse,Clothing,84,California,L,Green,Winter,3.22,No,2-Day Shipping,No,No,21,Bank Transfer,Monthly
1123,69,Female,Sneakers,Footwear,74,Texas,S,Gray,Winter,4.5,No,Standard,Yes,Yes,43,Cash,Monthly
1124,45,Male,Jacket,Clothing,95,Illinois,L,Gray,Summer,3.53,No,2-Day Shipping,Yes,Yes,41,Debit Card,Every 3 Months
1125,27,Female,Skirt,Clothing,29,Montana,S,Blue,Spring,4.92,No,Standard,No,No,1,Venmo,Annually
1126,55,Male,T-shirt,Clothing,61,Georgia,S,Blue,Fall,3.34,No,Store Pickup,No,No,42,PayPal,Weekly
1127,64,Female,Boots,Footwear,30,Colorado,L,Brown,Spring,3.2,No,Free Shipping,No,No,12,Bank Transfer,Quarterly
1128,67,Female,Sweater,Clothing,35,Idaho,L,Blue,Winter,3.4,Yes,Express,Yes,Yes,24,Cash,Fortnightly
1129,67,Male,Blouse,Clothing,92,Georgia,XL,Blue,Spring,4.7,No,Next Day Air,Yes,Yes,2,Debit Card,Bi-Weekly
1130,24,Female,Boots,Footwear,97,Michigan,S,White,Spring,2.86,No,Standard,No,No,47,Venmo,Every 3 Months
1131,32,Female,T-shirt,Clothing,38,Montana,L,Pink,Winter,4.35,No,Store Pickup,No,No,20,Credit Card,Quarterly
1132,35,Male,Hoodie,Clothing,50,Alabama,L,Yellow,Winter,,No,Store Pickup,Yes,Yes,16,Debit Card,Weekly
1133,35,Female,Dress,Clothing,92,Colorado,XL,Yellow,Fall,3.7,No,Free Shipping,No,No,34,Debit Card,Monthly
1134,69,Female,Jacket,Clothing,72,Oregon,L,Red,Spring,3.56,No,Store Pickup,No,No,13,Credit Card,Fortnightly
1135,58,Female,T-shirt,Clothing,27,Florida,M,Black,Winter,3.85,No,Store Pickup,No,No,18,Credit Card,Monthly
1136,41,Female,Jacket,Clothing,43,Montana,M,Gray,Summer,3.13,No,Free Shipping,No,No,29,PayPal,Bi-Weekly
1137,19,Male,Pants,Clothing,27,Virginia,S,Green,Winter,5.0,No,Express,No,No,43,PayPal,Weekly
1138,57,Female,Jacket,Clothing,67,New York,XL,White,Fall,4.2,Yes,Store Pickup,No,No,14,PayPal,Fortnightly
1139,37,Female,Shirt,Clothing,49,Idaho,L,Gray,Fall,3.07,Yes,Standard,No,No,30,Debit Card,Quarterly
1140,51,Female,Pants,Clothing,77,Alabama,S,Black,Summer,3.32,No,Next Day Air,Yes,Yes,35,Debit Card,Quarterly
1141,60,Female,Coat,Clothing,74,New York,L,Blue,Fall,3.91,No,Next Day Air,No,No,9,Debit Card,Weekly
1142,43,Female,Boots,Footwear,92,Alabama,M,Red,Spring,3.02,No,Next Day Air,Yes,Yes,37,PayPal,Weekly
1143,24,Female,Dress,Clothing,81,New York,L,Blue,Fall,2.9,No,2-Day Shipping,No,No,46,Venmo,Every 3 Months
1144,55,Female,Pants,Clothing,67,Ohio,L,Gray,Summer,3.98,No,2-Day Shipping,Yes,Yes,39,Debit Card,Monthly
1145,47,Female,Hoodie,Clothing,23,Florida,L,Red,Fall,4.4,No,Standard,Yes,Yes,12,Debit Card,Fortnightly
1146,59,Male,Blouse,Clothing,56,Texas,M,Black,Summer,4.35,Yes,Store Pickup,Yes,Yes,21,Debit Card,Bi-Weekly
1147,22,Male,T-shirt,Clothing,27,Georgia,M,Green,Fall,3.76,Yes,Store Pickup,Yes,Yes,18,PayPal,Weekly
1148,28,Male,Sandals,Footwear,20,Montana,XL,Green,Winter,3.64,No,Next Day Air,No,No,11,Cash,Fortnightly
1149,18,Male,Blouse,Clothing,89,Illinois,M,Brown,Summer,3.83,No,Free Shipping,No,No,27,PayPal,Every 3 Months
1150,51,Female,Coat,Clothing,66,New York,S,Beige,Fall,4.4,No,Store Pickup,No,No,24,Cash,Annually
1151,18,Female,Blouse,Clothing,94,Ohio,L,Beige,Spring,3.05,No,Next Day Air,Yes,Yes,41,PayPal,Weekly
1152,36,Male,Jeans,Clothing,24,Florida,M,Green,Summer,3.33,No,Standard,Yes,Yes,43,Venmo,Weekly
1153,19,Male,Hoodie,Clothing,69,Illinois,S,Beige,Summer,3.57,Yes,Next Day Air,Yes,Yes,50,Venmo,Quarterly
1154,38,Male,Sandals,Footwear,43,Michigan,M,Yellow,Fall,3.65,Yes,Express,Yes,Yes,34,Debit Card,Annually
1155,37,Female,Pants,Clothing,66,Montana,L,Pink,Winter,3.77,No,Next Day Air,No,No,20,PayPal,Fortnightly
1156,40,Female,Pants,Clothing,37,Ohio,S,Black,Winter,3.79,Yes,Store Pickup,Yes,Yes,13,Cash,Quarterly
1157,38,Male,Pants,Clothing,47,Illinois,M,Pink,Fall,4.2,No,Store Pickup,Yes,Yes,47,Cash,Every 3 Months
1158,41,Male,Coat,Clothing,96,Colorado,M,Beige,Fall,2.74,No,Free Shipping,Yes,Yes,8,Venmo,Quarterly
1159,21,Male,Shirt,Clothing,24,Idaho,S,Blue,Spring,2.84,No,Standard,Yes,Yes,37,Debit Card,Annually
1160,29,Male,Boots,Footwear,49,Arizona,XL,Brown,Fall,3.4,No,Standard,No,No,5,Cash,Every 3 Months
1161,39,Male,T-shirt,Clothing,20,Georgia,S,Beige,Summer,4.32,No,Free Shipping,No,No,7,PayPal,Annually
1162,37,Female,Skirt,Clothing,65,Alabama,S,White,Fall,3.41,No,Standard,Yes,Yes,44,Debit Card,Fortnightly
1163,35,Male,Shorts,Clothing,88,Alabama,S,Gray,Spring,3.78,Yes,Next Day Air,Yes,Yes,12,Bank Transfer,Every 3 Months
1164,18,Female,Boots,Footwear,50,California,S,Red,Fall,3.88,No,Standard,Yes,Yes,41,PayPal,Every 3 Months
1165,47,Male,Coat,Clothing,89,Michigan,M,Blue,Fall,3.99,No,Next Day Air,Yes,Yes,4,PayPal,Quarterly
1166,50,Male,Sweater,Clothing,75,Idaho,S,Gray,Summer,4.74,No,Standard,Yes,Yes,40,Venmo,Annually
1167,41,Female,Hoodie,Clothing,47,Georgia,S,Yellow,Winter,4.22,No,Store Pickup,No,No,19,PayPal,Monthly
1168,31,Male,T-shirt,Clothing,35,Arizona,L,Brown,Fall,4.4,Yes,Next Day Air,No,No,1,Credit Card,Annually
1169,53,Female,Boots,Footwear,73,California,M,White,Spring,3.72,No,Next Day Air,No,No,43,Debit Card,Bi-Weekly
1170,22,Female,Dress,Clothing,72,Colorado,L,Yellow,Fall,4.68,No,Store Pickup,Yes,Yes,13,Credit Card,Bi-Weekly
1171,28,Male,Coat,Clothing,31,Illinois,M,Yellow,Fall,3.84,No,Free Shipping,Yes,Yes,50,PayPal,Monthly
1172,41,Male,Jeans,Clothing,39,California,XL,Yellow,Summer,2.63,No,Free Shipping,No,No,42,PayPal,Weekly
1173,48,Female,Shorts,Clothing,53,New York,XL,Green,Winter,5.0,No,Store Pickup,No,No,45,Venmo,Quarterly
1174,30,Female,Jeans,Clothing,72,Idaho,M,Gray,Winter,3.83,Yes,2-Day Shipping,No,No,25,Venmo,Bi-Weekly
1175,33,Male,Pants,Clothing,83,Ohio,XL,Red,Winter,4.12,Yes,Free Shipping,Yes,Yes,44,Bank Transfer,Fortnightly
1176,41,Female,Shorts,Clothing,42,Ohio,XL,Pink,Fall,3.16,No,Next Day Air,No,No,45,Venmo,Every 3 Months
1177,30,Male,Boots,Footwear,46,Arizona,M,White,Summer,5.0,No,Next Day Air,Yes,Yes,34,Bank Transfer,Every 3 Months
1178,41,Female,Dress,Clothing,36,Colorado,S,Pink,Summer,3.32,No,Standard,No,No,35,Venmo,Weekly
1179,43,Male,Pants,Clothing,67,Montana,L,White,Fall,3.57,No,Standard,No,No,17,Bank Transfer,Bi-Weekly
1180,19,Female,Skirt,Clothing,40,Oregon,M,Black,Summer,2.88,No,2-Day Shipping,No,No,26,Cash,Annually
1181,33,Female,Hoodie,Clothing,69,Georgia,M,Green,Winter,4.02,No,Next Day Air,Yes,Yes,21,Venmo,Quarterly
1182,55,Male,Sweater,Clothing,59,Virginia,M,White,Summer,3.63,No,2-Day Shipping,No,No,12,PayPal,Bi-Weekly
1183,63,Female,T-shirt,Clothing,22,Colorado,L,Beige,Fall,2.87,No,Next Day Air,Yes,Yes,16,Bank Transfer,Quarterly
1184,18,Female,Shirt,Clothing,36,Colorado,M,Beige,Fall,3.76,No,Free Shipping,Yes,Yes,20,PayPal,Weekly
1185,66,Female,Jeans,Clothing,80,Ohio,L,Black,Spring,3.86,No,Standard,Yes,Yes,10,Bank Transfer,Annually
1186,28,Female,Jeans,Clothing,69,Idaho,L,Red,Spring,3.65,No,Store Pickup,No,No,23,Debit Card,Annually
1187,68,Female,Pants,Clothing,25,Florida,XL,Brown,Summer,2.71,No,Store Pickup,Yes,Yes,47,Bank Transfer,Annually
1188,52,Female,Jacket,Clothing,47,Alabama,S,Green,Summer,3.97,No,2-Day Shipping,Yes,Yes,30,Credit Card,Every 3 Months
1189,60,Female,Shorts,Clothing,91,Florida,XL,Yellow,Fall,3.04,Yes,Express,No,No,8,Bank Transfer,Monthly
1190,46,Male,Sneakers,Footwear,74,Colorado,M,Gray,Spring,4.33,Yes,Store Pickup,Yes,Yes,5,Bank Transfer,Every 3 Months
1191,54,Female,Skirt,Clothing,77,California,M,Blue,Spring,3.47,No,Next Day Air,No,No,12,Cash,Quarterly
1192,34,Female,T-shirt,Clothing,64,Texas,L,Green,Winter,4.36,No,Free Shipping,Yes,Yes,42,Cash,Quarterly
1193,56,Male,Shorts,Clothing,91,New York,XL,Black,Winter,3.81,No,Express,Yes,Yes,14,Debit Card,Weekly
1194,59,Female,Jacket,Clothing,38,Texas,L,Beige,Fall,3.84,No,Free Shipping,No,No,12,Debit Card,Weekly
1195,45,Female,Blouse,Clothing,48,Idaho,XL,Gray,Fall,4.57,Yes,Free Shipping,Yes,Yes,24,Venmo,Fortnightly
1196,46,Male,Shorts,Clothing,42,Texas,XL,White,Fall,3.31,Yes,Next Day Air,No,No,45,Debit Card,Every 3 Months
1197,60,Female,Shirt,Clothing,51,Colorado,XL,Red,Fall,3.14,No,Free Shipping,No,No,17,Cash,Every 3 Months
1198,20,Female,T-shirt,Clothing,29,Florida,XL,Red,Spring,4.13,No,2-Day Shipping,No,No,1,Credit Card,Weekly
1199,69,Male,Boots,Footwear,68,Virginia,XL,Brown,Fall,3.01,No,Express,No,No,42,Bank Transfer,Bi-Weekly
1200,27,Male,Skirt,Clothing,84,Montana,S,Brown,Fall,3.32,Yes,Free Shipping,Yes,Yes,37,Credit Card,Quarterly
1201,59,Female,Jacket,Clothing,48,Oregon,M,Green,Spring,2.85,No,Store Pickup,Yes,Yes,11,Cash,Annually
1202,31,Female,Blouse,Clothing,78,Oregon,XL,Blue,Winter,4.49,No,Store Pickup,No,No,42,Venmo,Monthly
1203,29,Male,Hoodie,Clothing,64,Idaho,XL,Black,Fall,3.2,Yes,Free Shipping,No,No,6,Credit Card,Weekly
1204,64,Female,Sandals,Footwear,86,Alabama,L,Gray,Winter,3.41,No,Standard,No,No,15,Bank Transfer,Annually
1205,59,Male,Jacket,Clothing,70,Michigan,M,Beige,Spring,3.03,No,Standard,No,No,41,Bank Transfer,Quarterly
1206,47,Male,Sandals,Footwear,30,Arizona,M,Black,Winter,3.57,No,2-Day Shipping,No,No,40,Credit Card,Monthly
1207,49,Male,T-shirt,Clothing,25,Idaho,M,Black,Spring,3.71,No,Store Pickup,No,No,23,Venmo,Fortnightly
1208,49,Female,Jeans,Clothing,86,Colorado,XL,Pink,Fall,4.3,Yes,Standard,Yes,Yes,23,Credit Card,Bi-Weekly
1209,59,Male,Jacket,Clothing,81,Illinois,L,Pink,Winter,3.01,Yes,Free Shipping,No,No,38,PayPal,Fortnightly
1210,49,Male,Hoodie,Clothing,24,Alabama,M,White,Fall,3.44,Yes,Store Pickup,No,No,38,Cash,Weekly
1211,43,Male,Sweater,Clothing,28,Colorado,L,Blue,Summer,4.65,No,Free Shipping,Yes,Yes,49,Credit Card,Bi-Weekly
1212,68,Female,Pants,Clothing,47,Idaho,S,White,Summer,4.42,No,Express,No,No,12,Credit Card,Fortnightly
1213,18,Female,Sandals,Footwear,96,Illinois,S,Gray,Winter,3.39,No,Store Pickup,No,No,7,Venmo,Quarterly
1214,59,Female,Pants,Clothing,57,Alabama,L,Beige,Spring,3.77,No,Standard,No,No,37,Credit Card,Weekly
1215,19,Male,Shirt,Clothing,62,California,XL,Beige,Winter,4.98,No,Next Day Air,Yes,Yes,16,Venmo,Every 3 Months
1216,34,Female,Sweater,Clothing,40,Ohio,M,Black,Spring,3.08,No,Standard,Yes,Yes,38,Cash,Fortnightly
1217,47,Female,Pants,Clothing,81,New York,S,Brown,Summer,,No,Free Shipping,No,No,40,PayPal,Bi-Weekly
1218,56,Male,Coat,Clothing,65,Ohio,S,Beige,Spring,3.48,No,Express,No,No,35,Debit Card,Bi-Weekly
1219,24,Male,Coat,Clothing,89,Florida,L,Brown,Summer,3.75,Yes,Standard,Yes,Yes,40,Cash,Every 3 Months
1220,69,Female,Blouse,Clothing,57,Michigan,XL,Brown,Winter,3.32,No,Express,Yes,Yes,29,Credit Card,Annually
1221,44,Female,Skirt,Clothing,68,Arizona,L,Gray,Fall,4.39,No,Standard,No,No,39,PayPal,Monthly
1222,26,Male,Jeans,Clothing,94,Ohio,L,Blue,Fall,3.93,No,2-Day Shipping,Yes,Yes,17,Debit Card,Bi-Weekly
1223,39,Female,T-shirt,Clothing,100,Georgia,L,Black,Fall,3.44,Yes,Free Shipping,No,No,26,Debit Card,Bi-Weekly
1224,51,Male,Jacket,Clothing,58,Idaho,L,Beige,Spring,3.48,No,Free Shipping,No,No,20,Bank Transfer,Annually
1225,63,Male,Sneakers,Footwear,90,Georgia,L,Yellow,Fall,3.35,No,Next Day Air,Yes,Yes,46,Bank Transfer,Weekly
1226,66,Female,Shirt,Clothing,49,California,XL,Blue,Spring,4.3,No,Free Shipping,No,No,25,Credit Card,Bi-Weekly
1227,18,Female,Sandals,Footwear,40,Texas,L,Pink,Fall,3.52,Yes,Next Day Air,Yes,Yes,38,Bank Transfer,Monthly
1228,26,Female,T-shirt,Clothing,20,Florida,XL,Yellow,Spring,3.08,Yes,Free Shipping,Yes,Yes,39,Debit Card,Bi-Weekly
1229,37,Female,Sweater,Clothing,51,Ohio,M,Gray,Spring,4.38,No,Standard,No,No,37,Debit Card,Monthly
1230,70,Male,Dress,Clothing,27,Montana,M,Blue,Summer,3.63,No,Standard,No,No,19,Cash,Annually
1231,36,Female,Coat,Clothing,88,Virginia,M,Gray,Summer,2.98,No,2-Day Shipping,No,No,21,Bank Transfer,Quarterly
1232,53,Female,Dress,Clothing,49,Colorado,M,Blue,Winter,4.83,No,Standard,No,No,32,Bank Transfer,Monthly
1233,57,Female,Hoodie,Clothing,27,Arizona,S,Brown,Summer,4.17,Yes,Express,Yes,Yes,28,Cash,Weekly
1234,62,Male,Shirt,Clothing,38,Texas,XL,Black,Spring,3.83,No,Standard,Yes,Yes,39,Debit Card,Fortnightly
1235,21,Female,Sneakers,Footwear,78,Colorado,M,Beige,Summer,3.67,No,Next Day Air,Yes,Yes,41,Venmo,Every 3 Months
1236,26,Female,Jacket,Clothing,74,Oregon,S,Green,Summer,3.63,No,Store Pickup,Yes,Yes,12,Credit Card,Fortnightly
1237,58,Male,Blouse,Clothing,49,New York,XL,Red,Summer,3.62,No,2-Day Shipping,Yes,Yes,47,Venmo,Quarterly
1238,39,Male,Sneakers,Footwear,98,Michigan,S,Black,Spring,3.64,No,Store Pickup,Yes,Yes,15,Venmo,Weekly
1239,35,Male,Shirt,Clothing,55,Idaho,S,Brown,Spring,3.45,No,Store Pickup,No,No,28,Debit Card,Quarterly
1240,29,Male,Sneakers,Footwear,74,California,L,Brown,Winter,3.74,No,Express,No,No,21,Credit Card,Quarterly
1241,59,Male,Shirt,Clothing,63,Alabama,S,Green,Summer,3.43,No,Express,No,No,16,Venmo,Bi-Weekly
1242,60,Female,Shirt,Clothing,46,Oregon,S,Brown,Summer,3.93,No,Free Shipping,No,No,23,Cash,Bi-Weekly
1243,56,Male,Shorts,Clothing,96,Colorado,XL,Yellow,Spring,3.79,Yes,Next Day Air,Yes,Yes,26,Cash,Weekly
1244,26,Male,Sandals,Footwear,97,Ohio,S,Brown,Winter,3.38,No,Store Pickup,Yes,Yes,15,Credit Card,Fortnightly
1245,23,Male,Boots,Footwear,73,Montana,L,Pink,Winter,3.75,No,Standard,No,No,37,Venmo,Monthly
1246,36,Male,Dress,Clothing,67,Oregon,M,Beige,Spring,4.13,No,Standard,No,No,12,PayPal,Bi-Weekly
1247,65,Male,Boots,Footwear,49,Arizona,M,Black,Summer,2.45,No,Free Shipping,Yes,Yes,4,Bank Transfer,Weekly
1248,64,Male,Boots,Footwear,58,New York,XL,Red,Winter,4.15,No,Standard,No,No,35,PayPal,Weekly
1249,24,Male,Boots,Footwear,32,Ohio,XL,Yellow,Winter,3.06,No,Express,No,No,31,Credit Card,Annually
1250,33,Male,Pants,Clothing,35,Colorado,S,Yellow,Summer,3.52,Yes,Standard,No,No,27,Bank Transfer,Fortnightly
1251,22,Female,Coat,Clothing,63,New York,XL,Red,Winter,2.1,No,Store Pickup,Yes,Yes,32,Credit Card,Weekly
1252,33,Female,Shorts,Clothing,90,Texas,S,Brown,Summer,4.14,Yes,Standard,No,No,33,PayPal,Every 3 Months
1253,18,Female,Jacket,Clothing,46,Virginia,XL,Blue,Winter,3.36,No,Express,No,No,13,Venmo,Weekly
1254,68,Male,Shorts,Clothing,64,Georgia,M,Yellow,Winter,3.5,No,Next Day Air,No,No,37,Venmo,Fortnightly
1255,54,Male,Jeans,Clothing,54,Texas,M,Yellow,Spring,3.85,Yes,Store Pickup,No,No,44,Debit Card,Bi-Weekly
1256,56,Male,Jeans,Clothing,98,Colorado,M,Black,Winter,2.62,No,Next Day Air,No,No,2,Bank Transfer,Fortnightly
1257,36,Female,Pants,Clothing,47,Florida,M,Green,Summer,3.84,No,Express,No,No,38,Credit Card,Quarterly
1258,54,Male,Coat,Clothing,26,Ohio,S,Pink,Winter,4.19,No,Express,Yes,Yes,37,Venmo,Bi-Weekly
1259,34,Male,Sneakers,Footwear,81,Virginia,S,Red,Spring,3.9,No,Store Pickup,No,No,50,PayPal,Quarterly
1260,43,Male,Sandals,Footwear,70,California,S,Brown,Winter,3.56,No,2-Day Shipping,No,No,5,Bank Transfer,Weekly
1261,39,Female,Coat,Clothing,65,Virginia,M,Gray,Fall,3.82,No,2-Day Shipping,No,No,18,PayPal,Quarterly
1262,25,Female,Pants,Clothing,39,Arizona,L,Gray,Summer,3.75,Yes,Standard,Yes,Yes,48,Cash,Fortnightly
1263,50,Male,Shirt,Clothing,57,Alabama,M,Blue,Fall,4.26,No,Store Pickup,Yes,Yes,17,Venmo,Fortnightly
1264,19,Female,Sweater,Clothing,80,Alabama,M,Yellow,Spring,4.55,Yes,Store Pickup,No,No,2,Debit Card,Annually
1265,47,Male,Sandals,Footwear,51,Oregon,L,Yellow,Fall,3.55,Yes,Standard,No,No,49,Debit Card,Monthly
1266,64,Male,Skirt,Clothing,45,Idaho,L,Green,Winter,3.94,No,2-Day Shipping,No,No,42,Bank Transfer,Annually
1267,37,Female,Dress,Clothing,77,Idaho,XL,Yellow,Summer,3.4,No,Standard,No,No,35,Credit Card,Annually
1268,35,Female,Sandals,Footwear,58,Arizona,M,Gray,Fall,4.05,No,Next Day Air,No,No,14,Cash,Every 3 Months
1269,60,Female,Pants,Clothing,39,Michigan,L,Red,Winter,4.08,No,Next Day Air,No,No,12,Bank Transfer,Annually
1270,27,Female,Shirt,Clothing,69,Ohio,XL,Blue,Fall,3.7,No,Free Shipping,No,No,33,PayPal,Weekly
1271,41,Male,Shirt,Clothing,98,Oregon,L,Green,Winter,4.11,Yes,2-Day Shipping,No,No,7,PayPal,Fortnightly
1272,21,Male,Blouse,Clothing,71,Ohio,L,Pink,Winter,3.8,No,Next Day Air,No,No,39,Credit Card,Bi-Weekly
1273,54,Female,Boots,Footwear,41,Texas,XL,Gray,Fall,3.77,Yes,Free Shipping,Yes,Yes,45,Debit Card,Annually
1274,21,Female,Coat,Clothing,72,Virginia,M,White,Spring,3.27,No,Express,No,No,9,Debit Card,Annually
1275,30,Male,Shirt,Clothing,85,Montana,XL,Black,Summer,3.9,No,Store Pickup,No,No,5,PayPal,Annually
1276,42,Male,Jeans,Clothing,62,Virginia,M,Green,Spring,3.45,No,Next Day Air,Yes,Yes,4,Credit Card,Fortnightly
1277,30,Male,Boots,Footwear,42,Idaho,L,Green,Fall,4.32,No,Free Shipping,Yes,Yes,32,Bank Transfer,Bi-Weekly
1278,35,Male,Jacket,Clothing,96,Michigan,XL,Gray,Winter,3.29,No,Standard,Yes,Yes,5,Venmo,Weekly
1279,41,Female,Sweater,Clothing,83,Montana,S,Blue,Fall,3.96,Yes,Store Pickup,Yes,Yes,44,Bank Transfer,Every 3 Months
1280,19,Female,Pants,Clothing,28,Ohio,L,Black,Winter,3.64,No,Free Shipping,Yes,Yes,8,Cash,Monthly
1281,65,Female,Dress,Clothing,26,Idaho,XL,Red,Winter,,No,Next Day Air,Yes,Yes,13,Debit Card,Monthly
1282,50,Male,Coat,Clothing,60,Alabama,L,Red,Spring,3.77,No,Standard,No,No,4,Bank Transfer,Quarterly
1283,36,Male,T-shirt,Clothing,73,New York,XL,Yellow,Spring,3.31,Yes,Standard,No,No,11,Debit Card,Fortnightly
1284,26,Female,Jeans,Clothing,84,Idaho,M,White,Fall,4.46,No,Free Shipping,Yes,Yes,15,Debit Card,Weekly
1285,45,Female,Hoodie,Clothing,21,Ohio,S,Beige,Summer,3.27,Yes,Free Shipping,Yes,Yes,46,Venmo,Quarterly
1286,52,Female,Skirt,Clothing,23,Virginia,L,Gray,Spring,4.19,Yes,Next Day Air,No,No,18,Venmo,Weekly
1287,56,Male,Sneakers,Footwear,97,Ohio,S,Blue,Winter,2.78,No,Standard,Yes,Yes,20,Bank Transfer,Weekly
1288,27,Female,Shirt,Clothing,51,New York,M,Black,Fall,3.63,No,2-Day Shipping,No,No,1,Cash,Quarterly
1289,18,Male,T-shirt,Clothing,21,Montana,XL,Blue,Fall,4.72,Yes,Free Shipping,No,No,1,Debit Card,Weekly
1290,59,Female,Shirt,Clothing,83,Arizona,S,Beige,Summer,3.63,No,2-Day Shipping,No,No,11,PayPal,Quarterly
1291,38,Female,Sandals,Footwear,33,New York,XL,Red,Fall,3.86,No,2-Day Shipping,Yes,Yes,29,Debit Card,Annually
1292,26,Female,Jeans,Clothing,39,Michigan,M,Blue,Spring,,No,Standard,No,No,29,Cash,Annually
1293,64,Male,Sandals,Footwear,68,Alabama,L,Red,Winter,3.71,No,Next Day Air,Yes,Yes,24,Bank Transfer,Every 3 Months
1294,32,Male,Blouse,Clothing,27,Georgia,M,Red,Fall,3.96,Yes,2-Day Shipping,No,No,20,Cash,Fortnightly
1295,52,Male,Sandals,Footwear,82,Virginia,S,White,Fall,4.16,Yes,Next Day Air,No,No,30,PayPal,Quarterly
1296,22,Male,Blouse,Clothing,65,Ohio,S,Red,Winter,2.97,No,Free Shipping,Yes,Yes,38,Venmo,Fortnightly
1297,58,Male,Skirt,Clothing,40,California,S,Brown,Fall,3.51,Yes,Standard,Yes,Yes,5,PayPal,Annually
1298,39,Male,Pants,Clothing,51,Alabama,XL,Red,Fall,,Yes,Express,Yes,Yes,45,Cash,Monthly
1299,58,Female,Blouse,Clothing,27,Montana,L,Black,Summer,2.84,No,Standard,No,No,10,PayPal,Quarterly
1300,40,Male,T-shirt,Clothing,35,New York,S,Black,Spring,4.62,Yes,Express,Yes,Yes,6,Debit Card,Annually
1301,24,Female,Boots,Footwear,59,Ohio,S,Black,Fall,4.25,No,Store Pickup,No,No,4,Cash,Every 3 Months
1302,40,Male,Shirt,Clothing,46,Oregon,S,Green,Spring,4.16,No,Free Shipping,Yes,Yes,4,Bank Transfer,Monthly
1303,61,Female,Sneakers,Footwear,37,Ohio,M,Gray,Summer,4.59,No,Next Day Air,No,No,7,Venmo,Quarterly
1304,42,Female,Boots,Footwear,54,New York,S,Gray,Spring,4.23,No,Free Shipping,No,No,48,Venmo,Weekly
1305,44,Male,Dress,Clothing,71,Arizona,M,Gray,Summer,3.66,Yes,Standard,No,No,33,PayPal,Monthly
1306,58,Female,Pants,Clothing,34,Georgia,S,Brown,Spring,2.82,No,Express,No,No,9,PayPal,Bi-Weekly
1307,23,Male,Sandals,Footwear,82,New York,M,Black,Spring,3.39,No,Store Pickup,Yes,Yes,26,PayPal,Bi-Weekly
1308,51,Male,Hoodie,Clothing,72,Virginia,XL,Yellow,Fall,3.41,No,Express,Yes,Yes,47,Bank Transfer,Bi-Weekly
1309,26,Male,Dress,Clothing,100,Idaho,XL,Gray,Spring,4.17,Yes,Standard,No,No,41,Debit Card,Monthly
1310,66,Male,Jeans,Clothing,85,Colorado,M,Beige,Fall,3.85,No,Standard,Yes,Yes,21,Venmo,Fortnightly
1311,50,Female,Blouse,Clothing,50,Illinois,L,Beige,Fall,2.86,No,Free Shipping,No,No,22,Cash,Quarterly
1312,68,Male,Shirt,Clothing,80,Oregon,L,Blue,Spring,4.32,Yes,2-Day Shipping,Yes,Yes,33,Cash,Weekly
1313,23,Female,Sweater,Clothing,83,Arizona,M,Green,Fall,4.6,Yes,Express,Yes,Yes,33,Venmo,Weekly
1314,54,Female,Coat,Clothing,53,Illinois,XL,Yellow,Spring,4.69,Yes,Standard,Yes,Yes,48,Bank Transfer,Annually
1315,48,Female,T-shirt,Clothing,74,Montana,M,Red,Winter,3.12,No,Free Shipping,No,No,5,PayPal,Monthly
1316,51,Male,Sneakers,Footwear,78,Texas,L,Black,Fall,3.99,No,2-Day Shipping,Yes,Yes,21,Credit Card,Bi-Weekly
1317,58,Female,Shorts,Clothing,22,Alabama,M,Brown,Winter,3.2,No,Next Day Air,No,No,27,PayPal,Every 3 Months
1318,46,Male,T-shirt,Clothing,36,Virginia,XL,Green,Winter,4.96,No,Standard,Yes,Yes,41,Bank Transfer,Annually
1319,31,Female,Skirt,Clothing,97,Colorado,L,White,Fall,3.82,No,2-Day Shipping,No,No,1,Venmo,Weekly
1320,53,Male,Sweater,Clothing,97,Florida,L,White,Summer,3.58,No,Next Day Air,Yes,Yes,16,Debit Card,Every 3 Months
1321,53,Male,Hoodie,Clothing,65,New York,S,Pink,Summer,3.47,No,Store Pickup,No,No,35,PayPal,Annually
1322,70,Male,Coat,Clothing,57,Alabama,S,Red,Winter,4.0,No,Next Day Air,No,No,36,Cash,Every 3 Months
1323,32,Male,Sweater,Clothing,54,Florida,L,Black,Winter,4.11,No,Free Shipping,Yes,Yes,44,Debit Card,Weekly
1324,25,Female,Sandals,Footwear,20,Oregon,L,Green,Spring,2.81,No,Express,No,No,32,Venmo,Fortnightly
1325,43,Female,Blouse,Clothing,48,Montana,M,White,Winter,4.64,Yes,Standard,No,No,29,Credit Card,Weekly
1326,53,Male,Pants,Clothing,23,Montana,XL,Pink,Fall,4.08,Yes,2-Day Shipping,No,No,39,PayPal,Annually
1327,65,Female,Sneakers,Footwear,80,Texas,L,Brown,Summer,4.63,Yes,Store Pickup,No,No,47,Debit Card,Weekly
1328,38,Male,Jacket,Clothing,36,Colorado,XL,Black,Summer,,No,Store Pickup,Yes,Yes,23,Debit Card,Quarterly
1329,45,Male,Blouse,Clothing,47,Arizona,L,White,Summer,3.74,No,Next Day Air,No,No,15,Cash,Weekly
1330,21,Female,Jacket,Clothing,69,Alabama,XL,Gray,Fall,4.31,No,Store Pickup,Yes,Yes,26,PayPal,Quarterly
1331,33,Male,Dress,Clothing,27,Virginia,S,Beige,Spring,3.45,No,Express,Yes,Yes,37,Credit Card,Annually
1332,39,Male,Pants,Clothing,53,Colorado,L,Pink,Fall,3.52,Yes,Next Day Air,No,No,25,Debit Card,Bi-Weekly
1333,29,Male,Coat,Clothing,78,Alabama,M,Brown,Fall,4.74,No,Standard,Yes,Yes,2,Cash,Fortnightly
1334,33,Male,Shirt,Clothing,37,Virginia,XL,White,Summer,3.36,No,Standard,No,No,12,PayPal,Annually
1335,68,Male,Shorts,Clothing,78,New York,L,Brown,Fall,3.92,No,Store Pickup,No,No,19,PayPal,Every 3 Months
1336,57,Female,Jeans,Clothing,46,Montana,S,Red,Winter,3.26,No,Free Shipping,No,No,32,Credit Card,Annually
1337,55,Female,Boots,Footwear,35,Florida,S,Blue,Fall,3.41,No,Standard,No,No,23,Cash,Weekly
1338,59,Female,Pants,Clothing,29,California,S,Pink,Summer,3.5,Yes,Standard,Yes,Yes,5,Credit Card,Fortnightly
1339,54,Male,Blouse,Clothing,95,Texas,S,Green,Summer,4.67,Yes,Standard,Yes,Yes,25,Debit Card,Annually
1340,46,Male,Sneakers,Footwear,41,Arizona,L,Green,Fall,4.11,No,Express,Yes,Yes,35,Bank Transfer,Every 3 Months
1341,35,Male,Boots,Footwear,35,Ohio,M,White,Winter,4.31,No,2-Day Shipping,Yes,Yes,29,Venmo,Annually
1342,27,Male,Skirt,Clothing,31,California,XL,Gray,Winter,2.72,Yes,2-Day Shipping,Yes,Yes,38,Venmo,Annually
1343,59,Male,Skirt,Clothing,94,Michigan,M,Gray,Summer,3.82,Yes,Store Pickup,Yes,Yes,45,Credit Card,Fortnightly
1344,56,Male,Sweater,Clothing,70,Oregon,XL,Red,Winter,3.57,No,Standard,No,No,20,Credit Card,Every 3 Months
1345,35,Female,Boots,Footwear,20,Idaho,M,Green,Winter,4.1,No,2-Day Shipping,No,No,47,Bank Transfer,Every 3 Months
1346,18,Male,Sneakers,Footwear,46,Illinois,L,Pink,Spring,5.0,No,Store Pickup,Yes,Yes,36,Bank Transfer,Fortnightly
1347,56,Female,Coat,Clothing,86,Texas,L,Beige,Spring,2.37,No,Standard,No,No,7,Bank Transfer,Monthly
1348,38,Male,Dress,Clothing,31,Florida,XL,Gray,Winter,4.04,Yes,2-Day Shipping,Yes,Yes,22,Bank Transfer,Quarterly
1349,18,Female,Jacket,Clothing,49,Oregon,L,Green,Winter,5.0,No,2-Day Shipping,Yes,Yes,18,Venmo,Every 3 Months
1350,32,Male,Sweater,Clothing,28,Georgia,XL,Blue,Spring,3.49,Yes,Store Pickup,No,No,21,Debit Card,Every 3 Months
1351,21,Female,Skirt,Clothing,72,California,M,Pink,Spring,3.89,No,Next Day Air,No,No,22,Bank Transfer,Every 3 Months
1352,37,Female,Jeans,Clothing,80,Florida,L,Beige,Spring,4.21,No,Store Pickup,No,No,39,Bank Transfer,Every 3 Months
1353,27,Male,Jeans,Clothing,73,Georgia,L,Blue,Summer,2.51,No,Express,Yes,Yes,12,Credit Card,Fortnightly
1354,40,Male,Blouse,Clothing,56,New York,XL,Green,Summer,3.96,No,Next Day Air,No,No,11,Bank Transfer,Every 3 Months
1355,58,Female,Coat,Clothing,84,Texas,XL,White,Spring,3.32,Yes,Next Day Air,No,No,12,Debit Card,Bi-Weekly
1356,51,Male,Shirt,Clothing,61,Montana,XL,Yellow,Spring,5.0,No,2-Day Shipping,No,No,26,Debit Card,Weekly
1357,63,Male,Skirt,Clothing,68,Arizona,XL,Yellow,Spring,3.68,No,Free Shipping,No,No,30,Cash,Annually
1358,65,Male,Hoodie,Clothing,23,Florida,S,Red,Summer,3.37,No,Free Shipping,No,No,15,Debit Card,Every 3 Months
1359,50,Female,Coat,Clothing,83,Alabama,XL,Red,Summer,4.31,Yes,Express,No,No,8,Bank Transfer,Fortnightly
1360,51,Male,Dress,Clothing,98,Michigan,S,Beige,Winter,4.09,No,Standard,No,No,43,PayPal,Annually
1361,56,Female,Jacket,Clothing,70,Colorado,M,Blue,Fall,4.34,No,2-Day Shipping,No,No,18,Bank Transfer,Every 3 Months
1362,27,Female,Sneakers,Footwear,91,California,XL,Green,Winter,4.95,No,Express,No,No,10,Venmo,Fortnightly
1363,37,Male,Boots,Footwear,79,Colorado,S,Green,Fall,3.45,Yes,Next Day Air,No,No,8,Venmo,Every 3 Months
1364,18,Female,Skirt,Clothing,98,Alabama,S,White,Fall,4.83,No,2-Day Shipping,No,No,38,Credit Card,Weekly
1365,30,Male,Boots,Footwear,50,Florida,S,Brown,Fall,4.93,Yes,Next Day Air,Yes,Yes,35,Credit Card,Every 3 Months
1366,18,Male,Jeans,Clothing,91,California,L,Red,Winter,3.34,No,Express,Yes,Yes,20,Cash,Bi-Weekly
1367,22,Female,Sneakers,Footwear,77,Montana,S,Brown,Summer,3.4,Yes,Free Shipping,No,No,12,Bank Transfer,Every 3 Months
1368,33,Female,Sneakers,Footwear,23,Colorado,XL,Brown,Summer,3.83,Yes,Express,No,No,49,Cash,Every 3 Months
1369,32,Female,Sneakers,Footwear,41,Illinois,XL,White,Summer,3.68,No,Store Pickup,No,No,3,PayPal,Annually
1370,66,Female,Jeans,Clothing,22,Illinois,XL,Brown,Summer,4.83,No,2-Day Shipping,Yes,Yes,20,Credit Card,Annually
1371,45,Female,Dress,Clothing,98,New York,S,Brown,Winter,3.28,Yes,2-Day Shipping,No,No,50,Venmo,Fortnightly
1372,48,Male,Boots,Footwear,66,Idaho,S,White,Spring,3.95,No,Standard,Yes,Yes,12,PayPal,Fortnightly
1373,40,Female,T-shirt,Clothing,57,Illinois,L,Gray,Fall,3.34,No,Free Shipping,No,No,24,Credit Card,Every 3 Months
1374,65,Male,Boots,Footwear,52,Idaho,M,Brown,Summer,3.87,No,2-Day Shipping,No,No,16,PayPal,Bi-Weekly
1375,62,Male,Sandals,Footwear,97,California,L,Red,Summer,5.0,No,Free Shipping,No,No,10,Bank Transfer,Fortnightly
1376,60,Female,Jacket,Clothing,67,Illinois,XL,White,Winter,4.89,No,2-Day Shipping,No,No,19,Debit Card,Annually
1377,34,Female,Hoodie,Clothing,84,Virginia,XL,Pink,Fall,4.03,No,Free Shipping,No,No,41,Debit Card,Bi-Weekly
1378,66,Female,T-shirt,Clothing,45,Florida,XL,Brown,Summer,4.18,No,Store Pickup,No,No,14,PayPal,Fortnightly
1379,51,Female,Jacket,Clothing,27,Montana,L,Gray,Spring,4.08,Yes,Express,Yes,Yes,14,Credit Card,Weekly
1380,30,Female,Sweater,Clothing,69,Florida,XL,Red,Summer,3.62,No,Free Shipping,No,No,22,Debit Card,Bi-Weekly
1381,31,Male,Coat,Clothing,99,Florida,XL,Black,Fall,4.95,No,Next Day Air,No,No,4,Debit Card,Weekly
1382,28,Male,Coat,Clothing,57,Colorado,XL,Red,Spring,4.59,No,Store Pickup,No,No,47,PayPal,Weekly
1383,45,Male,Shorts,Clothing,29,Idaho,S,Blue,Winter,3.94,No,Express,Yes,Yes,34,Debit Card,Fortnightly
1384,59,Female,Coat,Clothing,61,Virginia,M,Pink,Spring,3.67,No,2-Day Shipping,No,No,18,Bank Transfer,Annually
1385,49,Female,Boots,Footwear,56,Ohio,S,Yellow,Fall,3.71,No,2-Day Shipping,Yes,Yes,34,Venmo,Bi-Weekly
1386,52,Male,Jeans,Clothing,45,Ohio,S,Green,Fall,4.0,No,Standard,No,No,18,Debit Card,Monthly
1387,48,Female,Hoodie,Clothing,31,Michigan,M,Blue,Spring,3.78,No,Store Pickup,No,No,40,Bank Transfer,Weekly
1388,34,Female,Shirt,Clothing,68,Michigan,M,White,Summer,4.48,No,Next Day Air,No,No,31,PayPal,Annually
1389,64,Female,Blouse,Clothing,33,Arizona,L,White,Fall,4.09,Yes,Store Pickup,No,No,42,Debit Card,Weekly
1390,26,Male,Shorts,Clothing,65,Oregon,M,Green,Spring,3.23,Yes,Standard,Yes,Yes,20,Debit Card,Weekly
1391,27,Female,Pants,Clothing,54,Oregon,L,Beige,Fall,3.11,No,Store Pickup,Yes,Yes,36,Cash,Fortnightly
1392,25,Male,Pants,Clothing,48,Illinois,L,Beige,Summer,4.39,Yes,Express,No,No,42,PayPal,Fortnightly
1393,38,Female,Blouse,Clothing,31,Oregon,S,Green,Summer,3.11,No,Standard,No,No,10,PayPal,Weekly
1394,30,Female,Jacket,Clothing,63,Montana,XL,White,Spring,3.59,No,Express,Yes,Yes,3,Bank Transfer,Annually
1395,67,Male,Blouse,Clothing,85,Virginia,S,Red,Winter,3.54,No,Standard,No,No,21,Cash,Every 3 Months
1396,22,Female,Blouse,Clothing,21,Montana,S,Pink,Winter,3.06,No,Free Shipping,No,No,36,Cash,Fortnightly
1397,23,Female,Pants,Clothing,78,Alabama,M,Gray,Summer,3.99,No,Express,No,No,10,Bank Transfer,Fortnightly
1398,47,Female,Shorts,Clothing,36,Michigan,M,Yellow,Winter,3.73,No,Express,No,No,7,Venmo,Fortnightly
1399,48,Male,Sweater,Clothing,29,Florida,L,Pink,Summer,3.42,No,Free Shipping,Yes,Yes,22,Debit Card,Quarterly
1400,34,Female,Boots,Footwear,37,Montana,L,Green,Winter,5.0,No,Free Shipping,Yes,Yes,23,Credit Card,Bi-Weekly
1401,28,Female,Sneakers,Footwear,41,California,L,White,Summer,2.34,No,Next Day Air,No,No,12,Credit Card,Annually
1402,37,Female,Coat,Clothing,77,Texas,M,Beige,Fall,3.28,No,Free Shipping,No,No,39,Cash,Fortnightly
1403,65,Female,Coat,Clothing,72,Florida,L,White,Spring,3.45,No,Standard,No,No,13,PayPal,Quarterly
1404,26,Female,Jeans,Clothing,20,Michigan,L,Beige,Spring,2.98,No,Free Shipping,No,No,40,PayPal,Quarterly
1405,19,Male,Shorts,Clothing,80,Virginia,M,Pink,Winter,5.0,Yes,Free Shipping,No,No,13,Bank Transfer,Fortnightly
1406,54,Male,Jeans,Clothing,50,Idaho,XL,Blue,Spring,5.0,Yes,Express,No,No,33,Venmo,Annually
1407,18,Female,Shirt,Clothing,50,Georgia,S,Red,Winter,3.39,No,Express,No,No,31,Credit Card,Every 3 Months
1408,21,Female,Shirt,Clothing,85,Michigan,M,Pink,Summer,4.56,No,Store Pickup,No,No,48,Bank Transfer,Quarterly
1409,53,Male,Jeans,Clothing,38,Oregon,L,Red,Fall,4.16,No,Free Shipping,Yes,Yes,28,Bank Transfer,Monthly
1410,42,Female,Shorts,Clothing,72,Florida,S,Brown,Spring,4.79,No,Next Day Air,Yes,Yes,19,PayPal,Quarterly
1411,20,Female,Jeans,Clothing,95,Montana,M,Pink,Fall,3.74,No,Express,No,No,21,Venmo,Bi-Weekly
1412,26,Female,Coat,Clothing,93,New York,S,Black,Spring,4.06,No,Standard,Yes,Yes,32,Venmo,Quarterly
1413,39,Female,T-shirt,Clothing,41,Michigan,S,Black,Summer,4.64,No,Store Pickup,No,No,26,Cash,Fortnightly
1414,40,Female,Sandals,Footwear,42,California,XL,Red,Spring,4.55,No,Standard,No,No,13,Credit Card,Annually
1415,29,Female,Pants,Clothing,34,Virginia,L,Brown,Spring,3.89,No,Free Shipping,No,No,29,Venmo,Every 3 Months
1416,27,Female,Pants,Clothing,45,Oregon,M,Red,Summer,3.23,Yes,Free Shipping,Yes,Yes,7,Venmo,Weekly
1417,51,Female,Hoodie,Clothing,22,California,L,Green,Winter,3.34,No,Next Day Air,Yes,Yes,47,Venmo,Annually
1418,60,Male,Blouse,Clothing,39,Illinois,XL,Black,Winter,2.69,No,Free Shipping,Yes,Yes,26,Credit Card,Annually
1419,27,Male,Sandals,Footwear,59,Michigan,XL,White,Summer,4.27,No,Store Pickup,Yes,Yes,6,Cash,Monthly
1420,47,Female,Boots,Footwear,58,Ohio,M,Red,Winter,3.93,No,2-Day Shipping,Yes,Yes,32,Debit Card,Quarterly
1421,39,Female,Shorts,Clothing,91,Idaho,M,Red,Spring,3.97,No,2-Day Shipping,No,No,36,PayPal,Every 3 Months
1422,23,Female,Dress,Clothing,37,Illinois,XL,Yellow,Fall,3.78,Yes,Free Shipping,No,No,23,Bank Transfer,Monthly
1423,67,Female,Sandals,Footwear,60,Arizona,M,Gray,Summer,3.11,Yes,Store Pickup,No,No,11,Bank Transfer,Annually
1424,19,Male,Hoodie,Clothing,89,Texas,S,Gray,Spring,3.99,No,2-Day Shipping,No,No,21,Credit Card,Annually
1425,47,Male,Shirt,Clothing,46,Alabama,S,Beige,Summer,4.16,No,Standard,Yes,Yes,19,Credit Card,Bi-Weekly
1426,19,Male,Jacket,Clothing,34,California,XL,Brown,Fall,3.28,Yes,Store Pickup,No,No,34,Bank Transfer,Annually
1427,49,Male,Blouse,Clothing,56,Idaho,L,Black,Spring,3.78,No,Store Pickup,No,No,49,Credit Card,Quarterly
1428,59,Female,Hoodie,Clothing,77,Ohio,M,Black,Spring,3.41,No,Free Shipping,Yes,Yes,47,Debit Card,Quarterly
1429,33,Female,Sneakers,Footwear,24,Georgia,M,Gray,Fall,3.67,Yes,Standard,No,No,50,PayPal,Monthly
1430,29,Female,Dress,Clothing,92,Idaho,S,Red,Fall,3.12,No,Standard,Yes,Yes,44,PayPal,Quarterly
1431,18,Male,Shorts,Clothing,26,Virginia,M,Red,Winter,3.64,No,2-Day Shipping,No,No,35,Venmo,Annually
1432,70,Female,Blouse,Clothing,60,Alabama,L,Black,Spring,4.78,No,Next Day Air,No,No,49,Bank Transfer,Quarterly
1433,25,Female,Boots,Footwear,29,Michigan,M,Brown,Fall,3.5,Yes,Standard,Yes,Yes,31,Bank Transfer,Weekly
1434,65,Male,Sandals,Footwear,81,Georgia,M,Blue,Fall,3.39,No,2-Day Shipping,No,No,46,Bank Transfer,Monthly
1435,67,Male,Shirt,Clothing,45,Michigan,S,Green,Spring,3.43,No,Next Day Air,No,No,29,Venmo,Fortnightly
1436,30,Male,Sweater,Clothing,87,Alabama,M,Yellow,Winter,3.69,Yes,Store Pickup,No,No,6,Bank Transfer,Annually
1437,32,Male,T-shirt,Clothing,43,Illinois,XL,Black,Summer,4.88,No,2-Day Shipping,No,No,36,Cash,Fortnightly
1438,70,Male,Sneakers,Footwear,97,Florida,XL,Beige,Winter,4.64,No,2-Day Shipping,No,No,31,Credit Card,Bi-Weekly
1439,61,Female,Dress,Clothing,60,Arizona,L,Blue,Fall,3.71,No,Free Shipping,Yes,Yes,32,Cash,Weekly
1440,25,Female,T-shirt,Clothing,84,Arizona,L,Black,Summer,3.41,No,Store Pickup,Yes,Yes,40,Credit Card,Monthly
1441,27,Male,Blouse,Clothing,36,Montana,L,Yellow,Summer,2.74,No,Store Pickup,Yes,Yes,20,PayPal,Monthly
1442,63,Female,Shirt,Clothing,43,Arizona,L,Gray,Winter,3.25,Yes,Express,No,No,22,Bank Transfer,Weekly
1443,22,Female,Shirt,Clothing,46,Idaho,S,Black,Summer,2.62,No,Next Day Air,No,No,3,Cash,Weekly
1444,67,Female,Hoodie,Clothing,26,Oregon,M,Blue,Fall,4.24,No,2-Day Shipping,No,No,8,PayPal,Bi-Weekly
1445,36,Female,Pants,Clothing,92,Arizona,S,Green,Spring,4.6,No,Standard,No,No,45,Venmo,Fortnightly
1446,64,Male,Pants,Clothing,31,Ohio,L,Red,Spring,3.57,No,Standard,Yes,Yes,19,Bank Transfer,Every 3 Months
1447,55,Female,Sandals,Footwear,22,Oregon,M,Pink,Spring,4.03,No,Express,Yes,Yes,31,PayPal,Monthly
1448,28,Female,Hoodie,Clothing,98,Georgia,XL,Gray,Winter,3.15,No,Next Day Air,Yes,Yes,32,Debit Card,Every 3 Months
1449,70,Female,Coat,Clothing,29,Oregon,S,Blue,Spring,2.64,No,Free Shipping,Yes,Yes,15,Cash,Weekly
1450,60,Male,Sandals,Footwear,52,Arizona,M,Beige,Spring,3.83,No,Next Day Air,Yes,Yes,39,Bank Transfer,Monthly
1451,37,Female,Coat,Clothing,65,California,XL,Beige,Spring,4.03,No,Standard,No,No,31,Bank Transfer,Fortnightly
1452,37,Male,Pants,Clothing,78,Montana,XL,White,Summer,4.82,No,Standard,Yes,Yes,3,Credit Card,Monthly
1453,38,Male,Hoodie,Clothing,71,Georgia,L,Pink,Summer,5.0,No,Free Shipping,Yes,Yes,32,PayPal,Every 3 Months
1454,35,Male,Coat,Clothing,25,Colorado,XL,Black,Summer,3.63,No,Free Shipping,Yes,Yes,10,Bank Transfer,Monthly
1455,67,Male,Sneakers,Footwear,21,Idaho,XL,White,Fall,4.35,Yes,Standard,Yes,Yes,28,Bank Transfer,Weekly
1456,27,Female,Hoodie,Clothing,48,Alabama,L,Beige,Fall,3.99,Yes,2-Day Shipping,No,No,27,Cash,Weekly
1457,51,Male,Pants,Clothing,59,Colorado,M,Black,Fall,3.8,No,2-Day Shipping,No,No,48,Credit Card,Weekly
1458,43,Male,Sandals,Footwear,80,Colorado,M,White,Spring,3.78,No,Free Shipping,No,No,46,Bank Transfer,Fortnightly
1459,47,Male,Skirt,Clothing,87,Illinois,L,Black,Summer,3.71,No,Store Pickup,No,No,40,Bank Transfer,Annually
1460,26,Male,Hoodie,Clothing,87,Texas,S,Green,Fall,3.74,No,2-Day Shipping,Yes,Yes,43,Cash,Annually
1461,63,Male,Sweater,Clothing,48,Illinois,L,Pink,Winter,4.79,No,Free Shipping,No,No,31,Cash,Annually
1462,68,Female,Dress,Clothing,81,Florida,M,Gray,Summer,3.93,No,Next Day Air,Yes,Yes,34,Debit Card,Quarterly
1463,48,Male,Pants,Clothing,79,Texas,S,Gray,Spring,4.85,No,Next Day Air,Yes,Yes,5,PayPal,Fortnightly
1464,59,Female,Jeans,Clothing,60,Ohio,L,Gray,Summer,3.26,No,Next Day Air,Yes,Yes,11,Debit Card,Weekly
1465,21,Female,Jeans,Clothing,84,New York,M,Beige,Spring,2.1,No,Free Shipping,Yes,Yes,7,Venmo,Bi-Weekly
1466,23,Male,Sandals,Footwear,83,Montana,M,Green,Fall,3.52,No,Free Shipping,Yes,Yes,8,Bank Transfer,Monthly
1467,31,Female,Sandals,Footwear,98,Colorado,M,Yellow,Spring,3.3,Yes,2-Day Shipping,Yes,Yes,17,Cash,Monthly
1468,21,Female,T-shirt,Clothing,82,Alabama,XL,Pink,Spring,2.9,No,2-Day Shipping,No,No,44,PayPal,Every 3 Months
1469,43,Female,Dress,Clothing,67,Oregon,XL,Blue,Winter,4.58,No,2-Day Shipping,Yes,Yes,50,Venmo,Monthly
1470,64,Male,Dress,Clothing,39,Illinois,S,Brown,Summer,3.0,No,Express,Yes,Yes,39,Bank Transfer,Annually
1471,65,Male,Sneakers,Footwear,56,Arizona,S,Yellow,Spring,4.15,No,Free Shipping,No,No,41,Venmo,Every 3 Months
1472,56,Male,Sandals,Footwear,83,Montana,S,Blue,Winter,5.0,No,Store Pickup,Yes,Yes,14,Debit Card,Monthly
1473,34,Male,Dress,Clothing,24,Arizona,XL,Gray,Winter,3.11,No,Next Day Air,Yes,Yes,24,Venmo,Bi-Weekly
1474,36,Male,Boots,Footwear,53,Montana,S,Blue,Winter,3.66,No,Next Day Air,No,No,30,Credit Card,Every 3 Months
1475,68,Male,T-shirt,Clothing,58,Virginia,M,Black,Fall,4.61,No,Express,Yes,Yes,50,Credit Card,Weekly
1476,66,Male,Coat,Clothing,86,Virginia,M,Black,Fall,3.55,No,Express,Yes,Yes,15,Credit Card,Quarterly
1477,23,Female,Shirt,Clothing,100,Montana,S,Blue,Spring,4.0,No,Next Day Air,No,No,4,Bank Transfer,Annually
1478,46,Female,Shirt,Clothing,81,Florida,S,Red,Summer,4.18,No,Free Shipping,Yes,Yes,13,Venmo,Monthly
1479,28,Male,Coat,Clothing,43,California,XL,White,Fall,,Yes,Next Day Air,No,No,5,Bank Transfer,Every 3 Months
1480,33,Female,Shorts,Clothing,22,Ohio,M,Brown,Fall,3.53,No,Next Day Air,No,No,31,Bank Transfer,Quarterly
1481,47,Male,Pants,Clothing,90,Oregon,L,Beige,Spring,3.33,No,Store Pickup,Yes,Yes,12,Cash,Every 3 Months
1482,42,Male,T-shirt,Clothing,86,Virginia,L,Blue,Spring,3.14,No,Express,No,No,30,PayPal,Fortnightly
1483,57,Male,Boots,Footwear,98,Arizona,XL,Pink,Fall,4.16,Yes,Express,No,No,49,Credit Card,Fortnightly
1484,28,Female,Dress,Clothing,69,Virginia,XL,Red,Spring,,No,2-Day Shipping,Yes,Yes,10,Credit Card,Annually
1485,24,Male,Skirt,Clothing,48,Arizona,XL,Green,Winter,4.52,No,Express,No,No,30,Credit Card,Monthly
1486,43,Male,T-shirt,Clothing,93,Arizona,M,Red,Spring,4.75,No,Store Pickup,Yes,Yes,26,Debit Card,Weekly
1487,39,Male,Hoodie,Clothing,51,Florida,S,Brown,Winter,3.11,No,Store Pickup,No,No,44,Debit Card,Bi-Weekly
1488,42,Male,Coat,Clothing,58,Illinois,S,Pink,Fall,4.24,No,Next Day Air,Yes,Yes,6,Credit Card,Every 3 Months
1489,36,Female,Boots,Footwear,28,Idaho,XL,Red,Summer,5.0,No,Store Pickup,No,No,27,Credit Card,Monthly
1490,48,Male,Sweater,Clothing,33,Arizona,M,Beige,Winter,3.29,No,2-Day Shipping,Yes,Yes,20,Bank Transfer,Fortnightly
1491,43,Female,Jacket,Clothing,87,Illinois,L,White,Summer,4.52,No,Next Day Air,No,No,28,Debit Card,Fortnightly
1492,59,Female,Blouse,Clothing,83,California,XL,Pink,Fall,,Yes,Free Shipping,Yes,Yes,20,PayPal,Every 3 Months
1493,58,Male,Pants,Clothing,39,Arizona,M,Black,Spring,4.38,No,Free Shipping,Yes,Yes,12,Cash,Every 3 Months
1494,53,Male,Coat,Clothing,47,Ohio,XL,Beige,Winter,3.35,Yes,Express,No,No,45,PayPal,Every 3 Months
1495,40,Female,Skirt,Clothing,33,Alabama,M,Gray,Winter,4.94,No,2-Day Shipping,No,No,21,Bank Transfer,Annually
1496,64,Female,Dress,Clothing,63,Georgia,M,Green,Fall,3.4,No,Store Pickup,No,No,30,Cash,Quarterly
1497,30,Female,Skirt,Clothing,96,New York,XL,Brown,Fall,4.18,No,Standard,No,No,49,Venmo,Bi-Weekly
1498,42,Female,Skirt,Clothing,58,Georgia,S,Brown,Spring,3.76,No,Free Shipping,No,No,10,Venmo,Every 3 Months
1499,19,Male,Sandals,Footwear,47,Arizona,XL,Blue,Summer,4.12,No,Store Pickup,No,No,5,PayPal,Annually
1500,19,Female,Sandals,Footwear,83,Virginia,S,Brown,Winter,3.21,No,Free Shipping,Yes,Yes,37,Debit Card,Every 3 Months
1501,33,Female,Sneakers,Footwear,51,Idaho,S,Brown,Summer,3.06,No,Free Shipping,No,No,8,Credit Card,Monthly
1502,26,Female,Coat,Clothing,28,Georgia,L,White,Winter,3.97,No,Free Shipping,No,No,30,Venmo,Weekly
1503,45,Female,Sneakers,Footwear,47,Alabama,M,Green,Winter,3.58,No,Express,No,No,17,Bank Transfer,Quarterly
1504,30,Male,Coat,Clothing,36,Colorado,XL,White,Spring,3.56,No,2-Day Shipping,No,No,3,Debit Card,Bi-Weekly
1505,52,Male,Pants,Clothing,96,Ohio,M,Black,Winter,4.13,Yes,Free Shipping,Yes,Yes,21,Debit Card,Quarterly
1506,58,Male,T-shirt,Clothing,74,Florida,L,Pink,Winter,2.9,No,Store Pickup,Yes,Yes,16,Cash,Annually
1507,30,Female,Blouse,Clothing,29,New York,S,Red,Fall,4.52,No,Store Pickup,No,No,32,Venmo,Every 3 Months
1508,48,Female,Skirt,Clothing,99,Florida,XL,Green,Spring,3.87,No,Express,No,No,27,PayPal,Weekly
1509,38,Male,Pants,Clothing,25,Colorado,M,Red,Fall,4.26,No,2-Day Shipping,No,No,6,Bank Transfer,Every 3 Months
1510,49,Male,T-shirt,Clothing,67,Idaho,L,Gray,Winter,4.12,No,2-Day Shipping,No,No,42,Debit Card,Fortnightly
1511,51,Female,Jacket,Clothing,94,New York,S,White,Spring,4.15,No,Standard,No,No,16,PayPal,Annually
1512,25,Male,Shirt,Clothing,86,Idaho,S,Beige,Winter,3.08,Yes,Next Day Air,Yes,Yes,45,PayPal,Every 3 Months
1513,58,Female,Jeans,Clothing,60,Florida,M,Red,Spring,4.5,No,Free Shipping,No,No,3,Bank Transfer,Monthly
1514,65,Female,Hoodie,Clothing,98,Ohio,S,Beige,Summer,3.96,No,Express,Yes,Yes,40,Venmo,Monthly
1515,19,Female,Boots,Footwear,79,New York,L,Blue,Summer,3.52,No,2-Day Shipping,Yes,Yes,20,Bank Transfer,Annually
1516,55,Female,Coat,Clothing,96,Texas,S,Green,Spring,3.72,No,Standard,No,No,40,PayPal,Weekly
1517,49,Female,Jacket,Clothing,61,Illinois,XL,Blue,Winter,4.02,No,Next Day Air,No,No,7,PayPal,Every 3 Months
1518,57,Female,Shirt,Clothing,100,Ohio,XL,Pink,Spring,3.91,No,2-Day Shipping,Yes,Yes,11,Credit Card,Monthly
1519,45,Male,Dress,Clothing,90,Colorado,M,Blue,Winter,4.16,No,2-Day Shipping,Yes,Yes,29,Bank Transfer,Monthly
1520,54,Male,Shorts,Clothing,47,New York,L,Beige,Summer,4.79,No,Free Shipping,No,No,3,PayPal,Every 3 Months
1521,58,Male,Blouse,Clothing,32,Idaho,S,Brown,Winter,3.18,No,Next Day Air,Yes,Yes,21,Credit Card,Quarterly
1522,18,Female,Boots,Footwear,100,Colorado,S,White,Fall,4.25,No,Next Day Air,No,No,32,Venmo,Weekly
1523,58,Male,Sneakers,Footwear,34,Idaho,S,Blue,Summer,3.74,Yes,Express,No,No,30,PayPal,Annually
1524,27,Female,Sneakers,Footwear,55,California,XL,Pink,Fall,4.49,Yes,Standard,No,No,39,Debit Card,Quarterly
1525,21,Female,T-shirt,Clothing,34,Ohio,L,Green,Summer,4.78,No,Store Pickup,No,No,11,Bank Transfer,Monthly
1526,52,Female,Boots,Footwear,94,Colorado,S,Yellow,Summer,3.92,No,Express,Yes,Yes,17,PayPal,Annually
1527,27,Female,Sandals,Footwear,75,Idaho,M,Pink,Fall,4.17,Yes,Standard,No,No,25,Credit Card,Annually
1528,64,Male,Shirt,Clothing,23,Montana,L,White,Spring,4.53,No,Express,Yes,Yes,50,Debit Card,Every 3 Months
1529,28,Male,Shorts,Clothing,71,Colorado,L,Red,Winter,4.4,No,Standard,No,No,25,Venmo,Annually
1530,31,Male,Jacket,Clothing,29,Illinois,S,Black,Summer,4.55,No,Store Pickup,Yes,Yes,9,Bank Transfer,Bi-Weekly
1531,55,Female,Blouse,Clothing,64,Florida,XL,Green,Winter,3.62,No,Free Shipping,No,No,45,Cash,Every 3 Months
1532,29,Male,Pants,Clothing,48,Alabama,L,Beige,Summer,3.49,No,Standard,Yes,Yes,29,Cash,Bi-Weekly
1533,62,Male,Shirt,Clothing,72,California,M,Black,Winter,3.12,Yes,Store Pickup,Yes,Yes,15,Credit Card,Quarterly
1534,34,Male,Shorts,Clothing,48,Idaho,L,Pink,Summer,3.68,Yes,Express,Yes,Yes,19,Venmo,Fortnightly
1535,33,Female,Jeans,Clothing,42,Montana,XL,Pink,Spring,3.75,No,Next Day Air,Yes,Yes,15,Venmo,Every 3 Months
1536,52,Male,Coat,Clothing,76,California,M,Pink,Summer,3.71,No,2-Day Shipping,No,No,39,PayPal,Fortnightly
1537,19,Female,Pants,Clothing,69,Montana,XL,Black,Spring,4.1,No,Store Pickup,Yes,Yes,35,Cash,Weekly
1538,28,Male,Sneakers,Footwear,40,California,S,Blue,Summer,4.11,No,Store Pickup,No,No,40,PayPal,Bi-Weekly
1539,58,Female,Pants,Clothing,62,Idaho,L,White,Winter,3.76,No,Store Pickup,No,No,13,Venmo,Annually
1540,20,Male,Jacket,Clothing,29,Montana,M,Green,Fall,4.01,No,Standard,No,No,16,Credit Card,Bi-Weekly
1541,46,Male,Sneakers,Footwear,95,Georgia,XL,White,Summer,4.3,No,Standard,Yes,Yes,3,Credit Card,Quarterly
1542,35,Male,Jacket,Clothing,49,New York,S,Green,Summer,3.32,Yes,Next Day Air,Yes,Yes,31,Debit Card,Annually
1543,37,Female,T-shirt,Clothing,70,Ohio,M,Green,Spring,4.36,No,Free Shipping,No,No,1,Credit Card,Every 3 Months
1544,64,Male,Sandals,Footwear,52,Alabama,L,Red,Winter,3.43,No,Express,Yes,Yes,35,Cash,Monthly
1545,31,Male,Jacket,Clothing,37,Florida,L,Pink,Spring,4.66,No,Free Shipping,Yes,Yes,16,Debit Card,Weekly
1546,51,Female,Sneakers,Footwear,97,Alabama,XL,Yellow,Winter,3.9,No,Standard,No,No,1,Cash,Quarterly
1547,66,Female,T-shirt,Clothing,41,Florida,M,Gray,Winter,3.84,No,Standard,No,No,50,PayPal,Fortnightly
1548,48,Female,Jacket,Clothing,83,Texas,S,White,Spring,2.73,No,Store Pickup,No,No,14,PayPal,Every 3 Months
1549,57,Female,Jeans,Clothing,40,Michigan,S,Red,Fall,4.19,Yes,Store Pickup,Yes,Yes,7,Credit Card,Monthly
1550,59,Male,Pants,Clothing,20,Illinois,S,Pink,Winter,3.86,No,Free Shipping,No,No,23,Debit Card,Annually
1551,35,Male,Sandals,Footwear,34,Colorado,XL,Brown,Fall,3.9,No,Express,Yes,Yes,35,Cash,Weekly
1552,47,Female,Jacket,Clothing,55,Texas,S,Brown,Spring,3.74,Yes,Standard,Yes,Yes,29,Cash,Every 3 Months
1553,42,Male,T-shirt,Clothing,66,Arizona,M,Blue,Fall,4.18,Yes,Standard,No,No,22,Venmo,Monthly
1554,36,Female,Dress,Clothing,73,Idaho,XL,Black,Winter,4.3,No,Free Shipping,Yes,Yes,16,Credit Card,Fortnightly
1555,25,Male,Shirt,Clothing,51,New York,L,Brown,Spring,4.09,No,2-Day Shipping,Yes,Yes,29,Bank Transfer,Quarterly
1556,45,Female,Sweater,Clothing,77,Michigan,XL,Beige,Fall,4.59,No,Store Pickup,Yes,Yes,6,PayPal,Quarterly
1557,25,Male,Shorts,Clothing,65,Ohio,XL,Pink,Spring,3.37,No,Next Day Air,No,No,18,Bank Transfer,Bi-Weekly
1558,48,Female,Sweater,Clothing,73,Colorado,XL,Gray,Spring,3.44,No,Standard,No,No,29,Venmo,Every 3 Months
1559,20,Female,Dress,Clothing,52,Oregon,M,Yellow,Fall,,No,Express,No,No,25,PayPal,Annually
1560,20,Male,Sweater,Clothing,58,New York,L,Pink,Winter,4.2,No,2-Day Shipping,No,No,45,PayPal,Quarterly
1561,61,Male,Dress,Clothing,42,Virginia,L,Brown,Winter,4.11,No,Free Shipping,Yes,Yes,2,Cash,Bi-Weekly
1562,39,Male,Blouse,Clothing,62,Alabama,XL,Gray,Winter,3.03,No,Free Shipping,No,No,44,PayPal,Quarterly
1563,34,Female,Dress,Clothing,74,Florida,XL,Yellow,Winter,3.08,No,Express,Yes,Yes,32,Debit Card,Weekly
1564,53,Male,Dress,Clothing,21,Texas,XL,Blue,Summer,3.69,Yes,Store Pickup,Yes,Yes,36,PayPal,Every 3 Months
1565,34,Female,Skirt,Clothing,85,New York,M,Blue,Spring,2.73,No,Store Pickup,No,No,32,Debit Card,Annually
1566,31,Male,Dress,Clothing,57,Texas,M,Red,Spring,3.96,No,2-Day Shipping,No,No,41,PayPal,Fortnightly
1567,68,Male,Jeans,Clothing,48,Illinois,S,Yellow,Summer,3.76,No,Express,Yes,Yes,20,Venmo,Every 3 Months
1568,26,Female,Shirt,Clothing,86,Illinois,L,Yellow,Spring,3.25,Yes,Standard,Yes,Yes,37,Cash,Every 3 Months
1569,47,Female,Coat,Clothing,90,Georgia,S,Beige,Spring,3.47,Yes,2-Day Shipping,Yes,Yes,42,Venmo,Monthly
1570,38,Male,Jacket,Clothing,55,Florida,S,Yellow,Fall,3.87,Yes,Next Day Air,Yes,Yes,38,Cash,Fortnightly
1571,29,Female,Shorts,Clothing,48,Arizona,XL,Brown,Summer,2.9,No,Next Day Air,No,No,33,Venmo,Fortnightly
1572,54,Female,Sandals,Footwear,56,New York,M,Beige,Spring,3.44,No,Express,No,No,5,Credit Card,Bi-Weekly
1573,49,Male,Shirt,Clothing,64,Virginia,S,Yellow,Spring,3.64,No,Next Day Air,No,No,6,PayPal,Bi-Weekly
1574,28,Female,Sneakers,Footwear,35,Ohio,S,White,Summer,3.62,No,Express,No,No,22,PayPal,Weekly
1575,37,Male,Coat,Clothing,50,Virginia,S,Red,Summer,3.64,Yes,Standard,Yes,Yes,21,Credit Card,Monthly
1576,52,Male,Blouse,Clothing,53,Texas,XL,Red,Fall,4.62,Yes,Store Pickup,No,No,19,Credit Card,Quarterly
1577,70,Female,Blouse,Clothing,69,Texas,XL,White,Fall,4.37,Yes,Standard,Yes,Yes,43,Debit Card,Quarterly
1578,64,Male,Hoodie,Clothing,84,Illinois,M,Beige,Winter,3.41,No,Express,No,No,15,Venmo,Fortnightly
1579,63,Female,Pants,Clothing,81,Idaho,S,Blue,Winter,3.18,No,Standard,No,No,34,PayPal,Every 3 Months
1580,28,Male,Dress,Clothing,62,Florida,S,White,Fall,3.55,No,Next Day Air,No,No,47,Debit Card,Weekly
1581,69,Female,Shirt,Clothing,75,Texas,M,Pink,Spring,4.54,No,Standard,Yes,Yes,7,Bank Transfer,Every 3 Months
1582,25,Female,T-shirt,Clothing,34,Illinois,M,Black,Summer,2.52,Yes,Next Day Air,No,No,17,PayPal,Monthly
1583,21,Female,Skirt,Clothing,67,Oregon,M,Gray,Fall,3.85,Yes,Store Pickup,Yes,Yes,44,Credit Card,Quarterly
1584,44,Female,Sweater,Clothing,68,Illinois,L,Blue,Winter,3.62,No,Store Pickup,Yes,Yes,44,Debit Card,Fortnightly
1585,61,Female,Sneakers,Footwear,100,Montana,M,Blue,Summer,4.52,No,Next Day Air,Yes,Yes,5,Bank Transfer,Weekly
1586,57,Male,Blouse,Clothing,63,Georgia,XL,Green,Winter,4.39,Yes,Free Shipping,Yes,Yes,39,Debit Card,Monthly
1587,55,Male,Shorts,Clothing,29,Texas,L,Blue,Spring,2.92,Yes,Standard,No,No,2,Debit Card,Every 3 Months
1588,64,Female,Blouse,Clothing,39,Montana,M,Red,Spring,4.52,No,Standard,No,No,27,Venmo,Fortnightly
1589,47,Male,Sandals,Footwear,89,Ohio,XL,Blue,Winter,2.4,No,Express,No,No,45,Bank Transfer,Fortnightly
1590,61,Female,Jacket,Clothing,27,Ohio,M,Pink,Summer,4.17,Yes,Express,No,No,24,Debit Card,Annually
1591,65,Female,Blouse,Clothing,64,Illinois,M,Blue,Winter,4.22,No,2-Day Shipping,No,No,41,PayPal,Every 3 Months
1592,65,Male,Sandals,Footwear,53,Georgia,L,Yellow,Summer,4.81,Yes,Next Day Air,Yes,Yes,47,Venmo,Weekly
1593,44,Male,Shirt,Clothing,70,Virginia,XL,Red,Fall,3.94,No,Store Pickup,Yes,Yes,28,PayPal,Weekly
1594,38,Female,Shirt,Clothing,23,Idaho,S,White,Winter,3.4,Yes,Store Pickup,No,No,47,Bank Transfer,Weekly
1595,69,Female,Skirt,Clothing,58,Georgia,M,White,Winter,3.19,Yes,Free Shipping,No,No,1,Debit Card,Weekly
1596,37,Female,Pants,Clothing,43,Idaho,L,Brown,Summer,4.68,No,Next Day Air,No,No,21,Debit Card,Monthly
1597,21,Female,Hoodie,Clothing,74,Michigan,XL,Black,Fall,4.82,Yes,Standard,Yes,Yes,28,Bank Transfer,Weekly
1598,28,Female,Coat,Clothing,45,Montana,M,Black,Summer,3.53,No,2-Day Shipping,Yes,Yes,3,PayPal,Weekly
1599,30,Female,Blouse,Clothing,44,Illinois,S,Yellow,Summer,3.81,No,Next Day Air,No,No,30,Cash,Weekly
1600,26,Male,Shorts,Clothing,55,Virginia,XL,Black,Winter,4.62,No,2-Day Shipping,Yes,Yes,1,Debit Card,Annually
1601,21,Female,Blouse,Clothing,90,Montana,XL,Blue,Winter,4.26,No,Next Day Air,Yes,Yes,45,Debit Card,Monthly
1602,29,Female,Hoodie,Clothing,93,Virginia,L,White,Summer,3.69,No,Standard,No,No,47,Venmo,Quarterly
1603,26,Male,Boots,Footwear,77,Oregon,M,Blue,Spring,3.34,Yes,Standard,Yes,Yes,45,PayPal,Fortnightly
1604,30,Female,Shorts,Clothing,31,Oregon,M,Green,Spring,3.3,No,Next Day Air,No,No,18,Debit Card,Bi-Weekly
1605,65,Female,Jeans,Clothing,20,Florida,XL,Brown,Spring,4.37,No,Store Pickup,Yes,Yes,49,PayPal,Every 3 Months
1606,43,Male,Dress,Clothing,69,Colorado,M,White,Winter,3.58,Yes,Store Pickup,Yes,Yes,33,Venmo,Annually
1607,55,Female,Coat,Clothing,44,Colorado,XL,Black,Winter,3.56,No,Free Shipping,Yes,Yes,15,PayPal,Fortnightly
1608,59,Male,Jeans,Clothing,99,Montana,S,Gray,Fall,4.17,No,Standard,No,No,24,PayPal,Monthly
1609,30,Female,Boots,Footwear,24,Michigan,L,Blue,Winter,3.85,Yes,Express,Yes,Yes,36,Venmo,Every 3 Months
1610,56,Male,Boots,Footwear,87,Virginia,M,Pink,Fall,4.03,No,Free Shipping,No,No,34,Debit Card,Weekly
1611,45,Male,Hoodie,Clothing,25,Arizona,M,Gray,Winter,3.61,No,Next Day Air,Yes,Yes,26,PayPal,Monthly
1612,36,Male,Blouse,Clothing,45,Texas,L,Pink,Spring,3.58,Yes,Free Shipping,No,No,40,Cash,Annually
1613,41,Female,Hoodie,Clothing,74,Colorado,S,Green,Spring,3.36,Yes,Express,Yes,Yes,22,Debit Card,Annually
1614,36,Female,Hoodie,Clothing,58,Ohio,S,Black,Summer,4.23,No,Standard,No,No,16,Venmo,Quarterly
1615,66,Male,Boots,Footwear,28,Virginia,S,Blue,Summer,3.85,No,Standard,No,No,40,Credit Card,Bi-Weekly
1616,30,Male,Coat,Clothing,64,Michigan,S,Blue,Fall,3.98,Yes,Store Pickup,No,No,42,Bank Transfer,Quarterly
1617,30,Female,Jeans,Clothing,33,California,S,Pink,Fall,3.19,No,Standard,Yes,Yes,16,Cash,Weekly
1618,45,Female,Sweater,Clothing,74,Illinois,XL,Blue,Summer,4.22,No,Store Pickup,Yes,Yes,5,Debit Card,Monthly
1619,70,Female,Blouse,Clothing,28,Georgia,M,Green,Fall,3.99,No,Express,Yes,Yes,6,Bank Transfer,Monthly
1620,19,Female,Boots,Footwear,34,Virginia,M,Red,Winter,4.24,No,Free Shipping,No,No,42,Venmo,Weekly
1621,27,Female,Jeans,Clothing,56,Idaho,M,Red,Spring,4.01,No,Next Day Air,No,No,24,Cash,Weekly
1622,39,Male,Pants,Clothing,69,Oregon,XL,Pink,Summer,3.97,No,Next Day Air,No,No,30,Debit Card,Bi-Weekly
1623,30,Female,Sweater,Clothing,91,Oregon,L,Black,Summer,2.71,No,Free Shipping,Yes,Yes,37,Bank Transfer,Quarterly
1624,26,Male,Sweater,Clothing,40,New York,S,Pink,Winter,4.48,No,Standard,Yes,Yes,32,Credit Card,Weekly
1625,50,Female,Shirt,Clothing,76,Virginia,L,Beige,Fall,3.01,Yes,Store Pickup,Yes,Yes,19,Debit Card,Weekly
1626,31,Male,Skirt,Clothing,38,Texas,S,Blue,Summer,4.42,No,Next Day Air,No,No,45,Credit Card,Quarterly
1627,65,Male,Blouse,Clothing,77,California,S,Blue,Summer,3.76,No,Standard,No,No,28,Credit Card,Weekly
1628,37,Female,Sweater,Clothing,25,Georgia,L,Red,Winter,2.84,No,2-Day Shipping,No,No,47,PayPal,Every 3 Months
1629,32,Male,Boots,Footwear,23,Michigan,M,Gray,Spring,3.75,No,2-Day Shipping,Yes,Yes,8,Venmo,Bi-Weekly
1630,49,Male,Shirt,Clothing,62,Arizona,XL,Pink,Summer,2.9,No,Next Day Air,No,No,43,PayPal,Bi-Weekly
1631,50,Male,Jeans,Clothing,61,New York,L,Black,Summer,4.46,Yes,Free Shipping,No,No,1,Credit Card,Annually
1632,34,Male,Pants,Clothing,22,Michigan,M,Red,Winter,3.49,No,Free Shipping,Yes,Yes,4,Venmo,Quarterly
1633,41,Female,Sandals,Footwear,20,Idaho,S,Pink,Summer,3.18,No,Free Shipping,No,No,22,Venmo,Annually
1634,47,Male,Blouse,Clothing,74,Virginia,M,White,Summer,4.2,No,Standard,No,No,22,Venmo,Fortnightly
1635,30,Female,Coat,Clothing,34,Colorado,S,Black,Spring,3.77,No,2-Day Shipping,No,No,30,Cash,Bi-Weekly
1636,64,Male,Hoodie,Clothing,66,Georgia,S,Black,Summer,4.11,No,Standard,No,No,27,Debit Card,Monthly
1637,65,Female,Shorts,Clothing,65,Arizona,M,Yellow,Winter,3.73,No,Express,Yes,Yes,27,Credit Card,Monthly
1638,33,Female,Shorts,Clothing,77,Virginia,S,Gray,Spring,4.49,Yes,Express,Yes,Yes,13,Venmo,Fortnightly
1639,19,Female,Jeans,Clothing,90,Idaho,XL,Green,Spring,3.56,Yes,Next Day Air,No,No,39,Bank Transfer,Bi-Weekly
1640,34,Male,T-shirt,Clothing,100,Idaho,M,Black,Spring,2.85,No,Express,Yes,Yes,27,Cash,Annually
1641,49,Female,T-shirt,Clothing,58,Illinois,L,Yellow,Fall,3.14,Yes,Free Shipping,No,No,39,Cash,Weekly
1642,60,Female,Jeans,Clothing,22,New York,S,Blue,Winter,4.06,No,Next Day Air,No,No,38,Bank Transfer,Every 3 Months
1643,25,Male,Boots,Footwear,49,Georgia,S,Pink,Fall,3.41,Yes,2-Day Shipping,No,No,8,Credit Card,Fortnightly
1644,69,Female,Sweater,Clothing,54,Oregon,XL,Brown,Summer,4.57,Yes,Store Pickup,No,No,12,PayPal,Weekly
1645,20,Male,Skirt,Clothing,76,Florida,XL,Brown,Spring,3.1,No,2-Day Shipping,Yes,Yes,24,Cash,Every 3 Months
1646,29,Male,Blouse,Clothing,48,Montana,L,Gray,Fall,4.41,No,Express,Yes,Yes,18,Credit Card,Monthly
1647,37,Female,Shorts,Clothing,69,Oregon,S,Blue,Summer,3.54,No,Express,Yes,Yes,15,Cash,Every 3 Months
1648,33,Male,Shorts,Clothing,81,Michigan,L,Black,Fall,4.58,No,2-Day Shipping,No,No,16,Credit Card,Fortnightly
1649,31,Male,Skirt,Clothing,71,Georgia,L,Blue,Spring,4.1,Yes,Express,Yes,Yes,33,Venmo,Bi-Weekly
1650,33,Male,Sweater,Clothing,33,Montana,S,Yellow,Summer,3.92,No,Express,Yes,Yes,10,PayPal,Monthly
1651,70,Female,Shorts,Clothing,54,Texas,L,White,Spring,4.2,Yes,Standard,No,No,47,Bank Transfer,Bi-Weekly
1652,66,Male,Hoodie,Clothing,47,Idaho,L,Green,Spring,4.54,No,Store Pickup,No,No,24,Cash,Weekly
1653,60,Male,Coat,Clothing,77,Virginia,XL,Beige,Fall,3.77,No,Store Pickup,Yes,Yes,45,Bank Transfer,Bi-Weekly
1654,66,Male,Blouse,Clothing,49,Georgia,XL,Green,Winter,2.67,No,2-Day Shipping,Yes,Yes,19,Cash,Every 3 Months
1655,68,Female,Jacket,Clothing,26,Texas,L,Black,Summer,4.52,Yes,2-Day Shipping,No,No,27,Cash,Fortnightly
1656,50,Male,Shorts,Clothing,58,New York,S,Blue,Summer,3.64,No,Express,Yes,Yes,45,Debit Card,Weekly
1657,47,Female,Jeans,Clothing,88,Idaho,XL,Green,Winter,5.0,Yes,Free Shipping,Yes,Yes,41,Debit Card,Fortnightly
1658,29,Male,Coat,Clothing,54,Idaho,L,Pink,Summer,3.44,No,Standard,Yes,Yes,31,Bank Transfer,Every 3 Months
1659,32,Female,Shorts,Clothing,71,California,M,Green,Fall,3.57,No,Free Shipping,No,No,21,Venmo,Weekly
1660,35,Female,Dress,Clothing,33,Ohio,M,Yellow,Summer,4.25,No,Express,Yes,Yes,16,Cash,Annually
1661,45,Female,Pants,Clothing,82,Montana,L,Green,Fall,4.26,No,2-Day Shipping,No,No,23,PayPal,Annually
1662,40,Male,Hoodie,Clothing,55,New York,M,Pink,Summer,4.05,No,Free Shipping,No,No,14,Debit Card,Fortnightly
1663,31,Male,Coat,Clothing,43,Arizona,XL,Beige,Fall,3.46,No,Store Pickup,No,No,23,Credit Card,Monthly
1664,47,Male,Shirt,Clothing,59,Arizona,S,Beige,Winter,3.1,No,Next Day Air,Yes,Yes,41,Credit Card,Annually
1665,50,Female,Jacket,Clothing,48,Florida,L,Pink,Summer,3.39,No,Free Shipping,No,No,18,Credit Card,Fortnightly
1666,62,Male,Pants,Clothing,72,Georgia,XL,Blue,Fall,2.89,No,2-Day Shipping,No,No,36,Venmo,Monthly
1667,32,Male,Sneakers,Footwear,41,Alabama,S,White,Spring,5.0,Yes,Store Pickup,No,No,12,Cash,Every 3 Months
1668,24,Female,Jeans,Clothing,91,New York,M,Black,Spring,3.19,No,Express,No,No,37,Cash,Quarterly
1669,32,Male,Jeans,Clothing,34,Colorado,M,Gray,Spring,3.62,No,Free Shipping,No,No,11,Bank Transfer,Bi-Weekly
1670,69,Male,Blouse,Clothing,88,Georgia,M,Brown,Summer,4.22,Yes,Express,No,No,5,Debit Card,Annually
1671,59,Female,Skirt,Clothing,83,Alabama,M,Blue,Fall,3.8,No,Standard,No,No,21,Credit Card,Weekly
1672,63,Female,Pants,Clothing,23,California,XL,Green,Spring,3.45,No,Next Day Air,No,No,32,Venmo,Bi-Weekly
1673,55,Male,Coat,Clothing,94,Arizona,XL,Brown,Summer,3.71,No,2-Day Shipping,Yes,Yes,29,Bank Transfer,Every 3 Months
1674,63,Female,Sweater,Clothing,37,Colorado,S,Brown,Fall,3.43,No,2-Day Shipping,Yes,Yes,7,PayPal,Monthly
1675,61,Male,Jeans,Clothing,61,New York,L,Pink,Spring,3.65,No,Express,Yes,Yes,36,Cash,Annually
1676,28,Male,Coat,Clothing,49,Idaho,S,Red,Spring,4.03,No,Next Day Air,No,No,40,Cash,Monthly
1677,46,Male,Boots,Footwear,34,Ohio,L,White,Summer,3.18,No,Store Pickup,Yes,Yes,27,Venmo,Monthly
1678,48,Male,Coat,Clothing,89,Illinois,M,White,Fall,4.45,Yes,2-Day Shipping,Yes,Yes,6,Bank Transfer,Fortnightly
1679,42,Male,Boots,Footwear,74,Ohio,M,Red,Summer,3.84,No,Free Shipping,No,No,38,Bank Transfer,Bi-Weekly
1680,69,Female,Dress,Clothing,72,Georgia,M,Black,Spring,,No,2-Day Shipping,No,No,4,Debit Card,Annually
1681,41,Female,Sandals,Footwear,35,Florida,M,Red,Summer,3.61,Yes,Free Shipping,No,No,46,Venmo,Monthly
1682,36,Male,Sandals,Footwear,92,Arizona,XL,Gray,Summer,4.5,No,2-Day Shipping,Yes,Yes,35,Bank Transfer,Quarterly
1683,19,Female,Sneakers,Footwear,53,Oregon,S,Gray,Spring,4.29,No,Free Shipping,No,No,10,Debit Card,Every 3 Months
1684,39,Female,Shirt,Clothing,46,Texas,L,Pink,Spring,3.94,No,Standard,Yes,Yes,38,Bank Transfer,Monthly
1685,37,Male,Sneakers,Footwear,32,Texas,L,Green,Fall,3.44,No,Express,Yes,Yes,50,Cash,Annually
1686,50,Female,Boots,Footwear,46,Illinois,XL,Brown,Fall,4.14,No,Store Pickup,Yes,Yes,30,Debit Card,Bi-Weekly
1687,25,Female,Pants,Clothing,92,Colorado,M,White,Spring,3.81,No,Store Pickup,Yes,Yes,42,Bank Transfer,Monthly
1688,42,Male,Shorts,Clothing,88,Michigan,S,White,Spring,4.85,Yes,Standard,Yes,Yes,9,Debit Card,Monthly
1689,63,Male,Sweater,Clothing,50,Arizona,M,Red,Winter,3.78,Yes,Store Pickup,No,No,16,Debit Card,Weekly
1690,26,Male,Shorts,Clothing,22,Michigan,XL,Red,Winter,4.81,No,Free Shipping,Yes,Yes,4,Bank Transfer,Monthly
1691,51,Male,T-shirt,Clothing,49,New York,L,Red,Fall,3.92,No,Store Pickup,No,No,26,Debit Card,Bi-Weekly
1692,40,Male,Shorts,Clothing,40,Idaho,XL,Black,Summer,3.18,Yes,Express,No,No,29,Credit Card,Every 3 Months
1693,22,Male,Blouse,Clothing,25,Florida,L,Red,Spring,5.0,No,Next Day Air,Yes,Yes,28,Credit Card,Weekly
1694,42,Male,Shorts,Clothing,51,Texas,S,Green,Spring,2.93,No,Free Shipping,No,No,11,Bank Transfer,Weekly
1695,25,Female,Sneakers,Footwear,61,Illinois,L,Brown,Summer,2.61,No,Store Pickup,Yes,Yes,28,Credit Card,Monthly
1696,33,Male,Jeans,Clothing,81,Ohio,S,Blue,Fall,2.56,No,2-Day Shipping,No,No,44,Credit Card,Monthly
1697,65,Female,Hoodie,Clothing,51,Oregon,M,Blue,Winter,5.0,No,2-Day Shipping,No,No,32,Venmo,Quarterly
1698,62,Female,Jeans,Clothing,58,Idaho,M,Green,Fall,5.0,No,Next Day Air,Yes,Yes,24,PayPal,Annually
1699,69,Male,Sandals,Footwear,83,Virginia,XL,Yellow,Summer,3.89,No,Standard,Yes,Yes,42,Bank Transfer,Annually
1700,32,Female,Hoodie,Clothing,49,Texas,S,Gray,Spring,4.06,No,Free Shipping,No,No,39,Debit Card,Bi-Weekly
1701,18,Female,Skirt,Clothing,82,Ohio,M,Blue,Winter,3.95,No,2-Day Shipping,No,No,7,Venmo,Every 3 Months
1702,39,Female,Sweater,Clothing,50,New York,S,Black,Summer,2.74,No,Express,Yes,Yes,18,Bank Transfer,Annually
1703,20,Male,Sweater,Clothing,59,Michigan,M,Yellow,Spring,4.68,Yes,Next Day Air,No,No,3,Credit Card,Bi-Weekly
1704,55,Female,Blouse,Clothing,52,Ohio,M,Beige,Fall,4.6,No,Standard,No,No,44,Debit Card,Fortnightly
1705,31,Female,Pants,Clothing,82,Idaho,L,Black,Winter,3.06,No,Standard,No,No,46,PayPal,Every 3 Months
1706,53,Male,Sneakers,Footwear,44,Colorado,XL,White,Spring,4.0,Yes,Express,No,No,20,Bank Transfer,Fortnightly
1707,35,Female,Sandals,Footwear,55,Ohio,L,Blue,Spring,3.76,Yes,Store Pickup,No,No,34,Debit Card,Bi-Weekly
1708,64,Female,Dress,Clothing,43,New York,S,Gray,Spring,3.67,No,Express,No,No,30,Cash,Monthly
1709,58,Female,T-shirt,Clothing,77,Oregon,M,Red,Spring,3.39,Yes,Store Pickup,No,No,9,Cash,Weekly
1710,35,Female,Pants,Clothing,58,Florida,XL,Red,Spring,3.73,No,Next Day Air,Yes,Yes,10,Bank Transfer,Quarterly
1711,20,Female,Sweater,Clothing,65,Michigan,M,Brown,Fall,3.48,Yes,Express,Yes,Yes,6,Venmo,Monthly
1712,27,Male,Jeans,Clothing,96,Idaho,M,Gray,Summer,4.44,Yes,2-Day Shipping,Yes,Yes,17,PayPal,Every 3 Months
1713,66,Female,Shorts,Clothing,29,Colorado,L,White,Winter,3.78,No,Standard,No,No,15,Venmo,Every 3 Months
1714,56,Male,Shorts,Clothing,51,Florida,S,Pink,Fall,3.38,No,Store Pickup,No,No,33,Debit Card,Weekly
1715,64,Female,Skirt,Clothing,55,Michigan,XL,Blue,Winter,3.78,Yes,Express,Yes,Yes,13,PayPal,Every 3 Months
1716,18,Male,Sandals,Footwear,47,Illinois,XL,Brown,Spring,3.72,Yes,Free Shipping,No,No,42,Bank Transfer,Bi-Weekly
1717,44,Male,Sneakers,Footwear,35,Arizona,XL,Gray,Summer,3.69,No,Express,No,No,44,Venmo,Annually
1718,44,Male,Sneakers,Footwear,35,Michigan,S,Beige,Spring,4.21,No,Store Pickup,Yes,Yes,22,Debit Card,Every 3 Months
1719,28,Female,Shirt,Clothing,37,Ohio,XL,Black,Fall,3.63,No,Standard,No,No,16,Credit Card,Monthly
1720,66,Female,Boots,Footwear,27,California,S,White,Fall,3.46,No,2-Day Shipping,Yes,Yes,34,Debit Card,Every 3 Months
1721,22,Female,Jacket,Clothing,99,Florida,XL,Gray,Winter,2.98,Yes,Express,Yes,Yes,3,Venmo,Quarterly
1722,24,Female,Sweater,Clothing,94,Oregon,M,Blue,Spring,3.79,Yes,2-Day Shipping,No,No,8,Bank Transfer,Annually
1723,36,Female,Sneakers,Footwear,89,New York,S,Black,Spring,4.55,Yes,Free Shipping,No,No,20,Bank Transfer,Every 3 Months
1724,46,Male,Skirt,Clothing,20,Texas,L,Gray,Summer,3.73,No,Store Pickup,Yes,Yes,47,PayPal,Annually
1725,32,Male,Jeans,Clothing,81,Florida,XL,Green,Summer,3.5,No,Standard,No,No,24,PayPal,Fortnightly
1726,52,Male,Sandals,Footwear,95,Texas,L,Brown,Spring,,No,Next Day Air,No,No,18,Credit Card,Weekly
1727,64,Female,T-shirt,Clothing,57,Georgia,S,Gray,Winter,2.77,No,Standard,Yes,Yes,23,Venmo,Monthly
1728,54,Female,Shirt,Clothing,64,Ohio,M,Green,Summer,4.51,No,Store Pickup,Yes,Yes,1,Bank Transfer,Quarterly
1729,29,Male,Skirt,Clothing,77,Illinois,L,Black,Spring,4.09,No,Next Day Air,No,No,2,Bank Transfer,Monthly
1730,47,Female,Coat,Clothing,100,Montana,L,Black,Spring,4.26,No,Next Day Air,Yes,Yes,5,Credit Card,Bi-Weekly
1731,37,Female,Blouse,Clothing,20,Idaho,M,Black,Spring,3.95,Yes,Standard,No,No,18,Cash,Weekly
1732,54,Male,T-shirt,Clothing,51,Texas,M,Pink,Fall,3.32,No,Store Pickup,No,No,16,Bank Transfer,Bi-Weekly
1733,20,Male,Boots,Footwear,27,Georgia,S,Gray,Winter,,No,Next Day Air,No,No,10,Debit Card,Every 3 Months
1734,26,Female,Coat,Clothing,59,Georgia,XL,Green,Spring,3.5,No,Store Pickup,Yes,Yes,29,Cash,Bi-Weekly
1735,58,Female,Dress,Clothing,75,Texas,L,Red,Spring,3.55,No,2-Day Shipping,No,No,35,Cash,Every 3 Months
1736,56,Male,Boots,Footwear,82,Georgia,L,Beige,Spring,3.55,No,Free Shipping,No,No,25,Credit Card,Fortnightly
1737,43,Female,Shorts,Clothing,93,Oregon,S,Beige,Summer,4.46,No,Express,Yes,Yes,42,Credit Card,Bi-Weekly
1738,19,Male,Blouse,Clothing,93,Idaho,XL,Green,Spring,5.0,No,Store Pickup,Yes,Yes,24,Debit Card,Quarterly
1739,40,Male,Sweater,Clothing,55,Montana,S,Red,Fall,3.28,No,Store Pickup,Yes,Yes,13,Credit Card,Weekly
1740,40,Male,Jeans,Clothing,76,Ohio,L,White,Fall,3.7,Yes,Next Day Air,No,No,21,Credit Card,Fortnightly
1741,38,Female,Blouse,Clothing,93,New York,L,Pink,Winter,3.93,No,Store Pickup,No,No,42,Credit Card,Annually
1742,33,Male,Boots,Footwear,64,Michigan,M,Green,Spring,3.21,No,Store Pickup,Yes,Yes,43,Bank Transfer,Monthly
1743,26,Male,Jacket,Clothing,98,Arizona,M,Blue,Spring,3.83,No,Next Day Air,No,No,39,Credit Card,Bi-Weekly
1744,30,Female,Coat,Clothing,99,Oregon,XL,Brown,Spring,4.01,No,Standard,Yes,Yes,34,Credit Card,Monthly
1745,45,Male,Sweater,Clothing,21,Oregon,L,Brown,Fall,3.75,No,Store Pickup,No,No,19,Cash,Fortnightly
1746,44,Female,Hoodie,Clothing,87,Michigan,L,Yellow,Summer,4.18,No,2-Day Shipping,Yes,Yes,28,Cash,Monthly
1747,68,Female,Jacket,Clothing,69,Texas,M,Beige,Summer,3.8,No,Express,No,No,27,Debit Card,Quarterly
1748,69,Female,Shorts,Clothing,48,Montana,S,Black,Spring,2.08,Yes,Store Pickup,No,No,50,PayPal,Fortnightly
1749,34,Male,Jacket,Clothing,100,Montana,S,Blue,Summer,3.22,No,Next Day Air,No,No,26,Debit Card,Weekly
1750,55,Male,Shirt,Clothing,29,Illinois,L,White,Winter,4.66,No,2-Day Shipping,Yes,Yes,11,Bank Transfer,Weekly
1751,53,Female,Shirt,Clothing,46,Texas,L,Red,Fall,4.11,No,Express,Yes,Yes,49,Bank Transfer,Annually
1752,18,Female,Dress,Clothing,34,Virginia,XL,White,Spring,2.09,Yes,Standard,No,No,35,Bank Transfer,Weekly
1753,35,Female,Boots,Footwear,79,Georgia,XL,Beige,Summer,2.89,No,Store Pickup,Yes,Yes,20,Venmo,Weekly
1754,68,Male,Sandals,Footwear,50,Colorado,M,Black,Spring,4.23,No,Next Day Air,Yes,Yes,12,Debit Card,Fortnightly
1755,26,Female,T-shirt,Clothing,40,Georgia,L,Red,Spring,3.45,No,Standard,Yes,Yes,28,Debit Card,Fortnightly
1756,30,Female,T-shirt,Clothing,79,Florida,S,Green,Fall,2.18,No,Store Pickup,No,No,2,Credit Card,Every 3 Months
1757,57,Female,Hoodie,Clothing,77,Ohio,XL,Yellow,Fall,4.44,No,Standard,No,No,1,Credit Card,Fortnightly
1758,62,Male,Hoodie,Clothing,60,New York,M,Red,Summer,,No,Next Day Air,No,No,9,Credit Card,Bi-Weekly
1759,32,Female,Sweater,Clothing,65,Montana,M,Beige,Fall,3.3,No,2-Day Shipping,Yes,Yes,22,PayPal,Every 3 Months
1760,60,Male,Shorts,Clothing,64,Illinois,S,White,Winter,4.55,Yes,2-Day Shipping,Yes,Yes,40,Bank Transfer,Fortnightly
1761,61,Male,Sneakers,Footwear,45,Illinois,XL,Brown,Spring,3.33,No,Standard,No,No,27,Credit Card,Fortnightly
1762,63,Female,Dress,Clothing,70,Idaho,S,White,Fall,3.43,No,Standard,No,No,9,Venmo,Annually
1763,21,Female,Shirt,Clothing,55,Texas,M,White,Summer,3.51,No,Store Pickup,Yes,Yes,7,Cash,Fortnightly
1764,50,Female,Sweater,Clothing,71,Montana,L,White,Summer,2.66,No,Free Shipping,No,No,36,Venmo,Weekly
1765,41,Male,Sneakers,Footwear,100,New York,S,Yellow,Summer,4.05,No,Express,Yes,Yes,48,PayPal,Quarterly
1766,53,Male,T-shirt,Clothing,70,Oregon,M,Beige,Winter,4.11,No,Store Pickup,No,No,38,Credit Card,Weekly
1767,68,Male,Sandals,Footwear,22,Florida,L,Blue,Fall,3.52,No,Standard,Yes,Yes,50,Debit Card,Every 3 Months
1768,58,Female,Jacket,Clothing,33,California,L,Yellow,Fall,4.22,Yes,Standard,No,No,2,Cash,Annually
1769,27,Male,Shirt,Clothing,68,California,XL,Yellow,Winter,2.85,No,Express,No,No,43,Bank Transfer,Quarterly
1770,53,Female,Sweater,Clothing,96,Florida,XL,Beige,Fall,4.21,Yes,Next Day Air,No,No,5,PayPal,Annually
1771,37,Female,Blouse,Clothing,20,Georgia,M,Pink,Fall,4.0,Yes,2-Day Shipping,Yes,Yes,17,Venmo,Quarterly
1772,58,Female,Sneakers,Footwear,76,Virginia,S,Yellow,Fall,3.39,No,Next Day Air,No,No,37,Credit Card,Annually
1773,62,Male,Jacket,Clothing,36,Colorado,L,Red,Winter,4.05,Yes,Express,Yes,Yes,35,PayPal,Quarterly
1774,61,Male,Shirt,Clothing,69,Montana,XL,Pink,Winter,3.27,Yes,Express,Yes,Yes,8,PayPal,Annually
1775,28,Male,T-shirt,Clothing,33,Oregon,XL,Beige,Summer,4.46,No,Free Shipping,No,No,43,Debit Card,Every 3 Months
1776,29,Female,Skirt,Clothing,78,Texas,S,Gray,Winter,4.12,No,Store Pickup,No,No,3,Bank Transfer,Every 3 Months
1777,35,Male,Shorts,Clothing,100,New York,XL,Gray,Winter,4.02,Yes,Store Pickup,No,No,3,Debit Card,Weekly
1778,47,Male,Sneakers,Footwear,22,Michigan,M,Blue,Summer,3.52,Yes,Store Pickup,No,No,1,Debit Card,Bi-Weekly
1779,61,Female,T-shirt,Clothing,59,Colorado,S,Green,Winter,4.27,Yes,Store Pickup,Yes,Yes,24,Bank Transfer,Annually
1780,65,Female,Shirt,Clothing,85,Idaho,L,Yellow,Fall,4.52,No,Free Shipping,Yes,Yes,45,Venmo,Monthly
1781,54,Male,Sneakers,Footwear,53,Texas,M,White,Spring,4.76,No,2-Day Shipping,Yes,Yes,30,Debit Card,Bi-Weekly
1782,37,Female,Dress,Clothing,28,Arizona,L,Green,Summer,3.47,No,Store Pickup,No,No,42,Bank Transfer,Weekly
1783,42,Male,Jacket,Clothing,40,Colorado,L,Green,Spring,4.29,Yes,Standard,No,No,26,PayPal,Quarterly
1784,29,Female,Pants,Clothing,44,Texas,XL,Pink,Spring,4.64,No,Express,No,No,38,PayPal,Monthly
1785,38,Female,Shirt,Clothing,63,Texas,M,Red,Summer,3.65,No,Free Shipping,Yes,Yes,43,Bank Transfer,Bi-Weekly
1786,42,Male,Dress,Clothing,44,Ohio,M,Gray,Spring,4.64,No,Next Day Air,Yes,Yes,40,PayPal,Annually
1787,28,Female,Coat,Clothing,28,Montana,S,Brown,Spring,3.9,No,Store Pickup,No,No,43,Cash,Every 3 Months
1788,26,Female,Sweater,Clothing,81,Virginia,M,Red,Summer,3.19,No,Free Shipping,Yes,Yes,38,Cash,Annually
1789,67,Female,Skirt,Clothing,45,Idaho,S,Gray,Summer,3.37,Yes,Next Day Air,No,No,44,Bank Transfer,Every 3 Months
1790,42,Male,Hoodie,Clothing,76,Ohio,M,Brown,Fall,2.93,No,Free Shipping,No,No,50,Bank Transfer,Fortnightly
1791,52,Female,Jacket,Clothing,56,Montana,L,Yellow,Summer,3.78,Yes,Next Day Air,No,No,3,Venmo,Every 3 Months
1792,69,Female,Sneakers,Footwear,35,Alabama,S,Black,Winter,3.7,No,Free Shipping,Yes,Yes,13,Bank Transfer,Bi-Weekly
1793,49,Male,Shorts,Clothing,56,Idaho,M,Beige,Spring,3.91,No,Free Shipping,Yes,Yes,36,Debit Card,Weekly
1794,66,Male,T-shirt,Clothing,95,Montana,S,Black,Summer,4.62,No,Store Pickup,Yes,Yes,41,PayPal,Monthly
1795,31,Female,Hoodie,Clothing,43,California,XL,Red,Fall,3.79,No,2-Day Shipping,Yes,Yes,48,Debit Card,Fortnightly
1796,18,Female,Blouse,Clothing,45,Ohio,XL,Blue,Summer,3.64,Yes,Standard,Yes,Yes,12,Bank Transfer,Annually
1797,34,Female,T-shirt,Clothing,39,Alabama,S,Red,Spring,3.68,No,Express,No,No,20,PayPal,Every 3 Months
1798,42,Male,Sneakers,Footwear,28,Georgia,S,Pink,Summer,2.69,Yes,Standard,No,No,39,Cash,Every 3 Months
1799,25,Female,Skirt,Clothing,48,Idaho,L,Brown,Spring,4.21,No,2-Day Shipping,Yes,Yes,44,PayPal,Annually
1800,22,Male,Boots,Footwear,50,Arizona,M,Brown,Summer,3.71,No,Store Pickup,Yes,Yes,8,Venmo,Monthly
1801,22,Male,T-shirt,Clothing,38,New York,XL,Yellow,Fall,3.85,No,Next Day Air,Yes,Yes,47,Credit Card,Monthly
1802,58,Female,Boots,Footwear,39,Arizona,XL,Black,Winter,3.68,Yes,Standard,Yes,Yes,2,PayPal,Annually
1803,52,Female,Sweater,Clothing,46,California,M,Yellow,Fall,3.88,Yes,Express,No,No,11,Bank Transfer,Bi-Weekly
1804,36,Male,Skirt,Clothing,63,California,XL,Black,Summer,3.01,No,Store Pickup,Yes,Yes,21,Venmo,Every 3 Months
1805,40,Female,Shirt,Clothing,54,Colorado,XL,Brown,Spring,3.8,No,Express,Yes,Yes,37,Cash,Quarterly
1806,26,Female,Dress,Clothing,90,Oregon,S,Red,Fall,3.44,No,Next Day Air,Yes,Yes,6,Cash,Every 3 Months
1807,47,Male,Blouse,Clothing,41,Oregon,XL,Blue,Winter,3.82,No,Express,No,No,19,Credit Card,Bi-Weekly
1808,67,Female,Jeans,Clothing,93,Florida,XL,Brown,Winter,3.19,No,2-Day Shipping,No,No,30,Bank Transfer,Fortnightly
1809,33,Male,Sneakers,Footwear,34,Georgia,XL,Green,Spring,4.09,Yes,Standard,Yes,Yes,46,Debit Card,Weekly
1810,50,Female,Sandals,Footwear,32,Florida,M,Gray,Summer,3.81,No,Express,No,No,39,Debit Card,Every 3 Months
1811,19,Male,Jeans,Clothing,23,Arizona,L,Black,Fall,3.02,No,Standard,No,No,44,PayPal,Bi-Weekly
1812,31,Male,T-shirt,Clothing,75,Ohio,S,Black,Fall,4.37,Yes,Free Shipping,No,No,49,Cash,Quarterly
1813,63,Female,Hoodie,Clothing,42,Texas,L,Pink,Spring,3.49,No,Standard,Yes,Yes,36,Venmo,Quarterly
1814,18,Male,Sneakers,Footwear,53,Montana,XL,Yellow,Fall,3.58,Yes,Next Day Air,No,No,20,Credit Card,Bi-Weekly
1815,43,Male,Dress,Clothing,36,Colorado,XL,Beige,Spring,4.28,No,2-Day Shipping,No,No,10,Debit Card,Fortnightly
1816,42,Female,Coat,Clothing,47,Michigan,XL,Beige,Spring,4.44,Yes,Store Pickup,No,No,24,PayPal,Quarterly
1817,33,Female,Dress,Clothing,33,New York,L,Pink,Summer,3.52,Yes,Express,No,No,33,PayPal,Quarterly
1818,32,Female,Sandals,Footwear,53,Alabama,M,Brown,Spring,3.87,No,Store Pickup,No,No,29,Cash,Every 3 Months
1819,43,Male,Blouse,Clothing,94,New York,M,Black,Fall,4.21,No,2-Day Shipping,Yes,Yes,30,Venmo,Every 3 Months
1820,64,Male,Dress,Clothing,76,California,S,White,Spring,4.56,No,Standard,No,No,36,Venmo,Annually
1821,61,Male,Shorts,Clothing,96,Virginia,L,Blue,Fall,3.85,No,Express,No,No,45,Debit Card,Fortnightly
1822,33,Female,Coat,Clothing,74,Florida,M,Green,Spring,4.08,Yes,2-Day Shipping,No,No,6,PayPal,Fortnightly
1823,31,Male,Jeans,Clothing,85,Texas,S,Red,Summer,3.25,No,Next Day Air,Yes,Yes,47,Cash,Fortnightly
1824,46,Male,Shirt,Clothing,56,Georgia,XL,Red,Summer,2.89,Yes,Free Shipping,No,No,14,Venmo,Annually
1825,41,Female,Sweater,Clothing,87,Virginia,XL,Beige,Spring,4.13,No,Free Shipping,No,No,3,PayPal,Fortnightly
1826,64,Male,Shorts,Clothing,95,Illinois,S,Beige,Spring,3.32,No,Next Day Air,Yes,Yes,24,Venmo,Bi-Weekly
1827,32,Female,Pants,Clothing,45,Idaho,M,Pink,Spring,3.25,No,Store Pickup,No,No,19,Credit Card,Bi-Weekly
1828,36,Female,Coat,Clothing,80,Illinois,L,Black,Summer,4.18,No,Free Shipping,No,No,38,Venmo,Monthly
1829,25,Female,Shirt,Clothing,86,Illinois,S,Yellow,Winter,3.71,Yes,Next Day Air,No,No,34,Venmo,Annually
1830,51,Male,Shirt,Clothing,93,Ohio,M,Red,Spring,3.94,No,Standard,No,No,9,PayPal,Monthly
1831,19,Male,Sneakers,Footwear,71,Ohio,S,Black,Winter,3.03,No,Store Pickup,Yes,Yes,30,Venmo,Annually
1832,44,Male,Coat,Clothing,37,Florida,M,Green,Spring,3.25,No,Store Pickup,No,No,32,Venmo,Monthly
1833,27,Female,Blouse,Clothing,72,Oregon,XL,Blue,Fall,4.78,Yes,Next Day Air,Yes,Yes,13,Credit Card,Quarterly
1834,52,Female,T-shirt,Clothing,82,Oregon,S,Blue,Summer,3.41,No,Free Shipping,No,No,18,Venmo,Fortnightly
1835,40,Female,Sandals,Footwear,72,Illinois,L,Red,Winter,3.68,Yes,Standard,No,No,44,Venmo,Bi-Weekly
1836,66,Male,Pants,Clothing,46,Virginia,S,White,Winter,3.94,No,Store Pickup,No,No,22,PayPal,Bi-Weekly
1837,25,Male,Sandals,Footwear,50,Alabama,XL,Pink,Summer,3.16,No,Next Day Air,Yes,Yes,4,Cash,Fortnightly
1838,45,Male,Jeans,Clothing,20,California,XL,Red,Winter,4.61,Yes,Next Day Air,No,No,23,Credit Card,Monthly
1839,40,Male,Jeans,Clothing,25,Oregon,M,Green,Spring,3.8,No,Store Pickup,Yes,Yes,7,Venmo,Every 3 Months
1840,21,Male,Sandals,Footwear,30,Illinois,XL,White,Winter,3.66,No,Store Pickup,Yes,Yes,44,Cash,Annually
1841,31,Female,Dress,Clothing,53,Texas,M,Gray,Spring,4.44,No,Standard,Yes,Yes,11,PayPal,Quarterly
1842,70,Male,Blouse,Clothing,82,Idaho,XL,Brown,Winter,4.35,Yes,Store Pickup,Yes,Yes,39,Credit Card,Bi-Weekly
1843,59,Female,Boots,Footwear,72,Virginia,M,Beige,Fall,4.98,No,Express,No,No,42,Bank Transfer,Weekly
1844,46,Female,Dress,Clothing,37,Virginia,L,Beige,Winter,3.54,No,Free Shipping,No,No,41,PayPal,Quarterly
1845,18,Male,Hoodie,Clothing,40,Montana,M,White,Winter,5.0,No,Store Pickup,Yes,Yes,34,Cash,Quarterly
1846,21,Female,Dress,Clothing,38,Oregon,M,Red,Spring,4.19,Yes,Express,No,No,5,Credit Card,Monthly
1847,49,Male,Sweater,Clothing,23,Florida,L,Beige,Summer,4.81,Yes,Standard,Yes,Yes,42,Venmo,Fortnightly
1848,50,Male,Jacket,Clothing,96,Florida,M,Black,Fall,4.39,No,Standard,No,No,25,Cash,Annually
1849,66,Female,T-shirt,Clothing,48,Arizona,M,Beige,Summer,3.41,No,2-Day Shipping,No,No,28,PayPal,Annually
1850,43,Male,Sweater,Clothing,44,Texas,L,Blue,Spring,3.3,Yes,2-Day Shipping,No,No,14,Credit Card,Weekly
1851,34,Male,Sneakers,Footwear,75,Colorado,XL,Beige,Fall,2.72,No,Standard,Yes,Yes,27,Cash,Monthly
1852,56,Female,Jacket,Clothing,96,Ohio,S,Gray,Winter,2.59,Yes,2-Day Shipping,No,No,16,Bank Transfer,Fortnightly
1853,40,Female,Jacket,Clothing,82,Georgia,M,Pink,Summer,3.43,No,Next Day Air,Yes,Yes,27,Cash,Annually
1854,49,Female,Coat,Clothing,46,California,XL,White,Summer,4.56,No,Express,No,No,2,PayPal,Weekly
1855,69,Female,Blouse,Clothing,79,Alabama,S,Black,Summer,3.5,Yes,Standard,Yes,Yes,19,PayPal,Every 3 Months
1856,32,Female,Blouse,Clothing,68,Michigan,L,Gray,Winter,3.39,Yes,Next Day Air,No,No,23,Venmo,Every 3 Months
1857,30,Female,Jacket,Clothing,84,Texas,M,Blue,Spring,4.22,Yes,Free Shipping,No,No,41,Venmo,Bi-Weekly
1858,19,Male,Hoodie,Clothing,57,Colorado,M,Red,Winter,3.28,Yes,Free Shipping,No,No,14,Cash,Weekly
1859,36,Male,Dress,Clothing,71,New York,L,Brown,Winter,4.9,Yes,2-Day Shipping,Yes,Yes,47,PayPal,Monthly
1860,41,Male,Coat,Clothing,20,Montana,M,Blue,Spring,3.64,No,2-Day Shipping,No,No,26,Cash,Weekly
1861,62,Female,T-shirt,Clothing,59,Colorado,S,White,Spring,4.36,No,Next Day Air,Yes,Yes,8,Debit Card,Weekly
1862,41,Male,Jacket,Clothing,100,Idaho,S,White,Winter,3.68,No,Free Shipping,No,No,27,Bank Transfer,Weekly
1863,28,Female,Shorts,Clothing,40,Arizona,L,White,Spring,3.81,No,Store Pickup,Yes,Yes,47,PayPal,Bi-Weekly
1864,39,Male,Jeans,Clothing,34,Virginia,M,Gray,Summer,4.48,No,Standard,Yes,Yes,40,Debit Card,Every 3 Months
1865,32,Female,Jeans,Clothing,69,Texas,XL,White,Fall,3.94,No,Store Pickup,No,No,28,Debit Card,Every 3 Months
1866,27,Male,Sweater,Clothing,67,Arizona,M,Pink,Spring,4.7,Yes,Express,Yes,Yes,4,PayPal,Fortnightly
1867,58,Female,Sneakers,Footwear,51,Montana,L,Pink,Fall,3.33,No,2-Day Shipping,Yes,Yes,38,Venmo,Weekly
1868,44,Female,Skirt,Clothing,68,Illinois,XL,Pink,Summer,3.02,Yes,Next Day Air,Yes,Yes,11,Cash,Annually
1869,26,Female,Skirt,Clothing,87,Arizona,S,White,Spring,2.75,No,Store Pickup,Yes,Yes,44,Credit Card,Quarterly
1870,69,Female,Jeans,Clothing,64,Florida,S,Pink,Winter,4.55,Yes,2-Day Shipping,No,No,24,Credit Card,Annually
1871,45,Male,Boots,Footwear,51,Ohio,XL,Yellow,Winter,4.34,No,Next Day Air,No,No,28,Bank Transfer,Monthly
1872,18,Male,Shirt,Clothing,23,Colorado,XL,Beige,Summer,3.64,No,Free Shipping,Yes,Yes,41,PayPal,Quarterly
1873,34,Female,Sweater,Clothing,84,Virginia,L,Beige,Spring,3.98,No,2-Day Shipping,Yes,Yes,18,Venmo,Annually
1874,48,Female,Skirt,Clothing,90,Illinois,M,White,Winter,4.44,Yes,Store Pickup,Yes,Yes,49,Venmo,Fortnightly
1875,61,Female,Jeans,Clothing,92,Texas,S,Green,Spring,3.69,Yes,Next Day Air,Yes,Yes,21,Venmo,Monthly
1876,27,Male,Sneakers,Footwear,84,Georgia,M,Gray,Fall,2.74,No,Next Day Air,No,No,26,Credit Card,Fortnightly
1877,54,Female,Skirt,Clothing,99,Idaho,S,Brown,Winter,2.75,Yes,Store Pickup,No,No,3,Debit Card,Annually
1878,46,Female,Dress,Clothing,37,Florida,M,Gray,Summer,3.14,Yes,2-Day Shipping,Yes,Yes,13,Bank Transfer,Monthly
1879,35,Male,Dress,Clothing,73,Montana,S,Yellow,Winter,3.86,No,Express,Yes,Yes,38,Credit Card,Every 3 Months
1880,64,Female,Blouse,Clothing,66,Illinois,M,Gray,Summer,3.24,No,Standard,Yes,Yes,28,Venmo,Every 3 Months
1881,55,Female,Hoodie,Clothing,25,Florida,L,Yellow,Summer,4.42,No,Free Shipping,No,No,14,Credit Card,Quarterly
1882,56,Male,Blouse,Clothing,85,Ohio,S,Yellow,Fall,3.04,No,Store Pickup,No,No,1,Credit Card,Quarterly
1883,66,Female,T-shirt,Clothing,28,Illinois,L,Gray,Fall,3.38,No,Store Pickup,Yes,Yes,28,Bank Transfer,Annually
1884,23,Female,Jacket,Clothing,87,California,S,Brown,Summer,2.71,Yes,2-Day Shipping,Yes,Yes,36,Cash,Bi-Weekly
1885,57,Male,Shorts,Clothing,42,California,S,Yellow,Winter,3.53,No,2-Day Shipping,No,No,50,PayPal,Annually
1886,29,Female,Blouse,Clothing,62,Illinois,S,Pink,Summer,3.8,No,Express,No,No,11,Debit Card,Annually
1887,70,Male,Pants,Clothing,70,Colorado,M,Black,Spring,,No,Free Shipping,Yes,Yes,43,Cash,Annually
1888,31,Female,Skirt,Clothing,91,Oregon,S,Black,Spring,3.87,Yes,2-Day Shipping,Yes,Yes,40,PayPal,Fortnightly
1889,61,Female,Boots,Footwear,44,Illinois,L,Red,Winter,4.24,No,Express,Yes,Yes,4,Venmo,Quarterly
1890,27,Female,Coat,Clothing,99,Colorado,M,White,Winter,4.4,No,Store Pickup,No,No,34,Bank Transfer,Monthly
1891,37,Female,Jeans,Clothing,54,California,M,Blue,Fall,4.04,Yes,Standard,Yes,Yes,1,Bank Transfer,Weekly
1892,32,Female,Coat,Clothing,36,Texas,S,Pink,Spring,3.26,No,Next Day Air,Yes,Yes,10,Cash,Annually
1893,48,Male,Pants,Clothing,37,Colorado,XL,Pink,Summer,4.04,Yes,Standard,No,No,17,PayPal,Weekly
1894,24,Female,Sneakers,Footwear,46,Arizona,M,Blue,Summer,4.69,No,Standard,Yes,Yes,7,Bank Transfer,Weekly
1895,58,Female,Blouse,Clothing,34,Georgia,S,White,Spring,3.61,Yes,Standard,No,No,39,Cash,Bi-Weekly
1896,27,Male,Shorts,Clothing,100,Idaho,L,Black,Spring,4.13,No,Standard,Yes,Yes,13,Bank Transfer,Annually
1897,27,Male,Sneakers,Footwear,88,Florida,XL,Brown,Fall,4.12,No,Next Day Air,Yes,Yes,22,Credit Card,Quarterly
1898,65,Female,Shirt,Clothing,99,Florida,M,Yellow,Spring,3.58,No,Store Pickup,No,No,1,Credit Card,Fortnightly
1899,56,Male,Shirt,Clothing,34,Montana,XL,Blue,Fall,4.36,No,Free Shipping,Yes,Yes,28,Cash,Fortnightly
1900,45,Female,Coat,Clothing,61,Idaho,M,Brown,Winter,3.57,Yes,Free Shipping,No,No,33,Cash,Annually
1901,47,Male,Jacket,Clothing,53,Alabama,XL,Red,Winter,4.07,No,Store Pickup,No,No,13,Debit Card,Annually
1902,54,Male,Sweater,Clothing,67,California,XL,Yellow,Spring,3.66,No,Express,Yes,Yes,1,Venmo,Bi-Weekly
1903,20,Female,Jacket,Clothing,27,Michigan,L,Gray,Spring,3.83,Yes,Express,No,No,38,Credit Card,Monthly
1904,67,Male,Skirt,Clothing,29,Michigan,XL,Pink,Spring,4.36,No,2-Day Shipping,Yes,Yes,25,Bank Transfer,Every 3 Months
1905,60,Female,Pants,Clothing,24,Alabama,L,Yellow,Spring,2.63,No,Standard,No,No,42,Cash,Annually
1906,32,Male,Dress,Clothing,67,Georgia,S,Gray,Summer,4.17,No,Standard,Yes,Yes,21,PayPal,Quarterly
1907,38,Male,T-shirt,Clothing,45,Ohio,M,Black,Summer,4.22,No,Next Day Air,No,No,33,Bank Transfer,Quarterly
1908,69,Male,Jacket,Clothing,42,Idaho,L,Gray,Winter,3.46,No,Standard,Yes,Yes,37,Venmo,Monthly
1909,54,Female,Hoodie,Clothing,81,Colorado,M,Gray,Summer,3.78,Yes,Next Day Air,Yes,Yes,34,PayPal,Monthly
1910,29,Female,T-shirt,Clothing,32,New York,L,Green,Spring,3.21,No,2-Day Shipping,No,No,3,Bank Transfer,Quarterly
1911,21,Male,Pants,Clothing,28,Georgia,M,Blue,Fall,3.32,No,Express,No,No,30,Venmo,Quarterly
1912,64,Female,T-shirt,Clothing,39,Montana,L,Yellow,Winter,3.96,Yes,Express,Yes,Yes,3,PayPal,Weekly
1913,26,Female,Shorts,Clothing,76,Illinois,M,Blue,Spring,5.0,No,2-Day Shipping,Yes,Yes,18,Credit Card,Annually
1914,56,Female,Blouse,Clothing,43,Ohio,S,Yellow,Summer,4.2,No,2-Day Shipping,No,No,23,Cash,Annually
1915,59,Male,Shorts,Clothing,52,Arizona,M,Pink,Fall,3.29,No,Store Pickup,No,No,8,Bank Transfer,Annually
1916,45,Female,T-shirt,Clothing,39,Colorado,S,Beige,Fall,4.27,Yes,Standard,Yes,Yes,9,Cash,Fortnightly
1917,40,Male,Sneakers,Footwear,79,New York,S,Blue,Summer,4.15,No,Express,No,No,2,Debit Card,Weekly
1918,62,Male,Shirt,Clothing,67,Idaho,S,Blue,Spring,2.76,No,Free Shipping,Yes,Yes,2,Bank Transfer,Weekly
1919,57,Male,T-shirt,Clothing,83,Colorado,XL,Pink,Fall,3.61,No,2-Day Shipping,No,No,27,Cash,Fortnightly
1920,61,Male,Shorts,Clothing,49,Idaho,M,Yellow,Fall,3.71,Yes,Express,Yes,Yes,48,Bank Transfer,Bi-Weekly
1921,39,Male,Boots,Footwear,92,Colorado,XL,Pink,Summer,3.87,No,Express,Yes,Yes,39,Credit Card,Every 3 Months
1922,41,Female,Pants,Clothing,36,Michigan,XL,Brown,Fall,3.78,No,Next Day Air,No,No,36,Venmo,Bi-Weekly
1923,68,Female,Sneakers,Footwear,33,Alabama,M,Gray,Fall,3.89,No,Express,Yes,Yes,5,Venmo,Bi-Weekly
1924,43,Male,Shorts,Clothing,38,Texas,S,Pink,Fall,3.24,No,2-Day Shipping,No,No,1,Cash,Bi-Weekly
1925,47,Female,Jacket,Clothing,90,Virginia,XL,Yellow,Winter,3.6,No,Standard,No,No,22,PayPal,Monthly
1926,50,Female,Jeans,Clothing,78,Alabama,XL,Black,Spring,3.64,No,Express,Yes,Yes,10,Cash,Weekly
1927,33,Female,Coat,Clothing,86,Georgia,L,Pink,Spring,4.5,No,Free Shipping,Yes,Yes,45,Bank Transfer,Monthly
1928,39,Female,Sweater,Clothing,63,Florida,M,White,Summer,3.38,No,2-Day Shipping,No,No,24,Venmo,Annually
1929,66,Female,Dress,Clothing,51,Alabama,XL,Pink,Spring,3.65,No,Standard,Yes,Yes,15,Bank Transfer,Monthly
1930,67,Female,Shorts,Clothing,30,Texas,M,Blue,Fall,3.59,Yes,Store Pickup,No,No,33,Debit Card,Fortnightly
1931,60,Female,Hoodie,Clothing,21,Arizona,M,Brown,Spring,4.75,No,Standard,No,No,50,Venmo,Bi-Weekly
1932,35,Male,Sweater,Clothing,87,Virginia,XL,Green,Winter,4.2,No,2-Day Shipping,No,No,23,PayPal,Quarterly
1933,24,Male,Pants,Clothing,36,Ohio,M,Pink,Fall,3.24,No,Store Pickup,Yes,Yes,14,PayPal,Bi-Weekly
1934,67,Male,Boots,Footwear,100,Oregon,S,Beige,Fall,4.04,No,Standard,Yes,Yes,18,Debit Card,Weekly
1935,43,Female,Sandals,Footwear,59,California,XL,White,Winter,3.19,No,Free Shipping,Yes,Yes,25,Bank Transfer,Monthly
1936,25,Female,Shorts,Clothing,65,Idaho,XL,Black,Winter,3.96,Yes,Express,Yes,Yes,22,Bank Transfer,Weekly
1937,23,Male,Jeans,Clothing,23,Georgia,XL,Pink,Spring,4.62,Yes,2-Day Shipping,Yes,Yes,44,Bank Transfer,Monthly
1938,47,Female,Sweater,Clothing,57,Georgia,L,Gray,Spring,2.63,Yes,Express,No,No,44,PayPal,Monthly
1939,56,Female,Dress,Clothing,82,Illinois,L,Gray,Spring,3.2,Yes,Express,Yes,Yes,37,Cash,Monthly
1940,40,Male,T-shirt,Clothing,48,Alabama,L,White,Winter,3.89,Yes,Standard,Yes,Yes,7,Cash,Quarterly
1941,49,Male,Shorts,Clothing,38,New York,L,Blue,Spring,3.56,No,2-Day Shipping,Yes,Yes,26,Venmo,Annually
1942,39,Male,Blouse,Clothing,48,Arizona,XL,Red,Summer,3.93,No,Express,No,No,24,Credit Card,Bi-Weekly
1943,59,Female,Boots,Footwear,54,Montana,S,Blue,Spring,3.75,No,Next Day Air,Yes,Yes,13,Cash,Monthly
1944,60,Female,Pants,Clothing,89,Idaho,M,White,Winter,2.79,No,Free Shipping,No,No,41,Cash,Fortnightly
1945,62,Female,Coat,Clothing,42,Texas,M,Blue,Winter,4.17,No,Store Pickup,Yes,Yes,6,Bank Transfer,Every 3 Months
1946,26,Male,Jeans,Clothing,65,Florida,XL,Gray,Summer,3.0,Yes,Standard,No,No,21,Bank Transfer,Every 3 Months
1947,48,Male,Skirt,Clothing,63,Texas,S,Brown,Fall,3.92,No,2-Day Shipping,No,No,7,Debit Card,Monthly
1948,24,Female,Skirt,Clothing,67,Alabama,M,Red,Summer,3.53,No,2-Day Shipping,Yes,Yes,18,Cash,Bi-Weekly
1949,26,Male,Hoodie,Clothing,71,Colorado,S,Gray,Winter,5.0,No,Standard,Yes,Yes,15,Venmo,Bi-Weekly
1950,30,Male,Sweater,Clothing,27,Ohio,XL,Black,Fall,3.73,Yes,Express,Yes,Yes,8,Bank Transfer,Annually
1951,20,Female,Jeans,Clothing,74,Florida,L,Gray,Summer,4.01,Yes,Standard,Yes,Yes,16,Debit Card,Annually
1952,52,Male,Sneakers,Footwear,85,New York,S,Blue,Summer,4.13,No,2-Day Shipping,No,No,49,Cash,Quarterly
1953,50,Male,Dress,Clothing,96,Texas,M,Brown,Fall,4.0,No,Next Day Air,No,No,3,Venmo,Monthly
1954,38,Male,Coat,Clothing,59,Georgia,M,Red,Summer,3.78,No,Express,No,No,45,Debit Card,Fortnightly
1955,48,Female,T-shirt,Clothing,50,New York,M,Pink,Fall,3.21,No,Store Pickup,No,No,9,Credit Card,Quarterly
1956,69,Female,Shorts,Clothing,67,Montana,L,Red,Spring,3.73,Yes,Standard,Yes,Yes,47,Bank Transfer,Quarterly
1957,51,Male,Shorts,Clothing,80,Virginia,S,Gray,Fall,2.68,No,2-Day Shipping,Yes,Yes,26,Venmo,Monthly
1958,49,Female,Skirt,Clothing,71,New York,S,Pink,Summer,4.09,Yes,Store Pickup,No,No,26,Cash,Monthly
1959,52,Female,Shorts,Clothing,57,Idaho,M,White,Spring,5.0,Yes,2-Day Shipping,Yes,Yes,30,Debit Card,Quarterly
1960,32,Female,Pants,Clothing,55,Arizona,S,Yellow,Winter,3.91,Yes,2-Day Shipping,No,No,27,Credit Card,Quarterly
1961,49,Male,Coat,Clothing,74,Florida,M,Gray,Winter,4.0,No,Next Day Air,Yes,Yes,16,Venmo,Quarterly
1962,23,Female,Blouse,Clothing,32,Idaho,S,Beige,Winter,2.87,Yes,Express,Yes,Yes,48,Credit Card,Weekly
1963,62,Male,Sandals,Footwear,56,Illinois,L,Gray,Summer,3.31,No,Standard,No,No,4,Venmo,Quarterly
1964,38,Male,Hoodie,Clothing,66,Texas,L,White,Spring,4.34,No,Express,Yes,Yes,19,Cash,Bi-Weekly
1965,50,Female,Shirt,Clothing,90,Michigan,XL,Red,Fall,2.93,Yes,2-Day Shipping,No,No,34,Venmo,Every 3 Months
1966,49,Male,Jacket,Clothing,41,Texas,XL,Black,Winter,3.36,No,Next Day Air,No,No,6,Cash,Fortnightly
1967,69,Female,Hoodie,Clothing,58,Illinois,XL,Pink,Winter,4.14,Yes,Store Pickup,No,No,45,Venmo,Fortnightly
1968,36,Female,Sweater,Clothing,77,New York,S,Beige,Spring,4.29,No,Next Day Air,No,No,15,Debit Card,Every 3 Months
1969,50,Male,Blouse,Clothing,49,Oregon,L,Yellow,Spring,3.73,No,2-Day Shipping,No,No,10,Venmo,Monthly
1970,45,Male,Hoodie,Clothing,37,Idaho,L,White,Spring,3.87,Yes,Express,No,No,42,Venmo,Annually
1971,48,Female,T-shirt,Clothing,37,Michigan,L,Yellow,Summer,3.87,No,Store Pickup,Yes,Yes,36,PayPal,Quarterly
1972,38,Female,Skirt,Clothing,93,Florida,M,Green,Spring,3.06,Yes,Express,No,No,46,PayPal,Fortnightly
1973,51,Female,Boots,Footwear,58,Florida,S,Beige,Fall,3.76,No,Next Day Air,No,No,40,Venmo,Fortnightly
1974,32,Female,Sweater,Clothing,45,Oregon,S,Beige,Fall,3.95,No,Store Pickup,Yes,Yes,6,PayPal,Bi-Weekly
1975,31,Male,Shorts,Clothing,90,Illinois,XL,Green,Winter,3.75,No,Free Shipping,Yes,Yes,44,Cash,Bi-Weekly
1976,36,Male,Jeans,Clothing,26,Texas,M,Beige,Fall,2.64,No,Next Day Air,Yes,Yes,40,PayPal,Weekly
1977,60,Male,T-shirt,Clothing,88,Illinois,M,Gray,Spring,4.72,No,Store Pickup,No,No,6,Venmo,Every 3 Months
1978,32,Female,Sweater,Clothing,84,Oregon,L,Green,Fall,3.14,No,Next Day Air,No,No,15,Bank Transfer,Weekly
1979,23,Male,Boots,Footwear,65,Michigan,XL,Red,Winter,3.84,No,Standard,Yes,Yes,29,Credit Card,Fortnightly
1980,69,Male,Dress,Clothing,37,Montana,S,Green,Summer,3.99,No,Next Day Air,No,No,25,Bank Transfer,Monthly
1981,26,Male,Shorts,Clothing,32,Montana,M,Red,Fall,3.53,No,Free Shipping,No,No,19,Bank Transfer,Fortnightly
1982,54,Male,Hoodie,Clothing,44,Virginia,L,Black,Winter,3.95,No,Store Pickup,No,No,14,Bank Transfer,Monthly
1983,37,Female,Hoodie,Clothing,27,Montana,S,Blue,Winter,3.33,No,Store Pickup,No,No,3,Bank Transfer,Annually
1984,51,Male,Sweater,Clothing,93,California,L,Beige,Spring,5.0,Yes,Next Day Air,No,No,50,Credit Card,Fortnightly
1985,55,Male,Jeans,Clothing,51,Arizona,S,Pink,Winter,3.64,No,Express,Yes,Yes,42,Venmo,Bi-Weekly
1986,43,Male,Dress,Clothing,36,Michigan,L,Pink,Fall,4.34,No,Standard,No,No,46,Venmo,Quarterly
1987,35,Male,Shorts,Clothing,98,Ohio,S,Blue,Winter,3.14,No,Standard,Yes,Yes,14,Credit Card,Fortnightly
1988,45,Female,Boots,Footwear,98,Georgia,XL,Brown,Winter,4.23,Yes,Next Day Air,No,No,39,Debit Card,Weekly
1989,68,Female,Sandals,Footwear,67,Alabama,S,Gray,Spring,3.37,No,Standard,No,No,39,PayPal,Annually
1990,26,Male,Hoodie,Clothing,82,Georgia,S,Beige,Spring,2.96,No,Standard,Yes,Yes,21,Debit Card,Annually
1991,49,Female,Boots,Footwear,59,California,S,Beige,Fall,3.16,Yes,Next Day Air,Yes,Yes,11,Cash,Monthly
1992,70,Female,Blouse,Clothing,34,Florida,L,Blue,Winter,3.29,No,Free Shipping,No,No,50,Bank Transfer,Monthly
1993,23,Female,Hoodie,Clothing,25,New York,M,Red,Summer,3.87,No,Store Pickup,Yes,Yes,10,Bank Transfer,Fortnightly
1994,31,Female,Boots,Footwear,82,Texas,S,Gray,Winter,5.0,Yes,Next Day Air,No,No,15,Credit Card,Monthly
1995,45,Male,Sneakers,Footwear,27,Michigan,S,White,Summer,5.0,No,Express,Yes,Yes,30,Credit Card,Weekly
1996,41,Female,Skirt,Clothing,51,Virginia,XL,Pink,Fall,3.61,No,2-Day Shipping,Yes,Yes,44,Debit Card,Bi-Weekly
1997,30,Female,Jacket,Clothing,64,Colorado,S,White,Spring,4.38,No,Free Shipping,No,No,17,Cash,Quarterly
1998,60,Male,Coat,Clothing,71,Colorado,XL,Green,Fall,3.05,No,Next Day Air,No,No,29,Debit Card,Quarterly
1999,29,Male,Skirt,Clothing,98,Michigan,S,Red,Spring,2.54,No,Free Shipping,No,No,17,Cash,Monthly
2000,68,Male,Pants,Clothing,32,New York,L,Brown,Spring,3.82,No,2-Day Shipping,Yes,Yes,33,Venmo,Fortnightly
2001,36,Male,Jacket,Clothing,43,Illinois,M,White,Winter,4.13,No,Standard,No,No,38,Bank Transfer,Monthly
2002,38,Female,T-shirt,Clothing,59,Oregon,M,Pink,Winter,4.27,No,Standard,No,No,21,Venmo,Annually
2003,44,Male,Boots,Footwear,33,Texas,M,Pink,Spring,4.45,No,2-Day Shipping,No,No,47,Credit Card,Weekly
2004,36,Female,Jacket,Clothing,94,Alabama,L,Pink,Summer,3.6,Yes,Standard,No,No,14,Venmo,Every 3 Months
2005,41,Female,Pants,Clothing,89,Alabama,XL,Black,Summer,3.84,No,Free Shipping,No,No,10,Debit Card,Fortnightly
2006,43,Male,Shorts,Clothing,81,Idaho,M,Beige,Winter,4.29,Yes,Standard,Yes,Yes,42,Cash,Bi-Weekly
2007,62,Male,Sandals,Footwear,80,New York,L,White,Fall,4.52,No,2-Day Shipping,Yes,Yes,23,Credit Card,Weekly
2008,45,Female,Sneakers,Footwear,20,Oregon,L,Green,Summer,3.26,No,2-Day Shipping,No,No,39,Venmo,Bi-Weekly
2009,63,Female,Blouse,Clothing,85,Ohio,S,White,Spring,3.93,No,Store Pickup,Yes,Yes,39,Credit Card,Fortnightly
2010,35,Male,Boots,Footwear,51,Alabama,XL,Green,Winter,4.19,No,2-Day Shipping,No,No,14,Credit Card,Bi-Weekly
2011,61,Male,Blouse,Clothing,32,Arizona,L,Pink,Winter,3.89,No,Express,Yes,Yes,47,Cash,Weekly
2012,53,Male,Jeans,Clothing,52,Idaho,XL,Gray,Spring,3.43,Yes,Free Shipping,No,No,22,Debit Card,Weekly
2013,59,Female,Hoodie,Clothing,51,Ohio,M,Green,Fall,3.8,No,2-Day Shipping,No,No,41,Bank Transfer,Monthly
2014,46,Female,Boots,Footwear,75,Texas,M,Red,Spring,4.12,No,Store Pickup,Yes,Yes,28,Debit Card,Every 3 Months
2015,34,Male,Coat,Clothing,43,New York,M,Beige,Fall,3.34,No,Free Shipping,Yes,Yes,47,PayPal,Fortnightly
2016,21,Female,Boots,Footwear,23,New York,S,Beige,Winter,3.08,Yes,Store Pickup,Yes,Yes,9,Debit Card,Quarterly
2017,61,Male,Sweater,Clothing,42,Virginia,S,Black,Fall,5.0,No,Express,No,No,23,Venmo,Annually
2018,62,Female,Sandals,Footwear,48,Colorado,XL,Yellow,Spring,3.91,No,Free Shipping,No,No,7,PayPal,Every 3 Months
2019,46,Female,Sweater,Clothing,40,Oregon,XL,White,Winter,4.36,No,Next Day Air,Yes,Yes,24,PayPal,Quarterly
2020,21,Male,Boots,Footwear,49,Ohio,S,Blue,Summer,3.93,Yes,Express,No,No,43,PayPal,Bi-Weekly
2021,27,Male,Sneakers,Footwear,39,Virginia,L,Black,Winter,4.43,No,Express,Yes,Yes,37,PayPal,Quarterly
2022,42,Male,Jacket,Clothing,35,Ohio,XL,Blue,Spring,3.85,Yes,Standard,No,No,9,Debit Card,Quarterly
2023,48,Female,Blouse,Clothing,86,Alabama,XL,Yellow,Spring,4.15,Yes,2-Day Shipping,No,No,38,PayPal,Annually
2024,20,Female,Sneakers,Footwear,68,Texas,M,Beige,Winter,3.13,Yes,Express,Yes,Yes,7,Venmo,Weekly
2025,64,Male,Boots,Footwear,77,Oregon,XL,Red,Winter,2.74,No,Free Shipping,No,No,23,Venmo,Weekly
2026,19,Female,Pants,Clothing,63,Michigan,XL,Pink,Winter,3.51,Yes,Next Day Air,Yes,Yes,25,Credit Card,Weekly
2027,42,Male,Jacket,Clothing,44,Michigan,L,Pink,Fall,2.94,No,Free Shipping,Yes,Yes,46,Venmo,Quarterly
2028,66,Female,Pants,Clothing,42,Oregon,XL,Green,Summer,2.53,Yes,Free Shipping,Yes,Yes,22,Bank Transfer,Bi-Weekly
2029,23,Male,Blouse,Clothing,78,Idaho,L,Black,Fall,3.98,No,Next Day Air,Yes,Yes,43,Credit Card,Fortnightly
2030,43,Female,Jacket,Clothing,20,Arizona,M,Yellow,Spring,2.74,No,Store Pickup,No,No,7,Venmo,Annually
2031,25,Female,Coat,Clothing,34,Michigan,S,Red,Winter,4.37,Yes,Standard,Yes,Yes,6,PayPal,Monthly
2032,52,Female,Sandals,Footwear,100,Florida,M,Pink,Fall,4.66,No,2-Day Shipping,No,No,36,Cash,Bi-Weekly
2033,44,Female,Skirt,Clothing,100,Oregon,L,Green,Fall,2.93,No,Express,Yes,Yes,46,PayPal,Annually
2034,42,Male,Dress,Clothing,71,Florida,L,White,Spring,3.97,No,2-Day Shipping,Yes,Yes,22,Debit Card,Annually
2035,35,Female,T-shirt,Clothing,77,California,XL,Beige,Fall,4.91,No,Standard,No,No,35,Credit Card,Weekly
2036,18,Male,Sneakers,Footwear,60,Arizona,XL,White,Spring,3.52,No,Store Pickup,No,No,49,Cash,Bi-Weekly
2037,65,Male,Hoodie,Clothing,63,Texas,S,Beige,Fall,4.17,No,Next Day Air,Yes,Yes,47,Venmo,Fortnightly
2038,56,Male,Sneakers,Footwear,23,Michigan,L,White,Summer,5.0,No,2-Day Shipping,No,No,33,PayPal,Every 3 Months
2039,20,Male,Dress,Clothing,96,Texas,L,Green,Spring,2.79,No,Free Shipping,No,No,21,Credit Card,Weekly
2040,21,Female,Skirt,Clothing,87,Idaho,M,Red,Summer,3.19,No,Express,No,No,11,Credit Card,Fortnightly
2041,58,Male,Shirt,Clothing,26,Virginia,S,Black,Fall,4.14,No,Express,No,No,13,Venmo,Every 3 Months
2042,54,Female,Shorts,Clothing,65,Virginia,M,Beige,Summer,5.0,Yes,Store Pickup,Yes,Yes,3,Credit Card,Monthly
2043,68,Female,Coat,Clothing,28,New York,XL,Yellow,Summer,3.37,Yes,Standard,Yes,Yes,13,Venmo,Bi-Weekly
2044,32,Female,Pants,Clothing,52,California,XL,Blue,Summer,5.0,No,Standard,No,No,50,Venmo,Monthly
2045,25,Female,Boots,Footwear,52,Georgia,M,Red,Fall,3.88,No,Next Day Air,Yes,Yes,41,PayPal,Annually
2046,55,Male,Coat,Clothing,23,Idaho,XL,Red,Spring,2.62,No,Standard,No,No,34,Credit Card,Quarterly
2047,67,Female,Dress,Clothing,84,Colorado,M,Green,Fall,4.75,Yes,2-Day Shipping,Yes,Yes,28,Debit Card,Bi-Weekly
2048,36,Male,Boots,Footwear,53,Georgia,L,Blue,Fall,3.52,No,Express,Yes,Yes,40,Debit Card,Annually
2049,64,Female,Hoodie,Clothing,98,California,L,Brown,Fall,4.07,No,Next Day Air,No,No,34,PayPal,Every 3 Months
2050,43,Female,Sweater,Clothing,83,Georgia,XL,Red,Spring,2.8,Yes,Standard,Yes,Yes,32,PayPal,Quarterly
2051,56,Male,Jacket,Clothing,44,New York,S,Yellow,Winter,3.35,No,Free Shipping,No,No,23,Venmo,Fortnightly
2052,27,Female,Shorts,Clothing,74,Illinois,L,Red,Fall,2.9,No,Express,No,No,24,Debit Card,Quarterly
2053,55,Female,Sandals,Footwear,28,California,XL,Gray,Fall,2.84,No,Next Day Air,No,No,1,Credit Card,Every 3 Months
2054,31,Female,Sandals,Footwear,36,Idaho,S,Beige,Spring,3.86,No,Express,No,No,24,Debit Card,Every 3 Months
2055,66,Female,Dress,Clothing,40,Oregon,XL,Pink,Winter,4.14,Yes,2-Day Shipping,No,No,3,PayPal,Fortnightly
2056,58,Female,Coat,Clothing,79,Illinois,M,Red,Winter,3.47,No,Store Pickup,No,No,17,PayPal,Monthly
2057,36,Male,Sandals,Footwear,32,Colorado,XL,Red,Winter,2.94,Yes,Standard,No,No,7,Venmo,Weekly
2058,47,Female,Hoodie,Clothing,22,Virginia,M,Green,Winter,3.03,Yes,Store Pickup,Yes,Yes,10,Credit Card,Monthly
2059,22,Female,Pants,Clothing,87,Ohio,L,Yellow,Spring,4.02,No,Standard,Yes,Yes,19,PayPal,Annually
2060,48,Male,Shirt,Clothing,23,Oregon,L,Green,Spring,3.87,Yes,Standard,Yes,Yes,24,Bank Transfer,Quarterly
2061,24,Female,Sneakers,Footwear,26,Arizona,XL,Black,Winter,4.03,No,Free Shipping,Yes,Yes,9,Credit Card,Fortnightly
2062,36,Male,Jeans,Clothing,45,Alabama,S,Beige,Summer,4.74,No,2-Day Shipping,No,No,50,Debit Card,Quarterly
2063,48,Female,Hoodie,Clothing,94,Idaho,XL,Yellow,Spring,4.15,Yes,Free Shipping,No,No,15,Venmo,Every 3 Months
2064,69,Female,Boots,Footwear,43,Ohio,XL,Green,Summer,4.05,Yes,2-Day Shipping,No,No,49,Debit Card,Annually
2065,56,Male,T-shirt,Clothing,29,Florida,L,Blue,Summer,5.0,No,2-Day Shipping,Yes,Yes,22,Bank Transfer,Annually
2066,41,Female,Dress,Clothing,32,Florida,L,Blue,Winter,3.64,Yes,2-Day Shipping,No,No,17,PayPal,Weekly
2067,51,Female,Sweater,Clothing,63,Texas,XL,Red,Winter,5.0,No,Standard,Yes,Yes,19,PayPal,Bi-Weekly
2068,40,Male,Jacket,Clothing,58,Idaho,L,Pink,Fall,4.65,No,Standard,No,No,9,Credit Card,Bi-Weekly
2069,65,Male,T-shirt,Clothing,38,Virginia,M,Green,Summer,3.62,No,Standard,No,No,38,PayPal,Bi-Weekly
2070,62,Female,Jacket,Clothing,70,Colorado,XL,Black,Fall,4.28,No,Free Shipping,Yes,Yes,19,Bank Transfer,Quarterly
2071,57,Male,Blouse,Clothing,38,Montana,L,Green,Winter,3.67,No,Next Day Air,Yes,Yes,8,Credit Card,Bi-Weekly
2072,23,Female,T-shirt,Clothing,95,Alabama,XL,Green,Summer,2.94,Yes,Store Pickup,Yes,Yes,6,Bank Transfer,Fortnightly
2073,55,Male,Jeans,Clothing,71,Montana,L,Gray,Spring,3.8,No,2-Day Shipping,No,No,49,Cash,Weekly
2074,58,Female,Coat,Clothing,66,Arizona,M,Pink,Fall,2.92,Yes,Free Shipping,No,No,38,PayPal,Annually
2075,53,Male,Shirt,Clothing,49,Georgia,M,Green,Winter,3.94,Yes,Standard,No,No,45,Debit Card,Every 3 Months
2076,44,Male,Sneakers,Footwear,65,Texas,XL,White,Summer,4.28,No,Store Pickup,Yes,Yes,21,Debit Card,Monthly
2077,28,Male,Sneakers,Footwear,95,Colorado,M,White,Winter,3.67,No,Standard,Yes,Yes,29,Credit Card,Every 3 Months
2078,22,Male,Shirt,Clothing,40,Colorado,M,Red,Fall,3.94,Yes,Next Day Air,No,No,34,Bank Transfer,Fortnightly
2079,34,Male,Pants,Clothing,94,Michigan,L,Black,Winter,3.93,Yes,Standard,No,No,12,Bank Transfer,Weekly
2080,69,Male,Shorts,Clothing,67,Alabama,XL,Pink,Winter,4.31,No,2-Day Shipping,Yes,Yes,39,Bank Transfer,Monthly
2081,24,Male,Blouse,Clothing,81,Illinois,L,Black,Spring,3.85,No,Express,Yes,Yes,32,Bank Transfer,Bi-Weekly
2082,44,Male,Jacket,Clothing,77,California,L,Blue,Winter,3.61,No,Store Pickup,No,No,6,Cash,Monthly
2083,64,Male,Jeans,Clothing,37,Alabama,S,Yellow,Summer,4.28,No,Standard,Yes,Yes,17,PayPal,Annually
2084,32,Female,Sandals,Footwear,78,New York,M,Pink,Summer,3.9,No,Next Day Air,Yes,Yes,32,Bank Transfer,Quarterly
2085,63,Male,T-shirt,Clothing,67,Illinois,L,Gray,Spring,2.52,No,Store Pickup,Yes,Yes,8,Venmo,Quarterly
2086,30,Female,Blouse,Clothing,82,Virginia,L,Pink,Summer,3.59,No,Express,No,No,38,Venmo,Bi-Weekly
2087,28,Male,Hoodie,Clothing,31,California,L,Green,Winter,3.49,No,Store Pickup,No,No,29,Debit Card,Bi-Weekly
2088,62,Female,Dress,Clothing,53,Oregon,M,Beige,Winter,3.89,Yes,2-Day Shipping,No,No,31,PayPal,Fortnightly
2089,43,Female,T-shirt,Clothing,80,Colorado,M,Gray,Summer,3.82,No,2-Day Shipping,No,No,19,Venmo,Fortnightly
2090,39,Male,Jeans,Clothing,72,Arizona,M,Red,Fall,2.63,No,2-Day Shipping,No,No,9,Credit Card,Every 3 Months
2091,45,Male,Sweater,Clothing,44,Florida,XL,Black,Winter,2.9,No,Next Day Air,Yes,Yes,28,PayPal,Annually
2092,41,Female,Sweater,Clothing,81,California,L,White,Summer,3.23,No,Express,No,No,48,Debit Card,Quarterly
2093,46,Female,Boots,Footwear,23,New York,M,Gray,Winter,3.84,Yes,2-Day Shipping,Yes,Yes,50,Cash,Weekly
2094,26,Male,Blouse,Clothing,32,Texas,L,Red,Winter,4.44,No,Standard,No,No,39,Credit Card,Fortnightly
2095,59,Male,Coat,Clothing,61,Virginia,XL,Blue,Spring,2.84,Yes,Express,Yes,Yes,40,Credit Card,Weekly
2096,21,Male,Jeans,Clothing,68,Oregon,S,Pink,Summer,3.4,No,2-Day Shipping,Yes,Yes,31,Bank Transfer,Every 3 Months
2097,66,Female,Jeans,Clothing,97,California,XL,Pink,Winter,3.77,No,Express,Yes,Yes,19,PayPal,Quarterly
2098,63,Male,Shirt,Clothing,75,Georgia,M,White,Fall,3.24,No,Store Pickup,Yes,Yes,33,Cash,Fortnightly
2099,35,Male,Hoodie,Clothing,66,Alabama,M,Beige,Summer,3.85,No,Standard,Yes,Yes,26,Credit Card,Weekly
2100,60,Male,Coat,Clothing,27,Alabama,XL,Black,Fall,4.18,No,Free Shipping,Yes,Yes,45,Cash,Every 3 Months
2101,33,Male,Hoodie,Clothing,74,Texas,L,Yellow,Summer,3.35,No,2-Day Shipping,No,No,1,Debit Card,Weekly
2102,50,Male,Pants,Clothing,37,Oregon,M,Pink,Fall,4.0,No,Standard,No,No,11,Credit Card,Fortnightly
2103,46,Female,Jacket,Clothing,54,Colorado,M,Yellow,Fall,3.73,No,Next Day Air,No,No,2,Venmo,Bi-Weekly
2104,56,Female,Jacket,Clothing,100,Alabama,XL,Black,Summer,3.11,No,Store Pickup,No,No,35,Debit Card,Every 3 Months
2105,27,Male,Sandals,Footwear,51,Georgia,L,Blue,Spring,3.72,Yes,2-Day Shipping,No,No,13,Debit Card,Every 3 Months
2106,26,Male,Boots,Footwear,43,Virginia,XL,Blue,Spring,4.07,No,Free Shipping,No,No,39,Bank Transfer,Monthly
2107,48,Female,Sneakers,Footwear,26,Arizona,XL,Yellow,Summer,4.65,No,Store Pickup,No,No,34,Credit Card,Bi-Weekly
2108,45,Male,Sweater,Clothing,32,Virginia,L,White,Winter,4.79,No,Standard,Yes,Yes,34,Venmo,Every 3 Months
2109,20,Female,Dress,Clothing,88,New York,L,Yellow,Summer,3.46,No,Store Pickup,Yes,Yes,35,Cash,Monthly
2110,31,Male,Jacket,Clothing,61,Idaho,S,Green,Summer,3.42,No,Standard,Yes,Yes,32,Venmo,Weekly
2111,42,Female,Coat,Clothing,50,Idaho,XL,Red,Winter,3.82,No,Express,No,No,45,Debit Card,Fortnightly
2112,32,Female,Jeans,Clothing,93,Florida,L,Gray,Summer,3.47,No,2-Day Shipping,No,No,12,Credit Card,Every 3 Months
2113,19,Male,Dress,Clothing,45,Ohio,M,White,Summer,4.53,No,Free Shipping,Yes,Yes,33,Venmo,Quarterly
2114,41,Female,Skirt,Clothing,95,Michigan,S,Red,Winter,3.86,No,Next Day Air,Yes,Yes,18,Venmo,Fortnightly
2115,31,Male,Hoodie,Clothing,51,Arizona,XL,Pink,Winter,3.83,No,Express,No,No,5,Debit Card,Bi-Weekly
2116,65,Female,Jacket,Clothing,71,Michigan,L,Black,Spring,4.19,No,2-Day Shipping,Yes,Yes,19,Cash,Monthly
2117,24,Male,Jeans,Clothing,39,Ohio,S,Blue,Fall,3.9,No,Free Shipping,No,No,31,Venmo,Fortnightly
2118,53,Male,Jacket,Clothing,59,Idaho,S,Black,Fall,3.98,Yes,Express,No,No,27,Bank Transfer,Monthly
2119,67,Male,Sweater,Clothing,78,California,M,White,Spring,3.96,No,Free Shipping,No,No,42,Venmo,Bi-Weekly
2120,41,Female,Skirt,Clothing,96,Oregon,S,Brown,Spring,3.71,No,Store Pickup,No,No,38,PayPal,Bi-Weekly
2121,44,Male,T-shirt,Clothing,33,California,XL,Yellow,Fall,3.26,No,Free Shipping,No,No,50,Debit Card,Fortnightly
2122,54,Male,Jacket,Clothing,63,California,L,Green,Spring,4.86,No,Express,No,No,15,PayPal,Every 3 Months
2123,55,Male,Pants,Clothing,67,Colorado,S,Red,Summer,3.26,No,Express,No,No,46,Debit Card,Quarterly
2124,47,Female,Coat,Clothing,62,Alabama,S,Red,Spring,4.79,No,2-Day Shipping,No,No,48,Debit Card,Every 3 Months
2125,44,Male,Jacket,Clothing,35,Colorado,XL,Beige,Spring,4.0,No,Express,Yes,Yes,4,PayPal,Annually
2126,56,Female,Sneakers,Footwear,54,Michigan,M,Blue,Spring,,No,Store Pickup,Yes,Yes,19,Cash,Quarterly
2127,32,Female,Dress,Clothing,72,Alabama,M,Red,Spring,4.13,No,2-Day Shipping,Yes,Yes,21,Cash,Monthly
2128,43,Female,Dress,Clothing,53,Montana,L,White,Fall,4.27,No,Free Shipping,No,No,40,Debit Card,Fortnightly
2129,18,Male,Sweater,Clothing,22,California,XL,Gray,Winter,4.83,No,Express,No,No,1,PayPal,Weekly
2130,21,Male,Coat,Clothing,87,California,M,Brown,Fall,3.01,No,2-Day Shipping,No,No,20,Venmo,Bi-Weekly
2131,46,Female,Skirt,Clothing,24,Colorado,L,Red,Fall,3.72,No,2-Day Shipping,Yes,Yes,22,Debit Card,Every 3 Months
2132,18,Male,Pants,Clothing,29,Illinois,L,Gray,Winter,4.63,No,Next Day Air,Yes,Yes,13,Bank Transfer,Monthly
2133,60,Male,Shirt,Clothing,71,Texas,M,Red,Fall,4.25,No,2-Day Shipping,No,No,41,Debit Card,Bi-Weekly
2134,67,Female,Coat,Clothing,48,Idaho,XL,White,Summer,4.09,No,2-Day Shipping,Yes,Yes,1,Credit Card,Monthly
2135,63,Female,Dress,Clothing,50,Alabama,S,Gray,Winter,4.69,No,Next Day Air,No,No,15,Cash,Fortnightly
2136,39,Male,Sneakers,Footwear,85,Georgia,M,Pink,Summer,3.69,No,Standard,No,No,15,PayPal,Monthly
2137,28,Female,T-shirt,Clothing,95,New York,S,Red,Fall,2.36,No,Store Pickup,No,No,14,Venmo,Monthly
2138,27,Male,Sweater,Clothing,88,Alabama,S,Pink,Fall,3.58,No,Express,Yes,Yes,5,Bank Transfer,Annually
2139,34,Female,Shirt,Clothing,56,New York,XL,Beige,Winter,5.0,No,Next Day Air,Yes,Yes,49,Venmo,Weekly
2140,53,Male,Sneakers,Footwear,46,Montana,XL,Blue,Fall,3.98,Yes,2-Day Shipping,Yes,Yes,6,Bank Transfer,Monthly
2141,64,Male,Skirt,Clothing,52,New York,L,White,Spring,3.29,No,2-Day Shipping,No,No,41,Debit Card,Quarterly
2142,43,Female,Hoodie,Clothing,87,Virginia,XL,Green,Summer,4.6,Yes,Express,No,No,31,Venmo,Monthly
2143,65,Male,Skirt,Clothing,78,Alabama,L,White,Summer,4.31,No,Store Pickup,Yes,Yes,26,Venmo,Monthly
2144,38,Male,Sneakers,Footwear,83,Florida,M,Yellow,Spring,,Yes,Free Shipping,No,No,25,Debit Card,Fortnightly
2145,30,Female,Hoodie,Clothing,63,Alabama,S,Green,Winter,4.15,No,Next Day Air,No,No,49,Cash,Monthly
2146,26,Male,Blouse,Clothing,68,Virginia,XL,Yellow,Winter,3.19,Yes,Standard,Yes,Yes,39,Credit Card,Annually
2147,28,Male,Sweater,Clothing,72,Michigan,M,Gray,Spring,3.58,No,Express,No,No,40,Cash,Weekly
2148,28,Male,Coat,Clothing,93,Arizona,L,Beige,Spring,3.76,No,Express,No,No,15,Cash,Fortnightly
2149,23,Female,Hoodie,Clothing,68,Florida,XL,Gray,Summer,4.46,No,Next Day Air,Yes,Yes,6,Credit Card,Annually
2150,18,Female,Boots,Footwear,85,California,S,Red,Spring,3.47,No,2-Day Shipping,Yes,Yes,1,Debit Card,Bi-Weekly
2151,23,Female,Hoodie,Clothing,82,Idaho,M,Blue,Spring,3.78,No,2-Day Shipping,No,No,41,Cash,Quarterly
2152,30,Female,Jeans,Clothing,44,Georgia,XL,White,Spring,4.66,No,Standard,No,No,7,PayPal,Quarterly
2153,39,Female,T-shirt,Clothing,23,New York,XL,Black,Fall,5.0,Yes,Next Day Air,No,No,4,PayPal,Bi-Weekly
2154,48,Male,Jeans,Clothing,70,Alabama,M,White,Spring,3.28,No,Express,No,No,1,Credit Card,Monthly
2155,39,Male,Coat,Clothing,30,Alabama,L,White,Fall,3.88,Yes,Next Day Air,No,No,41,PayPal,Weekly
2156,54,Male,Coat,Clothing,36,New York,L,Green,Summer,2.9,No,Free Shipping,Yes,Yes,2,Debit Card,Weekly
2157,64,Female,Sweater,Clothing,85,Ohio,XL,Brown,Summer,3.79,No,Express,No,No,48,Venmo,Weekly
2158,44,Male,Coat,Clothing,89,Idaho,L,Black,Winter,3.63,No,Standard,No,No,34,Debit Card,Weekly
2159,67,Female,Dress,Clothing,92,Virginia,L,Red,Summer,4.55,Yes,Standard,Yes,Yes,35,Credit Card,Annually
2160,69,Male,Hoodie,Clothing,88,Illinois,M,Yellow,Winter,3.1,No,Express,No,No,46,Venmo,Monthly
2161,31,Female,Hoodie,Clothing,48,Texas,L,Pink,Fall,3.01,No,2-Day Shipping,No,No,13,PayPal,Bi-Weekly
2162,64,Male,Blouse,Clothing,92,California,L,Yellow,Spring,4.71,Yes,Express,Yes,Yes,17,Cash,Annually
2163,22,Male,Shirt,Clothing,91,Florida,M,Blue,Summer,3.42,Yes,Express,No,No,10,PayPal,Annually
2164,53,Female,Coat,Clothing,39,Alabama,XL,Beige,Spring,3.92,No,Free Shipping,Yes,Yes,3,Debit Card,Bi-Weekly
2165,49,Male,Jeans,Clothing,46,Colorado,XL,Blue,Winter,3.98,No,Express,Yes,Yes,4,Debit Card,Quarterly
2166,51,Male,Coat,Clothing,27,Montana,M,Beige,Fall,3.33,No,Store Pickup,Yes,Yes,25,Credit Card,Bi-Weekly
2167,24,Female,Skirt,Clothing,80,Idaho,S,White,Summer,3.33,No,Store Pickup,No,No,37,Cash,Weekly
2168,59,Male,Blouse,Clothing,47,Colorado,M,Green,Spring,4.48,No,Next Day Air,No,No,43,Cash,Monthly
2169,65,Male,Dress,Clothing,89,New York,S,Red,Winter,4.21,No,Next Day Air,Yes,Yes,38,Venmo,Annually
2170,27,Female,Dress,Clothing,22,Alabama,L,Brown,Spring,3.79,No,Standard,No,No,29,Venmo,Fortnightly
2171,67,Female,Jacket,Clothing,88,Florida,XL,Blue,Summer,3.72,No,2-Day Shipping,Yes,Yes,1,Debit Card,Fortnightly
2172,34,Female,Hoodie,Clothing,92,Montana,S,Green,Spring,3.99,Yes,Standard,No,No,30,Credit Card,Weekly
2173,47,Female,Dress,Clothing,26,Virginia,S,Yellow,Fall,4.03,No,Free Shipping,No,No,39,Debit Card,Every 3 Months
2174,38,Female,Hoodie,Clothing,79,Texas,L,Brown,Summer,4.56,No,Express,Yes,Yes,10,Bank Transfer,Quarterly
2175,30,Male,Jacket,Clothing,23,Texas,XL,Gray,Winter,3.79,No,Standard,No,No,29,Cash,Annually
2176,18,Female,Sneakers,Footwear,24,Florida,L,White,Summer,4.07,No,Express,Yes,Yes,44,Cash,Fortnightly
2177,18,Female,T-shirt,Clothing,30,Idaho,XL,Black,Winter,4.23,Yes,Standard,Yes,Yes,32,Debit Card,Every 3 Months
2178,64,Male,Sandals,Footwear,34,Montana,XL,Black,Winter,4.24,Yes,Express,No,No,44,Cash,Weekly
2179,50,Male,Pants,Clothing,83,Georgia,L,Pink,Summer,4.67,No,Standard,No,No,1,Venmo,Annually
2180,55,Male,Dress,Clothing,32,Colorado,S,White,Winter,3.79,No,Store Pickup,Yes,Yes,41,Cash,Annually
2181,42,Male,Shirt,Clothing,26,New York,M,Pink,Summer,3.46,No,Store Pickup,Yes,Yes,17,Venmo,Annually
2182,43,Male,Skirt,Clothing,25,Montana,XL,Black,Fall,3.59,No,Store Pickup,Yes,Yes,12,PayPal,Monthly
2183,30,Female,Shorts,Clothing,75,Georgia,XL,Red,Fall,4.18,No,Next Day Air,No,No,2,Credit Card,Fortnightly
2184,45,Male,Sneakers,Footwear,83,Arizona,M,Yellow,Spring,3.74,Yes,Free Shipping,Yes,Yes,9,Credit Card,Weekly
2185,50,Female,Dress,Clothing,69,New York,M,Red,Fall,5.0,No,Standard,No,No,12,Cash,Fortnightly
2186,54,Male,Hoodie,Clothing,49,Virginia,L,Green,Winter,3.81,No,Next Day Air,No,No,25,Credit Card,Monthly
2187,58,Female,T-shirt,Clothing,41,California,XL,Yellow,Spring,3.23,No,2-Day Shipping,No,No,36,Bank Transfer,Bi-Weekly
2188,47,Male,Jacket,Clothing,44,Illinois,L,Black,Spring,3.99,No,Standard,Yes,Yes,44,PayPal,Bi-Weekly
2189,66,Female,Jeans,Clothing,47,California,M,Pink,Summer,4.72,No,Express,Yes,Yes,50,Cash,Monthly
2190,65,Female,Pants,Clothing,58,Illinois,L,White,Spring,3.31,Yes,Free Shipping,Yes,Yes,35,Venmo,Monthly
2191,25,Female,Shorts,Clothing,86,California,XL,White,Summer,3.29,Yes,Next Day Air,No,No,22,PayPal,Bi-Weekly
2192,66,Female,T-shirt,Clothing,24,Michigan,S,Beige,Spring,3.69,No,Next Day Air,Yes,Yes,33,Bank Transfer,Monthly
2193,64,Female,T-shirt,Clothing,84,Montana,S,Brown,Fall,3.41,Yes,Free Shipping,Yes,Yes,50,PayPal,Annually
2194,18,Female,Dress,Clothing,34,Georgia,XL,Gray,Summer,2.99,Yes,Standard,No,No,21,Credit Card,Monthly
2195,29,Female,Sneakers,Footwear,86,Idaho,L,Black,Winter,2.88,Yes,Express,No,No,40,Bank Transfer,Monthly
2196,22,Female,Boots,Footwear,59,Florida,M,Black,Spring,3.94,No,2-Day Shipping,No,No,22,Venmo,Bi-Weekly
2197,41,Female,Shorts,Clothing,88,Alabama,M,Pink,Fall,4.23,Yes,Standard,Yes,Yes,28,Debit Card,Bi-Weekly
2198,23,Female,Pants,Clothing,96,Illinois,S,Beige,Fall,3.38,No,Free Shipping,No,No,4,PayPal,Every 3 Months
2199,42,Male,Sweater,Clothing,62,Alabama,L,Blue,Summer,3.76,No,Standard,No,No,26,Credit Card,Fortnightly
2200,18,Female,Sandals,Footwear,20,Arizona,M,Brown,Summer,3.91,No,Standard,No,No,23,PayPal,Bi-Weekly
2201,42,Female,Sweater,Clothing,41,Arizona,M,Red,Summer,3.14,No,Free Shipping,No,No,48,Venmo,Fortnightly
2202,18,Male,Boots,Footwear,81,Alabama,XL,Red,Winter,4.32,No,Free Shipping,Yes,Yes,49,Venmo,Annually
2203,49,Female,Hoodie,Clothing,98,Michigan,L,Blue,Winter,3.93,No,2-Day Shipping,No,No,23,Cash,Annually
2204,59,Female,Hoodie,Clothing,45,Georgia,L,Beige,Winter,4.11,No,Free Shipping,No,No,41,Debit Card,Bi-Weekly
2205,59,Male,Skirt,Clothing,37,Michigan,M,Brown,Spring,4.21,No,Free Shipping,No,No,8,Debit Card,Quarterly
2206,20,Male,Shorts,Clothing,67,Arizona,L,Black,Winter,5.0,No,Free Shipping,Yes,Yes,32,Credit Card,Fortnightly
2207,66,Female,Sweater,Clothing,28,New York,L,White,Summer,3.19,No,Next Day Air,Yes,Yes,39,Debit Card,Monthly
2208,36,Male,Hoodie,Clothing,20,Alabama,L,Black,Fall,3.26,No,Free Shipping,Yes,Yes,44,Venmo,Quarterly
2209,60,Female,Boots,Footwear,28,Oregon,XL,Red,Fall,4.81,No,Free Shipping,Yes,Yes,1,Debit Card,Every 3 Months
2210,46,Female,Dress,Clothing,42,Arizona,M,Yellow,Summer,4.19,Yes,Free Shipping,Yes,Yes,30,Credit Card,Bi-Weekly
2211,67,Female,Blouse,Clothing,64,Illinois,S,Pink,Winter,3.84,No,2-Day Shipping,No,No,28,PayPal,Bi-Weekly
2212,19,Male,Jacket,Clothing,21,Oregon,L,Pink,Winter,3.51,No,Standard,Yes,Yes,17,Debit Card,Every 3 Months
2213,26,Female,Blouse,Clothing,33,Idaho,M,Gray,Summer,3.66,No,Free Shipping,Yes,Yes,23,Debit Card,Quarterly
2214,34,Female,Coat,Clothing,57,Oregon,S,Green,Fall,3.67,No,Free Shipping,No,No,38,Venmo,Weekly
2215,63,Male,Pants,Clothing,59,Michigan,XL,Red,Spring,2.9,No,2-Day Shipping,No,No,24,Venmo,Annually
2216,53,Female,Sweater,Clothing,82,Arizona,M,Beige,Fall,4.38,Yes,Standard,No,No,22,PayPal,Monthly
2217,34,Female,Skirt,Clothing,35,Georgia,XL,Pink,Winter,2.59,No,2-Day Shipping,No,No,5,Bank Transfer,Fortnightly
2218,66,Female,Coat,Clothing,94,Georgia,M,Yellow,Fall,3.29,No,Store Pickup,Yes,Yes,25,Bank Transfer,Quarterly
2219,29,Female,Hoodie,Clothing,25,Alabama,XL,Black,Winter,3.54,No,Express,No,No,7,Cash,Fortnightly
2220,37,Female,Jeans,Clothing,22,Illinois,M,Gray,Fall,5.0,No,Express,No,No,22,Debit Card,Bi-Weekly
2221,67,Female,Shirt,Clothing,33,Alabama,XL,White,Summer,3.74,No,Express,Yes,Yes,44,Venmo,Weekly
2222,20,Male,Jeans,Clothing,85,Texas,S,Red,Winter,3.99,No,Free Shipping,No,No,37,Cash,Every 3 Months
2223,60,Female,Boots,Footwear,94,Montana,M,Green,Spring,3.27,No,2-Day Shipping,No,No,34,Debit Card,Weekly
2224,67,Female,Shorts,Clothing,86,Virginia,S,Beige,Spring,4.32,No,Free Shipping,Yes,Yes,36,Debit Card,Fortnightly
2225,21,Male,T-shirt,Clothing,50,Colorado,L,Gray,Summer,5.0,No,Express,Yes,Yes,49,Cash,Every 3 Months
2226,34,Female,Jacket,Clothing,52,Montana,S,White,Fall,4.09,No,Standard,Yes,Yes,40,Venmo,Annually
2227,67,Female,Sweater,Clothing,20,Georgia,M,Green,Summer,3.6,No,Standard,Yes,Yes,20,PayPal,Bi-Weekly
2228,54,Male,Pants,Clothing,63,Oregon,S,Green,Summer,2.58,No,Store Pickup,No,No,37,Bank Transfer,Every 3 Months
2229,63,Male,Skirt,Clothing,34,Montana,M,Gray,Spring,4.22,No,2-Day Shipping,No,No,17,Debit Card,Annually
2230,59,Male,Skirt,Clothing,56,California,XL,Black,Spring,3.21,No,Store Pickup,Yes,Yes,4,Credit Card,Every 3 Months
2231,32,Male,Pants,Clothing,46,New York,L,Beige,Winter,3.35,Yes,Standard,No,No,50,Credit Card,Weekly
2232,50,Male,Boots,Footwear,67,Oregon,S,Blue,Winter,4.36,No,Express,No,No,18,Credit Card,Monthly
2233,33,Male,Sneakers,Footwear,46,Alabama,L,Green,Winter,3.52,No,Store Pickup,No,No,28,PayPal,Bi-Weekly
2234,28,Male,Hoodie,Clothing,31,Virginia,S,Pink,Summer,3.74,Yes,Store Pickup,No,No,50,Bank Transfer,Quarterly
2235,37,Female,Shirt,Clothing,86,New York,M,Blue,Summer,4.25,No,Store Pickup,Yes,Yes,16,Debit Card,Quarterly
2236,55,Female,Sandals,Footwear,49,Oregon,S,Yellow,Winter,3.38,No,2-Day Shipping,No,No,43,Venmo,Quarterly
2237,41,Female,Sandals,Footwear,85,Alabama,L,Gray,Spring,3.03,No,2-Day Shipping,No,No,8,Venmo,Monthly
2238,33,Male,Sandals,Footwear,26,Colorado,S,Green,Spring,4.08,Yes,Express,No,No,44,Bank Transfer,Bi-Weekly
2239,47,Female,Sweater,Clothing,53,Virginia,L,Pink,Fall,4.25,No,Express,No,No,18,PayPal,Every 3 Months
2240,51,Male,Sandals,Footwear,51,Texas,L,Yellow,Winter,3.45,Yes,Express,Yes,Yes,50,Bank Transfer,Fortnightly
2241,18,Female,Dress,Clothing,58,Virginia,M,Blue,Summer,3.42,Yes,Store Pickup,No,No,29,Debit Card,Fortnightly
2242,41,Female,Blouse,Clothing,62,Virginia,XL,White,Fall,3.14,No,Express,Yes,Yes,40,Cash,Bi-Weekly
2243,41,Female,Skirt,Clothing,62,Colorado,XL,Red,Fall,4.23,No,2-Day Shipping,No,No,16,Cash,Monthly
2244,26,Female,Shirt,Clothing,97,Arizona,S,Blue,Fall,4.95,No,Standard,No,No,30,Debit Card,Bi-Weekly
2245,39,Male,Blouse,Clothing,22,California,L,Red,Winter,4.36,No,Express,Yes,Yes,49,Debit Card,Fortnightly
2246,29,Male,T-shirt,Clothing,65,Idaho,M,Pink,Winter,3.75,No,Next Day Air,No,No,34,Venmo,Bi-Weekly
2247,34,Female,Shirt,Clothing,51,Alabama,XL,Green,Winter,4.23,Yes,2-Day Shipping,Yes,Yes,30,PayPal,Quarterly
2248,42,Male,Blouse,Clothing,62,Illinois,M,Red,Spring,3.3,No,Free Shipping,Yes,Yes,21,PayPal,Annually
2249,45,Male,Shirt,Clothing,100,Virginia,M,Gray,Fall,4.02,Yes,Standard,No,No,22,Bank Transfer,Every 3 Months
2250,32,Female,T-shirt,Clothing,22,Georgia,L,Pink,Spring,3.15,No,2-Day Shipping,No,No,47,Venmo,Bi-Weekly
2251,47,Male,Coat,Clothing,93,Arizona,S,Green,Winter,3.73,No,Express,No,No,25,Credit Card,Every 3 Months
2252,68,Male,Dress,Clothing,82,Florida,L,Pink,Spring,4.45,No,Store Pickup,No,No,22,Cash,Weekly
2253,44,Male,Sweater,Clothing,59,Florida,XL,Blue,Spring,4.29,No,Next Day Air,No,No,28,Debit Card,Bi-Weekly
2254,39,Male,Sweater,Clothing,37,Idaho,XL,Pink,Summer,4.14,Yes,Free Shipping,No,No,39,Bank Transfer,Fortnightly
2255,27,Female,Boots,Footwear,86,Illinois,M,Blue,Winter,4.05,No,Standard,No,No,33,Cash,Annually
2256,48,Female,Pants,Clothing,81,Montana,L,Gray,Fall,3.36,No,Express,Yes,Yes,2,Cash,Fortnightly
2257,44,Male,Hoodie,Clothing,29,California,L,Beige,Winter,3.89,No,2-Day Shipping,No,No,4,Bank Transfer,Annually
2258,29,Female,Skirt,Clothing,71,Oregon,M,Gray,Spring,4.27,No,2-Day Shipping,Yes,Yes,16,PayPal,Every 3 Months
2259,63,Female,Sandals,Footwear,92,New York,S,Yellow,Winter,3.65,Yes,Standard,No,No,12,Venmo,Fortnightly
2260,48,Female,Dress,Clothing,65,Colorado,M,Blue,Winter,3.68,No,Next Day Air,Yes,Yes,17,Credit Card,Quarterly
2261,49,Male,Jeans,Clothing,74,Michigan,M,Green,Summer,3.52,No,Store Pickup,Yes,Yes,36,Credit Card,Fortnightly
2262,49,Male,Sandals,Footwear,65,Ohio,XL,Brown,Summer,,No,Express,No,No,16,Bank Transfer,Weekly
2263,58,Female,Hoodie,Clothing,94,Ohio,L,Beige,Winter,3.34,No,Standard,No,No,39,Bank Transfer,Bi-Weekly
2264,62,Female,Skirt,Clothing,79,California,XL,Gray,Summer,3.81,No,Standard,Yes,Yes,23,Venmo,Monthly
2265,52,Male,Shorts,Clothing,45,Michigan,M,Brown,Spring,3.61,No,2-Day Shipping,Yes,Yes,8,Cash,Fortnightly
2266,70,Female,Hoodie,Clothing,46,Arizona,L,White,Spring,2.92,Yes,Standard,No,No,9,Venmo,Bi-Weekly
2267,63,Male,Dress,Clothing,57,Virginia,M,Brown,Spring,5.0,No,Free Shipping,No,No,14,Venmo,Quarterly
2268,38,Female,Blouse,Clothing,41,Texas,M,Yellow,Summer,3.18,Yes,Free Shipping,Yes,Yes,9,Debit Card,Bi-Weekly
2269,27,Male,Shirt,Clothing,45,Arizona,S,Yellow,Winter,3.72,No,Express,Yes,Yes,47,Debit Card,Fortnightly
2270,33,Male,Pants,Clothing,88,Florida,XL,Gray,Spring,3.84,Yes,Standard,No,No,26,Cash,Fortnightly
2271,24,Male,Pants,Clothing,54,New York,XL,Brown,Fall,3.48,No,2-Day Shipping,Yes,Yes,36,PayPal,Every 3 Months
2272,21,Male,Jeans,Clothing,85,Florida,M,Red,Spring,3.75,No,Store Pickup,No,No,3,Credit Card,Annually
2273,44,Female,Dress,Clothing,92,Alabama,S,Green,Winter,3.31,No,Express,No,No,10,Debit Card,Fortnightly
2274,69,Male,T-shirt,Clothing,70,Florida,M,White,Spring,4.24,Yes,Next Day Air,No,No,25,Cash,Weekly
2275,42,Female,Shorts,Clothing,37,Ohio,M,Blue,Fall,3.79,Yes,2-Day Shipping,Yes,Yes,4,Bank Transfer,Bi-Weekly
2276,48,Male,T-shirt,Clothing,62,Colorado,M,Black,Spring,4.23,No,Next Day Air,No,No,30,Venmo,Every 3 Months
2277,28,Male,Sweater,Clothing,31,Colorado,S,Red,Spring,4.68,No,Express,No,No,50,Debit Card,Annually
2278,65,Female,Boots,Footwear,22,Ohio,L,White,Winter,3.63,No,Free Shipping,No,No,11,Venmo,Monthly
2279,37,Female,Sweater,Clothing,26,New York,S,White,Spring,4.26,Yes,2-Day Shipping,No,No,19,Venmo,Weekly
2280,53,Female,Hoodie,Clothing,25,Virginia,M,Black,Spring,4.72,No,Store Pickup,No,No,50,Debit Card,Monthly
2281,34,Male,Sandals,Footwear,64,Florida,L,Yellow,Summer,3.73,No,2-Day Shipping,No,No,13,Cash,Fortnightly
2282,62,Male,Blouse,Clothing,58,California,M,White,Winter,4.21,No,Express,Yes,Yes,36,Bank Transfer,Monthly
2283,28,Female,Jeans,Clothing,70,California,S,Red,Winter,3.52,No,2-Day Shipping,No,No,3,Credit Card,Monthly
2284,47,Male,Hoodie,Clothing,28,Michigan,S,Gray,Winter,4.52,No,2-Day Shipping,No,No,48,Cash,Weekly
2285,52,Female,Jacket,Clothing,42,Idaho,L,Pink,Winter,3.5,No,Express,No,No,14,PayPal,Weekly
2286,58,Male,Shorts,Clothing,31,Texas,S,Pink,Spring,,No,Standard,Yes,Yes,10,PayPal,Bi-Weekly
2287,55,Male,Pants,Clothing,81,New York,M,Pink,Fall,4.4,No,Express,No,No,38,Credit Card,Monthly
2288,39,Male,Shorts,Clothing,92,Florida,L,Red,Fall,3.09,Yes,2-Day Shipping,No,No,40,Bank Transfer,Weekly
2289,70,Female,Hoodie,Clothing,96,New York,XL,Green,Summer,3.4,No,Store Pickup,Yes,Yes,27,PayPal,Bi-Weekly
2290,60,Male,Hoodie,Clothing,59,Arizona,M,Blue,Spring,3.38,No,Store Pickup,Yes,Yes,24,Venmo,Monthly
2291,65,Female,Dress,Clothing,73,Montana,XL,Black,Winter,4.45,No,Express,No,No,16,PayPal,Annually
2292,68,Female,Sandals,Footwear,100,Virginia,L,Beige,Winter,3.09,No,2-Day Shipping,No,No,10,Debit Card,Monthly
2293,44,Male,Sweater,Clothing,26,Michigan,L,Yellow,Fall,4.0,No,Next Day Air,No,No,27,Venmo,Every 3 Months
2294,54,Female,Pants,Clothing,36,Illinois,M,Pink,Summer,4.24,No,Next Day Air,Yes,Yes,7,Cash,Fortnightly
2295,63,Female,Boots,Footwear,69,Oregon,S,Brown,Spring,3.9,No,Free Shipping,No,No,28,Bank Transfer,Annually
2296,66,Male,Sandals,Footwear,43,Arizona,M,Yellow,Summer,4.56,No,Express,Yes,Yes,26,Credit Card,Weekly
2297,52,Female,Shirt,Clothing,21,Colorado,S,Red,Spring,2.65,No,Express,No,No,18,Debit Card,Quarterly
2298,21,Female,Dress,Clothing,52,Michigan,S,Green,Summer,4.16,No,Next Day Air,Yes,Yes,13,Debit Card,Annually
2299,33,Male,Dress,Clothing,40,Arizona,M,Green,Summer,3.69,No,Next Day Air,Yes,Yes,8,Credit Card,Every 3 Months
2300,33,Male,Jeans,Clothing,93,Colorado,L,Pink,Winter,2.9,No,Next Day Air,Yes,Yes,27,PayPal,Weekly
2301,38,Male,Blouse,Clothing,72,Florida,M,Brown,Fall,3.15,No,Store Pickup,Yes,Yes,14,Credit Card,Every 3 Months
2302,43,Female,Boots,Footwear,65,Colorado,XL,Beige,Winter,4.74,No,Store Pickup,Yes,Yes,41,Credit Card,Fortnightly
2303,53,Female,Skirt,Clothing,64,Montana,L,Pink,Fall,4.18,Yes,Free Shipping,Yes,Yes,44,PayPal,Every 3 Months
2304,36,Male,Coat,Clothing,28,Oregon,S,Black,Summer,4.28,No,Free Shipping,No,No,6,Cash,Every 3 Months
2305,34,Female,Skirt,Clothing,25,Georgia,L,Yellow,Spring,4.38,Yes,Standard,No,No,20,Bank Transfer,Bi-Weekly
2306,62,Male,Hoodie,Clothing,70,California,M,Gray,Winter,2.99,No,Store Pickup,Yes,Yes,28,Credit Card,Annually
2307,43,Male,Sneakers,Footwear,54,California,L,Yellow,Spring,3.95,No,Express,No,No,23,PayPal,Weekly
2308,39,Male,Pants,Clothing,72,Oregon,S,Brown,Winter,4.46,No,Free Shipping,Yes,Yes,12,Debit Card,Annually
2309,45,Female,Sneakers,Footwear,38,Arizona,S,Pink,Winter,3.56,No,2-Day Shipping,No,No,24,Credit Card,Monthly
2310,18,Female,Dress,Clothing,88,Virginia,L,Black,Winter,4.62,Yes,Express,Yes,Yes,44,Bank Transfer,Quarterly
2311,61,Male,Sandals,Footwear,44,Virginia,XL,Brown,Spring,3.43,Yes,Standard,Yes,Yes,22,Credit Card,Bi-Weekly
2312,53,Male,Shirt,Clothing,30,Georgia,S,Blue,Winter,3.87,No,Next Day Air,No,No,26,Cash,Annually
2313,60,Female,Jeans,Clothing,93,Texas,XL,Brown,Winter,4.04,No,Standard,No,No,22,Cash,Weekly
2314,54,Male,Jacket,Clothing,36,California,S,Red,Winter,4.25,Yes,Express,No,No,7,Debit Card,Bi-Weekly
2315,19,Female,Sneakers,Footwear,55,Alabama,L,Brown,Spring,3.63,Yes,Next Day Air,No,No,15,Cash,Annually
2316,34,Male,Jeans,Clothing,40,Arizona,S,Beige,Winter,4.41,No,Standard,No,No,48,Bank Transfer,Monthly
2317,57,Male,Dress,Clothing,37,Illinois,XL,Pink,Spring,4.06,Yes,Standard,Yes,Yes,30,Debit Card,Every 3 Months
2318,55,Female,Blouse,Clothing,79,Montana,XL,Red,Fall,2.82,No,Express,Yes,Yes,4,Credit Card,Quarterly
2319,38,Female,T-shirt,Clothing,37,Idaho,L,Brown,Winter,4.9,No,Free Shipping,Yes,Yes,6,PayPal,Annually
2320,26,Female,Skirt,Clothing,20,Virginia,XL,Red,Summer,3.23,No,2-Day Shipping,Yes,Yes,48,Cash,Annually
2321,30,Female,Shirt,Clothing,33,Ohio,XL,Black,Fall,4.95,Yes,Standard,No,No,47,Debit Card,Monthly
2322,28,Female,Pants,Clothing,27,New York,L,Gray,Spring,3.71,Yes,2-Day Shipping,No,No,2,Cash,Quarterly
2323,33,Male,Sweater,Clothing,85,Oregon,S,Red,Summer,3.59,No,Store Pickup,Yes,Yes,31,Cash,Bi-Weekly
2324,33,Male,Hoodie,Clothing,70,Arizona,L,Yellow,Spring,4.04,No,Store Pickup,No,No,24,Venmo,Every 3 Months
2325,19,Female,Jeans,Clothing,98,California,S,Blue,Spring,3.38,No,Express,No,No,35,Credit Card,Every 3 Months
2326,59,Female,Blouse,Clothing,79,New York,S,Green,Winter,2.67,No,Express,Yes,Yes,47,Cash,Weekly
2327,61,Male,Jacket,Clothing,53,Illinois,S,Blue,Summer,3.73,Yes,Free Shipping,Yes,Yes,31,PayPal,Quarterly
2328,25,Male,Coat,Clothing,55,Georgia,M,Brown,Spring,4.03,No,Next Day Air,Yes,Yes,25,Bank Transfer,Monthly
2329,60,Female,Skirt,Clothing,81,Oregon,S,Gray,Fall,4.72,No,2-Day Shipping,Yes,Yes,8,Venmo,Quarterly
2330,59,Female,Sweater,Clothing,20,Florida,L,Blue,Winter,3.09,Yes,Standard,Yes,Yes,12,Debit Card,Annually
2331,30,Male,Pants,Clothing,61,Ohio,L,Green,Fall,4.15,No,Next Day Air,No,No,2,Debit Card,Bi-Weekly
2332,34,Female,Skirt,Clothing,20,Texas,L,Beige,Fall,3.74,No,Store Pickup,Yes,Yes,15,PayPal,Every 3 Months
2333,56,Male,Dress,Clothing,73,Michigan,M,Beige,Winter,3.82,No,Store Pickup,Yes,Yes,40,PayPal,Bi-Weekly
2334,41,Male,Coat,Clothing,66,Georgia,XL,Gray,Spring,4.38,No,2-Day Shipping,No,No,32,Bank Transfer,Bi-Weekly
2335,20,Female,Skirt,Clothing,58,Idaho,M,Green,Fall,3.49,No,2-Day Shipping,No,No,11,Credit Card,Annually
2336,47,Male,Boots,Footwear,49,Colorado,L,Green,Spring,3.9,No,Next Day Air,No,No,17,PayPal,Weekly
2337,69,Male,Jacket,Clothing,26,Florida,L,Black,Spring,4.45,No,Next Day Air,Yes,Yes,21,Debit Card,Bi-Weekly
2338,30,Male,Blouse,Clothing,41,Illinois,XL,White,Winter,4.42,No,Free Shipping,Yes,Yes,22,Credit Card,Weekly
2339,36,Female,Hoodie,Clothing,69,California,M,Red,Fall,3.07,No,Standard,No,No,33,PayPal,Annually
2340,24,Male,Sneakers,Footwear,64,Georgia,L,Gray,Fall,3.43,No,Standard,Yes,Yes,29,PayPal,Annually
2341,26,Female,Coat,Clothing,93,Alabama,S,Pink,Winter,3.71,Yes,Standard,Yes,Yes,15,Debit Card,Fortnightly
2342,36,Male,Pants,Clothing,91,Montana,S,Black,Spring,4.29,No,Store Pickup,No,No,21,Credit Card,Quarterly
2343,62,Male,Dress,Clothing,29,Oregon,L,Beige,Spring,3.65,Yes,Store Pickup,No,No,2,Venmo,Every 3 Months
2344,57,Male,Boots,Footwear,33,Florida,S,Black,Winter,3.85,No,Next Day Air,Yes,Yes,42,Venmo,Every 3 Months
2345,39,Male,Sweater,Clothing,65,Virginia,XL,Brown,Spring,4.55,Yes,Free Shipping,No,No,38,Bank Transfer,Monthly
2346,35,Male,Sandals,Footwear,94,Florida,L,Red,Spring,3.6,No,Express,Yes,Yes,3,Credit Card,Every 3 Months
2347,40,Female,Shorts,Clothing,25,Idaho,M,Pink,Fall,4.68,No,Free Shipping,Yes,Yes,25,PayPal,Weekly
2348,19,Female,Jeans,Clothing,40,Montana,L,Gray,Spring,2.84,No,Store Pickup,Yes,Yes,13,PayPal,Every 3 Months
2349,67,Male,Hoodie,Clothing,81,Illinois,XL,Brown,Spring,3.56,No,Next Day Air,Yes,Yes,24,Credit Card,Weekly
2350,67,Female,Skirt,Clothing,38,New York,M,White,Spring,2.98,No,Free Shipping,Yes,Yes,31,Venmo,Every 3 Months
2351,28,Female,Sneakers,Footwear,81,New York,XL,Pink,Spring,3.87,Yes,Next Day Air,No,No,15,Bank Transfer,Monthly
2352,48,Male,Coat,Clothing,72,Colorado,S,Green,Winter,4.25,Yes,2-Day Shipping,No,No,6,Cash,Quarterly
2353,50,Female,Skirt,Clothing,43,Montana,S,Pink,Winter,3.7,Yes,2-Day Shipping,No,No,41,Debit Card,Bi-Weekly
2354,31,Female,T-shirt,Clothing,75,Georgia,S,Black,Winter,3.52,No,Express,Yes,Yes,10,Credit Card,Quarterly
2355,33,Female,Jeans,Clothing,81,Colorado,XL,Yellow,Spring,2.98,No,Store Pickup,Yes,Yes,9,Bank Transfer,Weekly
2356,28,Female,Sandals,Footwear,53,Texas,XL,Brown,Winter,4.81,No,2-Day Shipping,Yes,Yes,50,Cash,Annually
2357,50,Male,Boots,Footwear,41,Arizona,L,Black,Summer,3.79,No,Express,Yes,Yes,41,Debit Card,Bi-Weekly
2358,24,Female,Pants,Clothing,87,Virginia,M,Green,Summer,3.53,No,Standard,Yes,Yes,50,Cash,Fortnightly
2359,48,Male,Jacket,Clothing,76,Texas,M,Beige,Summer,4.74,No,Next Day Air,No,No,41,Cash,Monthly
2360,65,Male,Boots,Footwear,29,Texas,XL,Black,Fall,3.59,No,Standard,No,No,5,Debit Card,Quarterly
2361,63,Female,Boots,Footwear,85,Florida,XL,Pink,Spring,,No,Standard,No,No,45,Cash,Bi-Weekly
2362,64,Male,Shorts,Clothing,27,Florida,S,White,Fall,3.37,No,Express,No,No,44,Venmo,Monthly
2363,31,Female,Blouse,Clothing,57,Ohio,XL,Pink,Winter,3.29,Yes,Next Day Air,No,No,41,Bank Transfer,Quarterly
2364,45,Male,Boots,Footwear,81,Virginia,S,Pink,Spring,3.16,Yes,Express,Yes,Yes,19,Credit Card,Weekly
2365,70,Female,Skirt,Clothing,47,Georgia,XL,Brown,Summer,3.38,Yes,Free Shipping,Yes,Yes,20,Bank Transfer,Weekly
2366,60,Female,Sandals,Footwear,29,California,M,Gray,Spring,5.0,No,Standard,Yes,Yes,33,Venmo,Annually
2367,33,Male,Sandals,Footwear,64,Michigan,L,Red,Fall,3.11,No,Next Day Air,No,No,43,Venmo,Weekly
2368,36,Female,Jacket,Clothing,84,Michigan,XL,Pink,Winter,2.9,No,Standard,No,No,37,Debit Card,Fortnightly
2369,34,Female,Shirt,Clothing,86,Michigan,S,Pink,Winter,3.97,No,Free Shipping,Yes,Yes,31,Debit Card,Every 3 Months
2370,43,Female,Jacket,Clothing,28,Illinois,L,Red,Fall,3.75,No,Store Pickup,No,No,39,Debit Card,Weekly
2371,23,Female,Skirt,Clothing,24,Illinois,S,White,Spring,4.2,No,Free Shipping,No,No,13,Cash,Weekly
2372,60,Male,Pants,Clothing,29,Oregon,S,Brown,Fall,3.47,No,Store Pickup,Yes,Yes,38,Cash,Every 3 Months
2373,66,Male,Shirt,Clothing,31,Colorado,L,Beige,Winter,3.28,Yes,Next Day Air,Yes,Yes,45,Credit Card,Weekly
2374,26,Male,Shirt,Clothing,77,Georgia,L,Green,Summer,4.8,No,Next Day Air,Yes,Yes,6,Cash,Bi-Weekly
2375,67,Female,Sneakers,Footwear,40,Ohio,L,Green,Winter,2.83,No,Free Shipping,No,No,47,Credit Card,Annually
2376,34,Male,Sneakers,Footwear,40,Michigan,XL,Black,Winter,4.02,Yes,Standard,Yes,Yes,8,Venmo,Monthly
2377,48,Female,Sweater,Clothing,84,Oregon,L,Brown,Spring,4.21,No,2-Day Shipping,No,No,43,Credit Card,Fortnightly
2378,29,Female,Coat,Clothing,22,Florida,XL,Yellow,Summer,4.29,Yes,Standard,Yes,Yes,10,Credit Card,Quarterly
2379,40,Female,Coat,Clothing,88,Virginia,M,Beige,Winter,3.62,No,2-Day Shipping,No,No,41,Debit Card,Every 3 Months
2380,22,Male,Dress,Clothing,83,Oregon,M,Green,Summer,3.05,No,Express,Yes,Yes,4,Cash,Annually
2381,60,Male,Hoodie,Clothing,68,Oregon,S,Yellow,Fall,4.7,No,Next Day Air,No,No,14,PayPal,Annually
2382,53,Male,Blouse,Clothing,91,Idaho,S,Gray,Spring,3.53,No,Free Shipping,No,No,4,PayPal,Every 3 Months
2383,53,Male,Coat,Clothing,36,Michigan,XL,Yellow,Summer,4.72,No,Express,No,No,24,Debit Card,Every 3 Months
2384,20,Female,Sneakers,Footwear,92,Oregon,S,Yellow,Summer,4.02,No,Standard,No,No,47,Bank Transfer,Fortnightly
2385,41,Male,Sweater,Clothing,51,Colorado,M,Beige,Spring,3.51,No,2-Day Shipping,Yes,Yes,21,Bank Transfer,Monthly
2386,34,Male,Boots,Footwear,89,Oregon,XL,Gray,Fall,4.04,No,Store Pickup,No,No,10,Bank Transfer,Annually
2387,56,Male,Sweater,Clothing,40,Michigan,XL,Yellow,Summer,4.49,No,Next Day Air,Yes,Yes,46,Venmo,Weekly
2388,43,Male,Boots,Footwear,26,Idaho,L,Red,Spring,3.85,No,2-Day Shipping,Yes,Yes,25,Venmo,Every 3 Months
2389,21,Female,Pants,Clothing,26,Oregon,XL,Blue,Winter,3.36,No,Standard,No,No,6,Venmo,Weekly
2390,62,Male,Pants,Clothing,46,California,S,Pink,Spring,2.73,No,Standard,Yes,Yes,16,Credit Card,Quarterly
2391,29,Male,Shirt,Clothing,27,Montana,M,White,Winter,3.55,Yes,Free Shipping,No,No,44,Cash,Every 3 Months
2392,18,Male,Dress,Clothing,92,Florida,S,Pink,Summer,4.28,No,Express,No,No,28,Venmo,Annually
2393,38,Female,Hoodie,Clothing,47,Virginia,M,Black,Summer,3.19,No,Next Day Air,Yes,Yes,36,PayPal,Fortnightly
2394,36,Male,Jacket,Clothing,98,New York,L,Yellow,Summer,4.21,No,Free Shipping,No,No,33,Credit Card,Fortnightly
2395,38,Male,Blouse,Clothing,85,New York,M,Green,Fall,3.82,No,2-Day Shipping,Yes,Yes,30,Venmo,Annually
2396,69,Male,Skirt,Clothing,90,Georgia,L,Brown,Fall,4.25,Yes,Express,Yes,Yes,36,Venmo,Annually
2397,35,Female,Shirt,Clothing,66,Florida,S,Black,Winter,2.4,Yes,Next Day Air,Yes,Yes,25,Bank Transfer,Quarterly
2398,60,Female,Jacket,Clothing,29,Alabama,L,Beige,Spring,2.95,No,2-Day Shipping,No,No,13,Bank Transfer,Fortnightly
2399,69,Male,Coat,Clothing,52,Montana,XL,Brown,Winter,3.52,No,Next Day Air,No,No,39,Cash,Fortnightly
2400,20,Male,Dress,Clothing,26,New York,XL,Brown,Spring,4.92,No,Next Day Air,No,No,15,Cash,Fortnightly
2401,66,Female,Shirt,Clothing,22,Arizona,M,Beige,Summer,3.35,Yes,Store Pickup,No,No,38,Credit Card,Every 3 Months
2402,61,Female,Jeans,Clothing,33,Michigan,S,Red,Spring,3.72,No,Store Pickup,Yes,Yes,30,PayPal,Quarterly
2403,49,Female,Coat,Clothing,63,Colorado,S,Pink,Fall,5.0,Yes,Express,Yes,Yes,14,Debit Card,Every 3 Months
2404,27,Female,Jacket,Clothing,65,Texas,M,Black,Spring,4.06,No,Store Pickup,No,No,50,Bank Transfer,Quarterly
2405,57,Female,Blouse,Clothing,80,Florida,XL,Pink,Spring,4.32,Yes,2-Day Shipping,No,No,4,PayPal,Monthly
2406,32,Male,Skirt,Clothing,55,Oregon,L,Gray,Summer,3.41,No,Store Pickup,Yes,Yes,1,Bank Transfer,Fortnightly
2407,22,Male,Jacket,Clothing,32,Alabama,M,Green,Summer,4.51,No,Free Shipping,Yes,Yes,3,Cash,Monthly
2408,21,Male,Boots,Footwear,35,Arizona,L,Black,Fall,4.6,No,Free Shipping,No,No,45,Cash,Bi-Weekly
2409,45,Male,Pants,Clothing,99,Michigan,L,Beige,Spring,4.1,No,Free Shipping,No,No,50,Debit Card,Bi-Weekly
2410,70,Female,Shirt,Clothing,24,Oregon,S,Yellow,Spring,3.75,Yes,Next Day Air,Yes,Yes,36,PayPal,Fortnightly
2411,69,Female,Shirt,Clothing,57,Texas,XL,Black,Spring,4.14,No,Standard,No,No,4,PayPal,Weekly
2412,68,Female,Skirt,Clothing,69,Texas,L,Black,Summer,2.82,No,Express,No,No,43,Debit Card,Annually
2413,70,Female,Sandals,Footwear,57,California,XL,Blue,Fall,4.45,Yes,Free Shipping,No,No,14,Cash,Bi-Weekly
2414,21,Female,Blouse,Clothing,75,Virginia,S,Beige,Spring,3.29,No,Express,Yes,Yes,25,Credit Card,Weekly
2415,32,Male,T-shirt,Clothing,82,Georgia,M,Beige,Spring,3.63,No,Store Pickup,No,No,39,PayPal,Monthly
2416,34,Male,Coat,Clothing,67,Michigan,M,Pink,Spring,4.59,No,Next Day Air,Yes,Yes,3,Venmo,Fortnightly
2417,61,Male,Sweater,Clothing,78,Virginia,S,Green,Spring,4.46,Yes,Express,Yes,Yes,7,PayPal,Annually
2418,20,Male,Skirt,Clothing,96,Montana,S,Beige,Fall,2.83,Yes,Free Shipping,No,No,8,PayPal,Monthly
2419,27,Male,Blouse,Clothing,63,Florida,L,White,Fall,3.23,No,Free Shipping,No,No,44,PayPal,Every 3 Months
2420,64,Female,Sweater,Clothing,74,Alabama,S,Beige,Fall,4.18,No,Next Day Air,Yes,Yes,7,Cash,Monthly
2421,59,Female,Blouse,Clothing,74,Ohio,M,White,Summer,2.76,No,Next Day Air,No,No,48,Venmo,Quarterly
2422,40,Female,Blouse,Clothing,20,Colorado,XL,Yellow,Spring,4.65,No,2-Day Shipping,No,No,25,PayPal,Fortnightly
2423,35,Female,Jacket,Clothing,27,California,XL,Green,Spring,3.87,No,Next Day Air,No,No,17,Credit Card,Quarterly
2424,18,Female,Hoodie,Clothing,23,Idaho,XL,Red,Spring,4.65,No,Standard,No,No,26,Bank Transfer,Monthly
2425,52,Male,Boots,Footwear,72,Arizona,XL,Black,Spring,3.35,No,Standard,No,No,4,Bank Transfer,Weekly
2426,70,Male,Blouse,Clothing,77,Ohio,S,Green,Winter,3.41,Yes,Free Shipping,No,No,49,Venmo,Fortnightly
2427,48,Male,Hoodie,Clothing,56,Arizona,S,Pink,Fall,4.42,No,Store Pickup,Yes,Yes,18,Debit Card,Fortnightly
2428,61,Female,Sandals,Footwear,68,Florida,XL,Black,Winter,3.62,No,Next Day Air,Yes,Yes,4,Credit Card,Bi-Weekly
2429,18,Female,T-shirt,Clothing,86,Alabama,S,White,Winter,3.06,Yes,Standard,Yes,Yes,17,Debit Card,Weekly
2430,20,Female,Shirt,Clothing,38,Alabama,L,Brown,Summer,4.14,Yes,Standard,No,No,47,PayPal,Every 3 Months
2431,20,Female,Shorts,Clothing,20,Texas,S,Green,Summer,2.84,No,2-Day Shipping,No,No,17,Cash,Weekly
2432,54,Male,Sweater,Clothing,48,Ohio,L,Pink,Spring,4.67,No,Store Pickup,Yes,Yes,45,PayPal,Monthly
2433,36,Female,Shirt,Clothing,52,Oregon,L,White,Winter,3.91,No,Store Pickup,Yes,Yes,25,PayPal,Monthly
2434,46,Male,Shorts,Clothing,71,Virginia,S,Pink,Winter,3.27,No,Next Day Air,No,No,3,Debit Card,Monthly
2435,42,Female,T-shirt,Clothing,60,Colorado,XL,Pink,Fall,4.49,No,2-Day Shipping,Yes,Yes,12,PayPal,Bi-Weekly
2436,50,Male,Boots,Footwear,42,Alabama,L,Pink,Winter,4.5,No,Store Pickup,No,No,27,Credit Card,Weekly
2437,53,Female,T-shirt,Clothing,24,Colorado,S,Green,Summer,3.8,Yes,Store Pickup,Yes,Yes,17,Cash,Quarterly
2438,46,Female,Sweater,Clothing,90,New York,M,Brown,Winter,5.0,Yes,Express,No,No,22,Debit Card,Weekly
2439,43,Male,Pants,Clothing,76,Arizona,XL,White,Summer,5.0,No,2-Day Shipping,No,No,39,Venmo,Quarterly
2440,21,Male,Sweater,Clothing,25,Texas,M,Red,Spring,3.99,No,Store Pickup,Yes,Yes,39,Bank Transfer,Fortnightly
2441,66,Female,T-shirt,Clothing,68,Michigan,L,White,Summer,4.44,Yes,Express,No,No,43,PayPal,Quarterly
2442,31,Male,Shorts,Clothing,41,Florida,M,Beige,Spring,4.59,Yes,Express,Yes,Yes,48,Bank Transfer,Annually
2443,67,Female,Skirt,Clothing,96,Oregon,S,Black,Fall,3.12,Yes,Store Pickup,No,No,36,Debit Card,Fortnightly
2444,44,Female,Blouse,Clothing,95,Alabama,XL,Brown,Spring,3.97,No,Next Day Air,No,No,16,Bank Transfer,Every 3 Months
2445,50,Male,Coat,Clothing,23,Virginia,L,Green,Winter,3.39,No,Express,Yes,Yes,37,PayPal,Every 3 Months
2446,39,Female,Dress,Clothing,91,Georgia,S,Blue,Summer,3.31,Yes,Express,No,No,29,PayPal,Annually
2447,65,Female,Hoodie,Clothing,83,Illinois,XL,Red,Spring,3.87,Yes,2-Day Shipping,No,No,14,Debit Card,Monthly
2448,20,Male,Jeans,Clothing,56,Colorado,L,Black,Spring,3.92,Yes,Next Day Air,Yes,Yes,7,Credit Card,Annually
2449,40,Female,Dress,Clothing,50,Michigan,L,Blue,Spring,2.83,Yes,Next Day Air,Yes,Yes,41,Venmo,Weekly
2450,38,Female,Shirt,Clothing,56,Colorado,L,Beige,Spring,4.01,No,Express,No,No,28,PayPal,Monthly
2451,58,Female,Jacket,Clothing,64,Florida,L,White,Spring,3.65,Yes,2-Day Shipping,No,No,13,Credit Card,Weekly
2452,40,Female,Shirt,Clothing,27,Michigan,M,White,Spring,,No,2-Day Shipping,No,No,16,PayPal,Quarterly
2453,21,Male,Jacket,Clothing,59,Ohio,M,Brown,Summer,4.5,No,2-Day Shipping,No,No,21,PayPal,Weekly
2454,38,Male,Shorts,Clothing,24,New York,M,Green,Winter,3.29,No,2-Day Shipping,No,No,4,Credit Card,Quarterly
2455,54,Male,Pants,Clothing,47,Montana,L,Green,Winter,4.59,Yes,Free Shipping,Yes,Yes,39,PayPal,Weekly
2456,60,Female,Jacket,Clothing,100,Idaho,M,Black,Spring,4.12,Yes,Store Pickup,No,No,35,Venmo,Annually
2457,48,Male,Sweater,Clothing,28,Michigan,XL,Gray,Summer,3.67,Yes,Express,No,No,15,Bank Transfer,Annually
2458,38,Male,Skirt,Clothing,21,Illinois,L,Beige,Spring,3.49,No,Express,No,No,26,Debit Card,Annually
2459,43,Male,Coat,Clothing,82,Oregon,XL,Gray,Fall,3.11,No,Express,Yes,Yes,46,Bank Transfer,Annually
2460,58,Female,Coat,Clothing,70,Texas,XL,Pink,Winter,3.07,Yes,Next Day Air,Yes,Yes,7,Credit Card,Fortnightly
2461,52,Male,Sweater,Clothing,50,Arizona,M,Red,Spring,2.7,No,Next Day Air,Yes,Yes,18,Bank Transfer,Quarterly
2462,55,Male,Skirt,Clothing,26,Ohio,L,White,Summer,3.81,Yes,2-Day Shipping,Yes,Yes,25,Cash,Annually
2463,41,Female,Boots,Footwear,49,Ohio,M,Black,Winter,2.56,Yes,Store Pickup,Yes,Yes,37,PayPal,Monthly
2464,28,Female,Sandals,Footwear,77,Georgia,M,Gray,Summer,3.28,No,Next Day Air,No,No,21,Debit Card,Monthly
2465,58,Female,Boots,Footwear,22,Montana,M,Brown,Fall,4.19,Yes,Standard,No,No,8,Venmo,Monthly
2466,46,Female,Pants,Clothing,70,Illinois,L,Yellow,Spring,4.7,No,Express,Yes,Yes,20,Venmo,Monthly
2467,64,Female,Dress,Clothing,75,Arizona,L,Green,Fall,3.11,No,Express,No,No,18,Cash,Fortnightly
2468,20,Female,Pants,Clothing,92,Idaho,M,White,Winter,4.17,No,Free Shipping,Yes,Yes,19,Bank Transfer,Fortnightly
2469,18,Male,Shorts,Clothing,29,Colorado,XL,Black,Spring,3.61,No,Free Shipping,Yes,Yes,3,Venmo,Bi-Weekly
2470,69,Male,Dress,Clothing,80,California,XL,Blue,Winter,3.49,No,Standard,Yes,Yes,38,Bank Transfer,Bi-Weekly
2471,36,Female,Sandals,Footwear,69,California,L,Red,Spring,3.89,No,Free Shipping,No,No,18,Debit Card,Annually
2472,63,Female,Sandals,Footwear,66,Ohio,S,Pink,Summer,3.41,No,Store Pickup,Yes,Yes,27,Cash,Bi-Weekly
2473,66,Male,Shirt,Clothing,20,Michigan,M,Brown,Winter,3.75,Yes,2-Day Shipping,Yes,Yes,15,Bank Transfer,Every 3 Months
2474,39,Female,T-shirt,Clothing,76,Michigan,M,Beige,Fall,3.84,No,2-Day Shipping,Yes,Yes,46,Credit Card,Annually
2475,31,Female,Shirt,Clothing,57,Illinois,S,Brown,Fall,4.5,No,Express,No,No,21,Bank Transfer,Bi-Weekly
2476,66,Male,T-shirt,Clothing,81,Oregon,L,Pink,Summer,4.63,No,2-Day Shipping,Yes,Yes,22,Bank Transfer,Weekly
2477,31,Female,Pants,Clothing,98,Montana,XL,Yellow,Summer,3.44,No,Free Shipping,No,No,8,Cash,Every 3 Months
2478,61,Female,Jeans,Clothing,89,Colorado,L,Beige,Fall,3.64,Yes,Standard,No,No,11,Credit Card,Quarterly
2479,33,Male,Pants,Clothing,84,Ohio,XL,Beige,Summer,4.28,No,Store Pickup,No,No,43,Venmo,Monthly
2480,50,Male,Jacket,Clothing,81,California,XL,Black,Spring,3.69,Yes,2-Day Shipping,No,No,12,Debit Card,Weekly
2481,30,Male,Skirt,Clothing,75,Oregon,L,Brown,Fall,4.23,No,Express,Yes,Yes,48,Bank Transfer,Every 3 Months
2482,55,Male,T-shirt,Clothing,86,Ohio,M,White,Winter,4.34,No,Express,Yes,Yes,39,PayPal,Annually
2483,66,Male,Boots,Footwear,36,Colorado,M,Pink,Fall,4.41,No,Store Pickup,No,No,27,Cash,Fortnightly
2484,29,Female,Dress,Clothing,27,California,M,Yellow,Summer,3.85,No,Free Shipping,No,No,35,Venmo,Monthly
2485,68,Female,Sweater,Clothing,79,Illinois,XL,Yellow,Spring,3.1,No,2-Day Shipping,No,No,2,Bank Transfer,Quarterly
2486,55,Female,Shirt,Clothing,59,Illinois,M,Green,Winter,3.7,No,Free Shipping,No,No,35,Debit Card,Quarterly
2487,56,Female,Skirt,Clothing,100,Montana,XL,Red,Fall,3.5,No,Express,No,No,31,PayPal,Annually
2488,50,Female,Shorts,Clothing,81,Texas,M,Black,Fall,4.27,Yes,Standard,No,No,8,Cash,Annually
2489,50,Male,Skirt,Clothing,60,Texas,L,Black,Winter,4.72,No,2-Day Shipping,No,No,20,Debit Card,Fortnightly
2490,46,Female,Hoodie,Clothing,31,Ohio,S,Blue,Spring,4.73,Yes,Standard,No,No,8,Venmo,Monthly
2491,22,Female,Jacket,Clothing,73,Georgia,XL,Black,Summer,4.33,No,Store Pickup,Yes,Yes,4,Bank Transfer,Bi-Weekly
2492,23,Female,Hoodie,Clothing,30,Ohio,L,Beige,Summer,3.24,No,2-Day Shipping,No,No,31,Bank Transfer,Monthly
2493,48,Female,Jeans,Clothing,79,Ohio,XL,Blue,Summer,4.64,No,Express,Yes,Yes,32,Bank Transfer,Monthly
2494,33,Female,T-shirt,Clothing,87,Montana,XL,Yellow,Summer,4.06,No,2-Day Shipping,Yes,Yes,13,Cash,Quarterly
2495,48,Male,Jeans,Clothing,97,Georgia,L,White,Winter,3.31,No,Express,No,No,22,Bank Transfer,Fortnightly
2496,42,Female,Shorts,Clothing,65,Florida,M,Gray,Spring,4.32,No,Next Day Air,Yes,Yes,26,Cash,Monthly
2497,65,Female,Boots,Footwear,57,Ohio,XL,Red,Spring,3.67,Yes,Express,Yes,Yes,17,Bank Transfer,Weekly
2498,63,Female,Sandals,Footwear,80,Virginia,S,Red,Fall,2.63,No,Express,Yes,Yes,29,Credit Card,Weekly
2499,50,Female,Hoodie,Clothing,36,Virginia,S,White,Fall,3.21,No,Store Pickup,No,No,27,Bank Transfer,Annually
2500,30,Female,Coat,Clothing,85,Texas,L,White,Spring,3.76,Yes,2-Day Shipping,No,No,22,Credit Card,Fortnightly
2501,69,Female,Hoodie,Clothing,91,Texas,S,Gray,Fall,3.74,No,Standard,No,No,18,Cash,Bi-Weekly
2502,27,Male,Shorts,Clothing,55,Georgia,L,Green,Spring,3.16,Yes,Express,Yes,Yes,5,Debit Card,Every 3 Months
2503,41,Female,Sneakers,Footwear,93,Arizona,L,Brown,Winter,4.25,Yes,2-Day Shipping,No,No,12,Venmo,Monthly
2504,27,Male,Shorts,Clothing,26,Michigan,XL,Red,Winter,4.11,No,Express,No,No,2,PayPal,Every 3 Months
2505,58,Male,Jeans,Clothing,35,Illinois,L,Green,Summer,,Yes,Free Shipping,Yes,Yes,42,Credit Card,Monthly
2506,48,Female,Skirt,Clothing,33,Georgia,L,Black,Spring,5.0,No,Free Shipping,Yes,Yes,7,Venmo,Quarterly
2507,30,Female,Sweater,Clothing,99,Florida,M,White,Winter,3.07,No,Free Shipping,Yes,Yes,47,Bank Transfer,Monthly
2508,20,Female,Shirt,Clothing,44,California,XL,Blue,Spring,3.53,No,Free Shipping,No,No,26,Cash,Every 3 Months
2509,67,Male,Sweater,Clothing,23,Texas,S,Green,Fall,4.03,No,Standard,No,No,39,Venmo,Bi-Weekly
2510,69,Female,Jeans,Clothing,48,Idaho,M,Green,Spring,3.53,No,Store Pickup,No,No,15,Venmo,Monthly
2511,51,Female,Shirt,Clothing,75,Virginia,M,Red,Summer,4.67,Yes,Express,Yes,Yes,48,Bank Transfer,Monthly
2512,66,Female,Sneakers,Footwear,25,Idaho,XL,Yellow,Summer,3.69,No,Free Shipping,No,No,33,Venmo,Annually
2513,45,Male,Coat,Clothing,20,Virginia,XL,Blue,Winter,3.25,No,2-Day Shipping,No,No,47,Cash,Quarterly
2514,36,Male,Jacket,Clothing,58,Texas,M,Brown,Fall,4.17,No,Free Shipping,No,No,3,Credit Card,Weekly
2515,40,Female,Dress,Clothing,20,Michigan,XL,Black,Fall,2.06,No,Next Day Air,No,No,42,PayPal,Weekly
2516,62,Male,Jeans,Clothing,82,Idaho,XL,Gray,Spring,4.12,No,Next Day Air,Yes,Yes,48,Debit Card,Annually
2517,49,Female,Skirt,Clothing,76,Colorado,L,Pink,Fall,4.57,No,Store Pickup,Yes,Yes,2,Credit Card,Bi-Weekly
2518,30,Male,T-shirt,Clothing,86,Colorado,XL,Yellow,Summer,2.42,No,Standard,No,No,17,PayPal,Fortnightly
2519,50,Female,Jeans,Clothing,84,Alabama,L,Red,Winter,3.56,Yes,Next Day Air,No,No,1,Cash,Fortnightly
2520,51,Male,Jeans,Clothing,84,Florida,M,Yellow,Winter,2.81,No,2-Day Shipping,No,No,36,PayPal,Quarterly
2521,50,Female,Hoodie,Clothing,40,Virginia,M,Blue,Winter,3.81,No,Free Shipping,Yes,Yes,43,Cash,Every 3 Months
2522,22,Female,Hoodie,Clothing,49,Oregon,S,Beige,Fall,5.0,No,Next Day Air,No,No,17,PayPal,Every 3 Months
2523,20,Male,Shirt,Clothing,52,Illinois,XL,Brown,Fall,3.94,No,Next Day Air,Yes,Yes,2,Credit Card,Monthly
2524,24,Male,Pants,Clothing,67,Texas,M,Black,Summer,3.67,No,Standard,Yes,Yes,33,Bank Transfer,Quarterly
2525,41,Male,Pants,Clothing,41,Texas,L,Yellow,Spring,2.11,No,Next Day Air,No,No,29,Bank Transfer,Every 3 Months
2526,39,Male,Blouse,Clothing,73,California,M,Brown,Spring,3.14,No,Free Shipping,No,No,6,Bank Transfer,Weekly
2527,62,Male,Shorts,Clothing,23,Virginia,XL,Pink,Winter,3.72,No,Store Pickup,Yes,Yes,43,Cash,Annually
2528,40,Female,Skirt,Clothing,74,Florida,S,Black,Winter,3.86,Yes,Store Pickup,Yes,Yes,36,Venmo,Bi-Weekly
2529,47,Female,Blouse,Clothing,63,Ohio,S,Pink,Fall,4.01,No,Store Pickup,Yes,Yes,24,Bank Transfer,Fortnightly
2530,35,Male,Boots,Footwear,31,Michigan,M,Green,Winter,4.26,No,Express,Yes,Yes,11,Cash,Annually
2531,49,Female,Sneakers,Footwear,100,Ohio,S,Yellow,Summer,3.26,No,Free Shipping,No,No,5,Cash,Monthly
2532,70,Female,Pants,Clothing,98,Colorado,XL,Pink,Summer,3.82,Yes,Next Day Air,No,No,30,PayPal,Annually
2533,24,Male,T-shirt,Clothing,93,Virginia,XL,Brown,Winter,3.5,No,Next Day Air,Yes,Yes,10,Cash,Fortnightly
2534,50,Female,Hoodie,Clothing,71,New York,S,Beige,Winter,3.24,No,Next Day Air,No,No,37,PayPal,Weekly
2535,22,Female,Coat,Clothing,95,Arizona,L,Gray,Winter,3.28,No,Standard,No,No,27,Credit Card,Monthly
2536,66,Male,Sandals,Footwear,84,Virginia,S,White,Winter,4.12,No,2-Day Shipping,No,No,27,Cash,Weekly
2537,45,Male,Sneakers,Footwear,84,Alabama,S,Beige,Winter,2.26,No,Free Shipping,Yes,Yes,24,Venmo,Fortnightly
2538,25,Female,Sandals,Footwear,29,Montana,M,Red,Summer,2.69,No,Store Pickup,No,No,3,Venmo,Fortnightly
2539,32,Male,Skirt,Clothing,37,Montana,L,Beige,Spring,5.0,Yes,Next Day Air,Yes,Yes,38,Credit Card,Weekly
2540,69,Female,Skirt,Clothing,66,New York,S,Pink,Summer,3.4,Yes,Express,Yes,Yes,26,Bank Transfer,Monthly
2541,21,Male,Boots,Footwear,85,Virginia,M,Red,Summer,4.68,Yes,Standard,Yes,Yes,45,Venmo,Weekly
2542,51,Male,Sandals,Footwear,68,Illinois,M,Beige,Winter,3.76,No,2-Day Shipping,No,No,48,PayPal,Monthly
2543,22,Male,Skirt,Clothing,91,Montana,M,White,Spring,3.46,No,Next Day Air,Yes,Yes,39,Cash,Quarterly
2544,50,Male,Coat,Clothing,41,Georgia,XL,Brown,Winter,4.19,Yes,Store Pickup,Yes,Yes,18,Debit Card,Quarterly
2545,22,Female,Sweater,Clothing,45,Ohio,M,Gray,Summer,3.85,No,Free Shipping,Yes,Yes,3,Cash,Monthly
2546,55,Male,Blouse,Clothing,28,Michigan,M,Pink,Spring,3.69,No,Express,No,No,38,Cash,Weekly
2547,51,Male,Jeans,Clothing,40,Idaho,XL,Yellow,Fall,3.77,No,Store Pickup,No,No,42,Debit Card,Annually
2548,43,Female,Jacket,Clothing,82,Arizona,XL,Black,Winter,4.04,No,Standard,Yes,Yes,48,Bank Transfer,Annually
2549,18,Female,Sandals,Footwear,25,Virginia,M,Blue,Fall,3.39,No,Free Shipping,No,No,25,Venmo,Monthly
2550,21,Female,T-shirt,Clothing,33,Georgia,S,Yellow,Fall,3.51,Yes,Free Shipping,No,No,13,Venmo,Fortnightly
2551,56,Female,Sneakers,Footwear,52,Oregon,L,Green,Fall,3.21,No,Standard,No,No,25,Cash,Annually
2552,43,Male,Sweater,Clothing,90,Oregon,XL,Pink,Fall,3.08,Yes,Free Shipping,Yes,Yes,24,Venmo,Weekly
2553,50,Female,Sandals,Footwear,43,Georgia,L,Black,Spring,4.91,No,Express,No,No,41,PayPal,Every 3 Months
2554,50,Male,Sweater,Clothing,92,Florida,XL,Brown,Winter,3.26,Yes,Express,No,No,16,PayPal,Monthly
2555,25,Female,Pants,Clothing,94,Oregon,M,Green,Spring,4.4,Yes,Free Shipping,No,No,43,Debit Card,Fortnightly
2556,37,Male,Sweater,Clothing,70,Ohio,XL,Blue,Winter,3.59,Yes,Next Day Air,Yes,Yes,41,Cash,Bi-Weekly
2557,33,Female,Sandals,Footwear,21,California,M,Pink,Winter,4.12,No,Free Shipping,No,No,42,Bank Transfer,Fortnightly
2558,38,Male,Shirt,Clothing,34,Florida,L,Yellow,Winter,3.8,No,Next Day Air,No,No,11,PayPal,Every 3 Months
2559,62,Male,Shorts,Clothing,54,Virginia,S,Beige,Spring,2.73,Yes,Free Shipping,No,No,21,Credit Card,Monthly
2560,43,Female,T-shirt,Clothing,55,Oregon,M,Yellow,Summer,3.82,No,Store Pickup,Yes,Yes,31,Venmo,Weekly
2561,40,Male,Jeans,Clothing,58,Montana,L,Yellow,Fall,4.16,No,2-Day Shipping,Yes,Yes,15,Bank Transfer,Weekly
2562,35,Male,Jeans,Clothing,23,Georgia,L,Blue,Summer,3.23,Yes,Express,No,No,45,Cash,Quarterly
2563,48,Male,T-shirt,Clothing,83,California,XL,Pink,Summer,5.0,Yes,Free Shipping,No,No,49,PayPal,Every 3 Months
2564,69,Male,Shirt,Clothing,93,Florida,M,Pink,Summer,4.29,No,Express,Yes,Yes,36,Debit Card,Monthly
2565,59,Female,Hoodie,Clothing,25,Texas,L,Red,Fall,4.29,No,Standard,No,No,43,PayPal,Fortnightly
2566,29,Male,Skirt,Clothing,76,Alabama,S,Yellow,Summer,4.36,Yes,2-Day Shipping,Yes,Yes,1,Credit Card,Fortnightly
2567,18,Male,Jeans,Clothing,49,Colorado,XL,Brown,Fall,2.4,No,Next Day Air,No,No,28,PayPal,Every 3 Months
2568,59,Female,Hoodie,Clothing,93,Oregon,XL,Black,Fall,4.22,No,Standard,No,No,33,Cash,Monthly
2569,26,Female,Sweater,Clothing,86,Ohio,L,Black,Fall,5.0,No,2-Day Shipping,No,No,3,Debit Card,Fortnightly
2570,20,Female,Coat,Clothing,34,California,M,Green,Winter,4.26,Yes,Standard,No,No,15,Debit Card,Annually
2571,68,Male,Sneakers,Footwear,36,New York,XL,Blue,Winter,3.64,No,Express,Yes,Yes,33,Credit Card,Bi-Weekly
2572,43,Male,Pants,Clothing,37,Alabama,M,Yellow,Summer,3.13,Yes,Store Pickup,No,No,32,Cash,Every 3 Months
2573,26,Female,Blouse,Clothing,38,Florida,L,Brown,Winter,3.07,No,2-Day Shipping,Yes,Yes,23,Credit Card,Quarterly
2574,59,Male,Jeans,Clothing,95,Oregon,L,Green,Fall,3.0,Yes,Standard,No,No,26,Credit Card,Weekly
2575,68,Female,T-shirt,Clothing,88,Illinois,M,Pink,Winter,3.56,No,Next Day Air,No,No,48,Credit Card,Fortnightly
2576,33,Male,Coat,Clothing,43,Virginia,S,Black,Fall,3.16,No,2-Day Shipping,No,No,17,PayPal,Bi-Weekly
2577,41,Female,Sandals,Footwear,67,New York,XL,White,Spring,3.71,No,2-Day Shipping,Yes,Yes,9,Venmo,Monthly
2578,67,Male,Boots,Footwear,49,Ohio,L,Red,Winter,3.92,Yes,Standard,No,No,5,PayPal,Fortnightly
2579,31,Female,Shorts,Clothing,34,Texas,S,Brown,Summer,2.77,No,Store Pickup,Yes,Yes,29,Cash,Every 3 Months
2580,20,Male,T-shirt,Clothing,66,California,S,Green,Spring,3.34,No,Free Shipping,Yes,Yes,6,Bank Transfer,Monthly
2581,51,Female,Skirt,Clothing,63,Idaho,M,Green,Spring,3.45,Yes,Next Day Air,No,No,47,Credit Card,Bi-Weekly
2582,50,Male,Boots,Footwear,46,Virginia,M,Brown,Winter,3.44,No,Next Day Air,No,No,41,Credit Card,Bi-Weekly
2583,67,Male,Boots,Footwear,83,California,M,Beige,Winter,3.81,Yes,Standard,No,No,35,Venmo,Annually
2584,41,Male,Sweater,Clothing,60,Alabama,S,White,Summer,3.87,No,Store Pickup,Yes,Yes,21,Debit Card,Weekly
2585,26,Female,Shorts,Clothing,87,California,XL,Pink,Spring,3.55,No,Express,Yes,Yes,45,Credit Card,Monthly
2586,30,Male,Sneakers,Footwear,24,Alabama,M,Black,Fall,3.4,Yes,Express,No,No,45,PayPal,Quarterly
2587,19,Male,Sneakers,Footwear,72,Oregon,XL,Yellow,Winter,3.79,Yes,Free Shipping,No,No,23,Credit Card,Weekly
2588,24,Male,Shirt,Clothing,27,New York,M,Brown,Spring,4.67,Yes,Free Shipping,Yes,Yes,35,Cash,Monthly
2589,65,Female,Hoodie,Clothing,41,California,S,Blue,Spring,2.93,No,Standard,No,No,46,Venmo,Annually
2590,38,Male,Jacket,Clothing,26,New York,XL,White,Fall,4.48,No,Store Pickup,No,No,2,Bank Transfer,Monthly
2591,36,Female,Boots,Footwear,41,Texas,XL,Red,Spring,2.82,Yes,Express,No,No,42,Debit Card,Annually
2592,42,Male,Shirt,Clothing,65,Texas,S,Red,Winter,4.02,No,Next Day Air,No,No,9,Bank Transfer,Bi-Weekly
2593,64,Female,Skirt,Clothing,49,Virginia,XL,Blue,Fall,4.43,Yes,Store Pickup,No,No,13,Cash,Every 3 Months
2594,39,Female,Hoodie,Clothing,35,Alabama,S,White,Winter,3.01,No,Express,No,No,43,PayPal,Bi-Weekly
2595,28,Male,Pants,Clothing,98,Florida,S,Green,Summer,4.01,No,Store Pickup,No,No,34,Bank Transfer,Monthly
2596,50,Female,Boots,Footwear,24,Texas,L,Red,Spring,3.17,No,Standard,Yes,Yes,16,Cash,Every 3 Months
2597,49,Female,Coat,Clothing,86,Arizona,M,Green,Winter,4.5,Yes,Express,No,No,5,Bank Transfer,Every 3 Months
2598,38,Male,Shorts,Clothing,42,California,L,Beige,Winter,2.84,No,2-Day Shipping,No,No,1,Credit Card,Bi-Weekly
2599,56,Female,Jacket,Clothing,80,Arizona,S,White,Summer,3.26,No,Standard,No,No,40,Venmo,Annually
2600,37,Female,Sandals,Footwear,93,Virginia,S,Brown,Spring,3.88,No,2-Day Shipping,Yes,Yes,22,Credit Card,Annually
2601,25,Female,Sweater,Clothing,24,California,XL,Yellow,Winter,4.23,No,Store Pickup,No,No,48,Venmo,Annually
2602,59,Female,Shorts,Clothing,42,Montana,S,Black,Fall,3.86,No,Standard,No,No,46,PayPal,Monthly
2603,54,Male,Shirt,Clothing,98,New York,S,Beige,Winter,4.1,No,Next Day Air,Yes,Yes,26,Cash,Monthly
2604,26,Female,Blouse,Clothing,44,Oregon,S,Green,Winter,3.47,No,Standard,Yes,Yes,34,Bank Transfer,Every 3 Months
2605,42,Female,Dress,Clothing,27,Alabama,M,White,Winter,3.15,No,Standard,No,No,50,Venmo,Weekly
2606,42,Male,Jacket,Clothing,40,Ohio,L,Beige,Winter,4.68,No,Standard,Yes,Yes,21,Cash,Weekly
2607,50,Male,Jacket,Clothing,21,Ohio,L,Green,Spring,4.1,No,Standard,No,No,7,Bank Transfer,Quarterly
2608,19,Female,Skirt,Clothing,41,Illinois,M,Yellow,Winter,3.51,No,Free Shipping,No,No,25,Venmo,Weekly
2609,36,Male,Sweater,Clothing,91,Michigan,M,Yellow,Summer,2.81,No,2-Day Shipping,No,No,12,Credit Card,Fortnightly
2610,63,Male,Jeans,Clothing,91,Georgia,M,Blue,Winter,4.53,Yes,Standard,Yes,Yes,31,Venmo,Fortnightly
2611,37,Male,Sneakers,Footwear,87,Florida,L,Pink,Fall,4.56,Yes,Standard,Yes,Yes,47,Venmo,Bi-Weekly
2612,59,Male,Sneakers,Footwear,83,Colorado,L,Red,Fall,3.67,No,Store Pickup,No,No,27,Debit Card,Every 3 Months
2613,58,Male,Pants,Clothing,38,Alabama,S,Yellow,Winter,3.4,No,Free Shipping,Yes,Yes,22,Bank Transfer,Fortnightly
2614,59,Male,Blouse,Clothing,72,Virginia,L,Gray,Winter,3.64,No,Express,No,No,34,Bank Transfer,Weekly
2615,46,Male,Coat,Clothing,71,Texas,XL,Yellow,Summer,3.67,No,Store Pickup,Yes,Yes,17,PayPal,Every 3 Months
2616,23,Male,Skirt,Clothing,66,Idaho,L,Beige,Summer,4.26,No,Store Pickup,Yes,Yes,11,Bank Transfer,Quarterly
2617,34,Male,Coat,Clothing,73,Colorado,M,Black,Spring,3.12,No,Free Shipping,Yes,Yes,29,Credit Card,Monthly
2618,42,Female,Sandals,Footwear,63,Florida,L,White,Spring,3.45,No,Free Shipping,No,No,34,Credit Card,Quarterly
2619,55,Female,Hoodie,Clothing,26,Florida,S,Beige,Fall,3.69,No,Free Shipping,No,No,37,Cash,Weekly
2620,21,Female,Shorts,Clothing,20,Idaho,L,Pink,Winter,3.96,Yes,Store Pickup,Yes,Yes,49,Venmo,Weekly
2621,47,Female,Pants,Clothing,82,New York,M,Yellow,Winter,4.32,No,Store Pickup,Yes,Yes,48,Venmo,Weekly
2622,37,Female,Pants,Clothing,58,Virginia,XL,Brown,Summer,3.99,No,Standard,Yes,Yes,26,Bank Transfer,Bi-Weekly
2623,20,Male,Dress,Clothing,38,Florida,M,White,Summer,4.85,Yes,Free Shipping,No,No,45,Venmo,Fortnightly
2624,40,Male,T-shirt,Clothing,50,Montana,XL,Beige,Spring,3.21,No,Free Shipping,No,No,45,Credit Card,Weekly
2625,68,Female,Jeans,Clothing,96,Florida,S,Gray,Spring,4.68,Yes,Store Pickup,No,No,45,Debit Card,Monthly
2626,35,Female,Shirt,Clothing,43,Michigan,S,Black,Fall,3.23,No,Store Pickup,No,No,32,Cash,Fortnightly
2627,43,Male,Boots,Footwear,88,Georgia,L,Red,Summer,3.56,No,Free Shipping,No,No,37,Venmo,Fortnightly
2628,53,Female,T-shirt,Clothing,84,Colorado,S,White,Winter,4.03,No,Standard,Yes,Yes,5,Debit Card,Bi-Weekly
2629,25,Male,Hoodie,Clothing,52,Illinois,S,Pink,Summer,4.51,No,Next Day Air,No,No,20,Bank Transfer,Quarterly
2630,34,Female,T-shirt,Clothing,78,Arizona,M,Brown,Summer,3.56,No,Next Day Air,Yes,Yes,7,PayPal,Every 3 Months
2631,48,Male,Skirt,Clothing,52,Virginia,M,Gray,Summer,4.04,Yes,Express,Yes,Yes,43,Credit Card,Fortnightly
2632,54,Female,Boots,Footwear,51,Oregon,L,Red,Spring,3.61,Yes,Standard,No,No,23,PayPal,Fortnightly
2633,62,Male,Jacket,Clothing,78,Ohio,L,Green,Winter,2.42,Yes,Store Pickup,No,No,1,Credit Card,Weekly
2634,50,Female,Blouse,Clothing,60,New York,L,Black,Winter,,No,Free Shipping,Yes,Yes,39,Cash,Monthly
2635,44,Female,Sneakers,Footwear,31,Alabama,L,Red,Spring,3.06,Yes,Free Shipping,Yes,Yes,3,Bank Transfer,Weekly
2636,62,Male,Sandals,Footwear,92,Texas,M,Yellow,Spring,4.56,No,Free Shipping,No,No,45,PayPal,Monthly
2637,21,Male,Coat,Clothing,30,Oregon,L,Blue,Winter,4.57,No,Next Day Air,Yes,Yes,3,Cash,Fortnightly
2638,39,Female,Dress,Clothing,38,Colorado,L,Brown,Fall,3.3,No,Store Pickup,No,No,6,Cash,Monthly
2639,43,Female,Skirt,Clothing,73,Montana,S,Gray,Summer,3.21,No,Free Shipping,No,No,31,Cash,Weekly
2640,49,Male,Blouse,Clothing,76,New York,L,Red,Winter,3.42,Yes,Free Shipping,Yes,Yes,27,PayPal,Weekly
2641,41,Male,Jacket,Clothing,61,Virginia,XL,Blue,Spring,4.12,No,Next Day Air,No,No,29,PayPal,Quarterly
2642,63,Male,Shirt,Clothing,90,Arizona,S,Red,Winter,4.12,No,Free Shipping,Yes,Yes,15,PayPal,Bi-Weekly
2643,52,Female,Sandals,Footwear,50,Georgia,M,Beige,Summer,5.0,No,Express,No,No,36,Venmo,Quarterly
2644,54,Female,Skirt,Clothing,71,Illinois,XL,Green,Winter,3.61,No,Store Pickup,No,No,5,Cash,Fortnightly
2645,49,Male,Jacket,Clothing,21,Arizona,L,Black,Spring,3.85,No,2-Day Shipping,Yes,Yes,3,Bank Transfer,Monthly
2646,24,Female,Dress,Clothing,57,Alabama,S,Green,Fall,4.96,No,Express,No,No,25,Venmo,Weekly
2647,50,Female,Sneakers,Footwear,51,Idaho,L,Beige,Spring,3.97,No,Standard,No,No,32,Credit Card,Weekly
2648,48,Male,Pants,Clothing,29,Texas,S,Red,Fall,3.15,Yes,Express,No,No,21,PayPal,Weekly
2649,29,Female,Sneakers,Footwear,27,Idaho,L,White,Summer,4.01,No,Express,No,No,48,Bank Transfer,Every 3 Months
2650,28,Male,Skirt,Clothing,94,Oregon,XL,Blue,Spring,4.22,No,Next Day Air,Yes,Yes,17,Debit Card,Weekly
2651,41,Male,Sneakers,Footwear,39,Virginia,M,Brown,Winter,3.59,Yes,Standard,Yes,Yes,9,Credit Card,Every 3 Months
2652,25,Female,Blouse,Clothing,39,Colorado,XL,Pink,Spring,4.28,No,Store Pickup,Yes,Yes,26,Cash,Fortnightly
2653,49,Female,Blouse,Clothing,28,Oregon,XL,Blue,Spring,4.22,No,Store Pickup,Yes,Yes,22,Cash,Bi-Weekly
2654,55,Male,Coat,Clothing,91,California,M,Green,Summer,3.52,No,Express,Yes,Yes,41,Bank Transfer,Quarterly
2655,39,Male,Skirt,Clothing,34,Virginia,S,Blue,Fall,4.73,Yes,2-Day Shipping,Yes,Yes,46,Venmo,Every 3 Months
2656,51,Male,Coat,Clothing,82,Illinois,S,Yellow,Fall,3.33,No,Express,No,No,23,PayPal,Quarterly
2657,36,Female,Skirt,Clothing,40,Texas,M,Red,Winter,4.06,Yes,Free Shipping,No,No,11,Bank Transfer,Every 3 Months
2658,69,Male,Pants,Clothing,24,Alabama,L,Beige,Spring,3.44,No,Next Day Air,No,No,10,PayPal,Weekly
2659,37,Male,Pants,Clothing,54,Virginia,S,Blue,Summer,2.78,Yes,Free Shipping,Yes,Yes,23,Credit Card,Weekly
2660,31,Male,Shirt,Clothing,87,New York,XL,Blue,Fall,4.02,Yes,Standard,Yes,Yes,5,Bank Transfer,Monthly
2661,50,Male,Skirt,Clothing,67,Ohio,M,Beige,Winter,4.96,No,Standard,Yes,Yes,26,Credit Card,Weekly
2662,27,Female,Dress,Clothing,99,Colorado,XL,Yellow,Fall,3.77,No,Next Day Air,No,No,4,Credit Card,Quarterly
2663,33,Female,Hoodie,Clothing,81,Texas,S,Yellow,Winter,2.9,No,Express,No,No,43,Debit Card,Monthly
2664,21,Male,Sandals,Footwear,54,Michigan,M,Pink,Fall,3.93,Yes,Standard,No,No,27,Debit Card,Annually
2665,44,Female,Sweater,Clothing,89,Virginia,M,Pink,Winter,3.31,Yes,2-Day Shipping,Yes,Yes,38,Cash,Monthly
2666,45,Female,Boots,Footwear,40,New York,S,Yellow,Fall,4.43,No,Next Day Air,No,No,34,Cash,Weekly
2667,60,Female,Sweater,Clothing,99,Virginia,S,White,Fall,3.66,No,Free Shipping,Yes,Yes,3,Cash,Annually
2668,33,Male,Jacket,Clothing,58,New York,M,Pink,Spring,2.74,No,2-Day Shipping,Yes,Yes,50,Bank Transfer,Annually
2669,69,Female,Pants,Clothing,53,Michigan,L,Yellow,Winter,4.11,No,Store Pickup,No,No,32,PayPal,Monthly
2670,50,Female,Sneakers,Footwear,34,California,M,Yellow,Winter,3.93,No,Next Day Air,No,No,26,Cash,Bi-Weekly
2671,65,Male,Sandals,Footwear,25,Colorado,L,Blue,Spring,3.62,Yes,2-Day Shipping,Yes,Yes,18,Venmo,Weekly
2672,36,Male,T-shirt,Clothing,85,Montana,XL,Pink,Spring,3.18,No,Next Day Air,Yes,Yes,7,Credit Card,Bi-Weekly
2673,38,Female,Hoodie,Clothing,75,Georgia,L,Red,Fall,4.87,No,Free Shipping,No,No,45,Bank Transfer,Weekly
2674,39,Female,Blouse,Clothing,68,Illinois,L,Beige,Fall,3.53,No,Express,Yes,Yes,13,PayPal,Every 3 Months
2675,26,Male,Shorts,Clothing,20,Illinois,S,Beige,Fall,4.34,No,Next Day Air,Yes,Yes,6,Debit Card,Bi-Weekly
2676,26,Male,Jeans,Clothing,84,Oregon,M,Gray,Spring,3.52,No,Standard,Yes,Yes,35,Credit Card,Annually
2677,26,Male,Shirt,Clothing,47,California,XL,Blue,Fall,4.21,No,Free Shipping,Yes,Yes,31,Cash,Weekly
2678,44,Male,Sneakers,Footwear,39,Idaho,M,Gray,Spring,3.83,No,Free Shipping,Yes,Yes,42,Debit Card,Quarterly
2679,34,Female,Sneakers,Footwear,67,Idaho,L,Gray,Fall,3.82,Yes,2-Day Shipping,No,No,37,Debit Card,Every 3 Months
2680,61,Male,Dress,Clothing,91,Alabama,L,Blue,Spring,3.3,No,Standard,Yes,Yes,43,Debit Card,Every 3 Months
2681,62,Female,Sneakers,Footwear,84,Montana,L,Red,Winter,4.12,No,2-Day Shipping,No,No,4,Bank Transfer,Every 3 Months
2682,25,Female,Blouse,Clothing,70,New York,M,White,Summer,4.64,No,Store Pickup,No,No,42,Credit Card,Weekly
2683,33,Female,Blouse,Clothing,62,Florida,L,Black,Fall,3.18,Yes,Free Shipping,No,No,4,PayPal,Quarterly
2684,35,Male,Jeans,Clothing,68,Florida,M,White,Fall,3.3,No,Next Day Air,No,No,45,Credit Card,Fortnightly
2685,50,Male,Boots,Footwear,44,Idaho,XL,Pink,Spring,5.0,No,Store Pickup,No,No,8,Venmo,Every 3 Months
2686,18,Female,Skirt,Clothing,93,California,XL,Yellow,Winter,3.2,Yes,Standard,Yes,Yes,38,Cash,Fortnightly
2687,29,Female,T-shirt,Clothing,95,Montana,M,Green,Winter,3.47,No,Free Shipping,No,No,11,Bank Transfer,Weekly
2688,23,Female,Sandals,Footwear,60,Michigan,XL,Brown,Fall,4.63,No,Standard,No,No,2,PayPal,Every 3 Months
2689,58,Female,Sneakers,Footwear,90,Arizona,S,Blue,Spring,4.65,No,Store Pickup,No,No,18,Bank Transfer,Quarterly
2690,22,Female,Sweater,Clothing,83,Oregon,L,White,Spring,,No,Next Day Air,No,No,18,PayPal,Quarterly
2691,33,Male,Coat,Clothing,80,Ohio,L,Red,Summer,4.26,Yes,Express,No,No,22,Cash,Every 3 Months
2692,35,Male,Dress,Clothing,31,Montana,L,White,Winter,3.68,No,2-Day Shipping,No,No,12,Venmo,Annually
2693,66,Male,Dress,Clothing,100,Virginia,S,Pink,Summer,3.71,No,2-Day Shipping,Yes,Yes,17,Debit Card,Monthly
2694,35,Female,Boots,Footwear,88,Georgia,L,Yellow,Winter,4.5,No,Store Pickup,No,No,17,Cash,Monthly
2695,18,Female,Sweater,Clothing,33,Alabama,M,Gray,Fall,3.59,Yes,Free Shipping,No,No,36,Debit Card,Every 3 Months
2696,36,Male,Jacket,Clothing,53,New York,L,Beige,Fall,3.49,Yes,Free Shipping,No,No,29,Cash,Annually
2697,25,Male,Sweater,Clothing,67,Georgia,M,Green,Spring,3.61,Yes,Next Day Air,Yes,Yes,49,Credit Card,Bi-Weekly
2698,20,Female,Hoodie,Clothing,80,New York,XL,White,Spring,3.59,No,Free Shipping,No,No,16,Bank Transfer,Monthly
2699,42,Male,Jacket,Clothing,100,Oregon,M,Red,Spring,4.01,Yes,Free Shipping,Yes,Yes,41,Venmo,Weekly
2700,22,Male,Shorts,Clothing,54,Michigan,M,Black,Winter,4.59,Yes,Free Shipping,Yes,Yes,11,Bank Transfer,Monthly
2701,57,Male,Pants,Clothing,84,Colorado,M,White,Spring,4.06,No,Standard,Yes,Yes,44,Venmo,Monthly
2702,36,Female,Coat,Clothing,78,Illinois,L,Red,Fall,3.79,No,Standard,Yes,Yes,43,Cash,Annually
2703,35,Female,Pants,Clothing,55,Texas,S,Gray,Summer,4.13,Yes,Express,No,No,45,Venmo,Weekly
2704,67,Male,Dress,Clothing,98,Virginia,S,Red,Fall,4.27,Yes,Standard,Yes,Yes,22,Debit Card,Weekly
2705,70,Female,Sweater,Clothing,38,Georgia,M,Red,Fall,4.15,Yes,2-Day Shipping,No,No,30,Venmo,Annually
2706,48,Male,Shorts,Clothing,61,Texas,L,Yellow,Fall,3.4,No,Store Pickup,Yes,Yes,8,Venmo,Bi-Weekly
2707,50,Male,Skirt,Clothing,88,Illinois,S,Yellow,Summer,4.05,Yes,Express,Yes,Yes,46,Bank Transfer,Quarterly
2708,64,Female,Shirt,Clothing,38,Alabama,XL,White,Fall,2.53,No,Free Shipping,Yes,Yes,18,Venmo,Monthly
2709,35,Female,Sandals,Footwear,58,Georgia,XL,Brown,Winter,4.72,Yes,2-Day Shipping,Yes,Yes,46,PayPal,Every 3 Months
2710,56,Female,Shorts,Clothing,88,New York,L,Yellow,Winter,4.72,Yes,Express,Yes,Yes,16,Cash,Every 3 Months
2711,33,Male,Boots,Footwear,71,Texas,XL,Beige,Summer,4.33,No,Store Pickup,Yes,Yes,47,Credit Card,Fortnightly
2712,33,Male,Hoodie,Clothing,31,Texas,XL,Beige,Winter,4.55,Yes,Express,No,No,20,Credit Card,Quarterly
2713,64,Male,Sandals,Footwear,66,Ohio,XL,Green,Spring,3.76,Yes,2-Day Shipping,Yes,Yes,39,PayPal,Weekly
2714,55,Female,Sweater,Clothing,95,Texas,S,Blue,Winter,3.35,No,Express,Yes,Yes,8,Bank Transfer,Every 3 Months
2715,58,Male,T-shirt,Clothing,55,Colorado,XL,Gray,Fall,3.05,No,2-Day Shipping,Yes,Yes,30,PayPal,Annually
2716,24,Male,Skirt,Clothing,82,New York,M,Brown,Winter,4.4,No,Express,No,No,38,Credit Card,Monthly
2717,31,Male,Shorts,Clothing,95,Alabama,M,Beige,Spring,3.35,Yes,Express,No,No,29,Debit Card,Bi-Weekly
2718,60,Male,Coat,Clothing,70,Arizona,XL,Pink,Spring,3.58,No,Express,No,No,13,Credit Card,Annually
2719,70,Female,Sweater,Clothing,62,Idaho,M,Beige,Spring,3.93,No,2-Day Shipping,Yes,Yes,17,Credit Card,Fortnightly
2720,65,Female,Sneakers,Footwear,53,Montana,S,Red,Fall,3.78,No,Express,Yes,Yes,40,Cash,Quarterly
2721,42,Female,Blouse,Clothing,68,Georgia,L,Gray,Spring,3.96,No,Store Pickup,No,No,43,Credit Card,Monthly
2722,49,Male,Shorts,Clothing,37,Michigan,M,Green,Fall,2.72,No,Store Pickup,Yes,Yes,17,Credit Card,Weekly
2723,55,Male,Coat,Clothing,80,California,XL,White,Spring,3.66,Yes,Standard,Yes,Yes,9,Venmo,Quarterly
2724,39,Male,Hoodie,Clothing,76,Florida,L,Beige,Fall,4.29,Yes,Standard,Yes,Yes,2,PayPal,Annually
2725,33,Female,Shirt,Clothing,24,Oregon,L,Blue,Fall,3.54,Yes,Standard,Yes,Yes,42,Credit Card,Annually
2726,69,Female,Sneakers,Footwear,43,Montana,XL,Green,Fall,3.28,No,Standard,Yes,Yes,24,Credit Card,Fortnightly
2727,46,Female,Pants,Clothing,83,Ohio,M,Beige,Winter,4.37,No,Standard,No,No,21,Debit Card,Weekly
2728,33,Female,Shirt,Clothing,78,Texas,S,Brown,Spring,3.55,No,Store Pickup,Yes,Yes,46,Credit Card,Fortnightly
2729,29,Female,Pants,Clothing,57,Alabama,M,Brown,Fall,3.91,No,Free Shipping,No,No,2,Cash,Monthly
2730,34,Male,Sweater,Clothing,52,Oregon,M,Green,Spring,3.67,No,Express,Yes,Yes,5,Bank Transfer,Quarterly
2731,54,Female,Blouse,Clothing,29,Arizona,S,White,Winter,3.8,No,Store Pickup,Yes,Yes,17,Debit Card,Bi-Weekly
2732,44,Female,Shorts,Clothing,56,Florida,L,Pink,Summer,4.72,No,Store Pickup,No,No,24,Credit Card,Annually
2733,42,Female,Shorts,Clothing,30,Illinois,S,Pink,Spring,4.14,No,Next Day Air,Yes,Yes,8,Bank Transfer,Monthly
2734,30,Male,T-shirt,Clothing,43,Arizona,S,Beige,Spring,3.07,No,Free Shipping,No,No,30,Cash,Every 3 Months
2735,25,Female,Dress,Clothing,90,Virginia,XL,Beige,Winter,3.58,No,2-Day Shipping,No,No,50,PayPal,Monthly
2736,22,Female,T-shirt,Clothing,40,Georgia,XL,Green,Fall,3.55,No,Free Shipping,Yes,Yes,22,Credit Card,Bi-Weekly
2737,29,Female,Boots,Footwear,39,Idaho,M,Black,Spring,3.93,No,Next Day Air,No,No,24,PayPal,Bi-Weekly
2738,58,Male,Sweater,Clothing,29,Texas,XL,Red,Summer,4.35,No,Store Pickup,Yes,Yes,26,Credit Card,Every 3 Months
2739,20,Male,Sweater,Clothing,66,California,S,Red,Winter,3.82,No,Free Shipping,No,No,8,Debit Card,Every 3 Months
2740,52,Female,Blouse,Clothing,66,Michigan,S,Blue,Fall,3.8,No,Express,Yes,Yes,12,Debit Card,Weekly
2741,50,Female,T-shirt,Clothing,34,Florida,XL,Beige,Spring,2.46,Yes,Standard,No,No,14,Bank Transfer,Fortnightly
2742,39,Female,Coat,Clothing,63,Oregon,XL,Blue,Spring,4.59,No,Express,Yes,Yes,30,Cash,Monthly
2743,67,Female,Pants,Clothing,81,Texas,XL,Green,Winter,3.7,Yes,Free Shipping,No,No,35,Venmo,Weekly
2744,61,Male,Coat,Clothing,25,Michigan,S,White,Fall,3.96,No,Store Pickup,No,No,31,Bank Transfer,Every 3 Months
2745,26,Female,Blouse,Clothing,85,Michigan,L,Gray,Fall,3.95,Yes,Store Pickup,No,No,28,Bank Transfer,Weekly
2746,58,Male,Skirt,Clothing,95,Florida,L,Gray,Winter,3.34,No,Next Day Air,No,No,46,Cash,Monthly
2747,35,Female,Dress,Clothing,23,California,XL,Beige,Spring,3.65,Yes,2-Day Shipping,No,No,27,Credit Card,Fortnightly
2748,67,Male,Coat,Clothing,42,Idaho,M,Beige,Spring,3.33,No,Express,No,No,36,PayPal,Bi-Weekly
2749,46,Male,Jacket,Clothing,32,Michigan,M,Black,Fall,4.63,No,Next Day Air,Yes,Yes,1,PayPal,Monthly
2750,56,Female,Boots,Footwear,100,Illinois,L,Green,Fall,2.47,No,2-Day Shipping,Yes,Yes,41,Credit Card,Fortnightly
2751,44,Male,Sandals,Footwear,50,Michigan,XL,White,Summer,3.23,Yes,Standard,Yes,Yes,14,Venmo,Bi-Weekly
2752,53,Female,Blouse,Clothing,35,New York,S,Yellow,Summer,3.61,Yes,Express,Yes,Yes,10,Venmo,Annually
2753,62,Male,Blouse,Clothing,60,Michigan,M,Green,Summer,4.7,No,Store Pickup,Yes,Yes,50,Venmo,Annually
2754,34,Male,Jeans,Clothing,20,Michigan,M,Yellow,Fall,4.22,Yes,Express,No,No,42,Credit Card,Annually
2755,51,Female,Pants,Clothing,31,Alabama,S,Brown,Fall,2.82,No,Store Pickup,Yes,Yes,7,Debit Card,Quarterly
2756,63,Female,Boots,Footwear,75,Arizona,S,Red,Fall,3.73,No,Store Pickup,No,No,40,Bank Transfer,Monthly
2757,20,Male,Sneakers,Footwear,69,Montana,XL,Beige,Spring,4.23,Yes,Standard,Yes,Yes,14,Debit Card,Annually
2758,22,Male,Sneakers,Footwear,39,Illinois,S,Black,Winter,5.0,No,Standard,Yes,Yes,36,Credit Card,Every 3 Months
2759,31,Female,Jacket,Clothing,85,Virginia,S,Beige,Fall,3.6,No,Free Shipping,No,No,27,Debit Card,Monthly
2760,20,Female,T-shirt,Clothing,55,Illinois,S,Gray,Spring,3.09,No,2-Day Shipping,No,No,11,Venmo,Every 3 Months
2761,40,Female,Boots,Footwear,98,Ohio,L,Beige,Fall,3.99,No,Next Day Air,No,No,42,Debit Card,Fortnightly
2762,56,Male,Skirt,Clothing,57,Florida,S,Gray,Winter,3.77,No,Standard,No,No,49,Credit Card,Weekly
2763,47,Female,Sweater,Clothing,41,Florida,M,Blue,Fall,4.08,No,Free Shipping,Yes,Yes,37,Bank Transfer,Weekly
2764,67,Female,Sweater,Clothing,80,Ohio,XL,Beige,Spring,4.21,No,2-Day Shipping,No,No,42,Debit Card,Fortnightly
2765,62,Male,Shirt,Clothing,69,Arizona,XL,Green,Fall,3.99,No,2-Day Shipping,Yes,Yes,10,Debit Card,Monthly
2766,40,Female,Pants,Clothing,78,Florida,XL,Yellow,Fall,4.12,No,Express,Yes,Yes,7,Debit Card,Monthly
2767,44,Female,Jacket,Clothing,39,New York,L,Green,Fall,4.78,No,Free Shipping,Yes,Yes,17,Debit Card,Every 3 Months
2768,27,Female,Blouse,Clothing,55,Alabama,M,Pink,Summer,3.63,No,Free Shipping,Yes,Yes,12,Bank Transfer,Monthly
2769,42,Female,Jacket,Clothing,34,Montana,S,Gray,Fall,3.07,No,Express,Yes,Yes,37,Credit Card,Quarterly
2770,30,Male,Jacket,Clothing,81,Montana,M,Brown,Spring,3.99,Yes,Next Day Air,No,No,37,Cash,Every 3 Months
2771,33,Female,Hoodie,Clothing,22,California,XL,Pink,Spring,3.03,No,Standard,No,No,36,Debit Card,Weekly
2772,58,Female,Jacket,Clothing,24,California,S,Blue,Spring,3.13,No,Store Pickup,Yes,Yes,7,Cash,Annually
2773,51,Female,Sneakers,Footwear,75,Alabama,XL,Green,Fall,3.31,No,Express,Yes,Yes,24,Bank Transfer,Quarterly
2774,54,Female,Hoodie,Clothing,50,Texas,XL,Brown,Winter,3.05,Yes,Standard,Yes,Yes,34,Credit Card,Monthly
2775,39,Female,Pants,Clothing,54,Texas,XL,Yellow,Spring,4.5,No,Store Pickup,Yes,Yes,1,PayPal,Annually
2776,34,Female,Jacket,Clothing,90,Colorado,M,White,Summer,3.83,Yes,Free Shipping,No,No,29,Cash,Weekly
2777,40,Male,Dress,Clothing,89,Illinois,M,Black,Winter,4.22,Yes,Express,Yes,Yes,26,Credit Card,Annually
2778,53,Male,Sandals,Footwear,45,Oregon,XL,Beige,Spring,4.11,No,Store Pickup,No,No,10,PayPal,Every 3 Months
2779,66,Male,Sweater,Clothing,20,Illinois,XL,Beige,Fall,3.67,No,Next Day Air,Yes,Yes,1,Debit Card,Monthly
2780,26,Female,Hoodie,Clothing,26,Virginia,S,White,Summer,4.38,Yes,Standard,No,No,45,Bank Transfer,Every 3 Months
2781,69,Female,Shirt,Clothing,55,Virginia,XL,Beige,Spring,3.51,No,Standard,Yes,Yes,17,Bank Transfer,Monthly
2782,19,Female,Boots,Footwear,95,Georgia,XL,Green,Summer,3.7,No,Standard,No,No,41,Credit Card,Fortnightly
2783,49,Male,Sandals,Footwear,44,Colorado,XL,White,Winter,3.38,No,Free Shipping,Yes,Yes,36,Venmo,Weekly
2784,67,Female,Shirt,Clothing,78,Ohio,XL,Pink,Spring,4.64,No,Store Pickup,No,No,9,PayPal,Monthly
2785,70,Male,Jeans,Clothing,80,Idaho,M,Pink,Fall,3.74,Yes,Standard,Yes,Yes,39,Venmo,Bi-Weekly
2786,39,Female,Shirt,Clothing,48,Georgia,XL,Blue,Summer,4.16,No,2-Day Shipping,Yes,Yes,23,Bank Transfer,Bi-Weekly
2787,60,Female,Sweater,Clothing,37,California,L,Black,Spring,3.45,No,Standard,No,No,29,Bank Transfer,Annually
2788,30,Male,Sweater,Clothing,60,Idaho,XL,Red,Winter,4.31,No,Free Shipping,No,No,2,Debit Card,Annually
2789,25,Male,Hoodie,Clothing,38,Florida,M,White,Winter,4.26,No,Express,No,No,18,Debit Card,Every 3 Months
2790,18,Male,Jacket,Clothing,23,Colorado,L,Red,Spring,2.82,No,Standard,No,No,28,Cash,Monthly
2791,34,Male,Shorts,Clothing,84,Montana,L,Beige,Winter,3.8,No,Standard,No,No,47,Bank Transfer,Annually
2792,29,Male,Jeans,Clothing,60,Illinois,XL,White,Summer,3.87,No,Express,Yes,Yes,42,Debit Card,Fortnightly
2793,21,Male,Hoodie,Clothing,34,Texas,XL,Black,Summer,3.62,No,Store Pickup,Yes,Yes,49,Cash,Every 3 Months
2794,70,Female,Dress,Clothing,73,Alabama,M,Blue,Summer,4.63,No,Store Pickup,Yes,Yes,7,PayPal,Monthly
2795,30,Male,Blouse,Clothing,83,California,L,Yellow,Summer,3.07,No,2-Day Shipping,No,No,11,Venmo,Annually
2796,48,Female,Coat,Clothing,91,Montana,L,Pink,Winter,3.53,No,Free Shipping,Yes,Yes,7,PayPal,Annually
2797,58,Female,Boots,Footwear,34,Arizona,M,Gray,Spring,3.29,No,Express,Yes,Yes,43,Venmo,Bi-Weekly
2798,24,Female,Shirt,Clothing,98,Oregon,XL,Gray,Winter,4.42,No,Free Shipping,No,No,24,Credit Card,Weekly
2799,40,Female,Shorts,Clothing,69,Oregon,S,Pink,Winter,3.18,Yes,Store Pickup,No,No,15,PayPal,Annually
2800,41,Female,Jacket,Clothing,41,Alabama,S,Beige,Spring,2.7,No,Express,Yes,Yes,31,Credit Card,Fortnightly
2801,22,Male,Sneakers,Footwear,37,Idaho,L,Blue,Spring,4.06,No,Next Day Air,Yes,Yes,19,Venmo,Monthly
2802,22,Male,Pants,Clothing,99,Georgia,L,Blue,Fall,3.72,Yes,2-Day Shipping,Yes,Yes,10,Bank Transfer,Annually
2803,34,Male,Blouse,Clothing,21,Georgia,XL,Yellow,Summer,4.42,No,Next Day Air,Yes,Yes,48,Bank Transfer,Bi-Weekly
2804,47,Female,Skirt,Clothing,55,Colorado,S,Beige,Spring,4.29,No,Store Pickup,Yes,Yes,8,Cash,Annually
2805,26,Male,T-shirt,Clothing,39,Georgia,L,Pink,Winter,3.77,No,Express,No,No,1,PayPal,Annually
2806,23,Female,Shorts,Clothing,35,New York,XL,Yellow,Summer,2.93,No,Store Pickup,No,No,2,PayPal,Weekly
2807,42,Female,Pants,Clothing,86,Idaho,S,Green,Summer,3.08,No,Express,No,No,29,Cash,Bi-Weekly
2808,36,Female,Sneakers,Footwear,49,California,M,Red,Winter,2.74,No,Free Shipping,Yes,Yes,42,Cash,Every 3 Months
2809,33,Female,Jeans,Clothing,74,Alabama,L,Gray,Spring,3.72,Yes,Express,No,No,10,Debit Card,Fortnightly
2810,38,Male,Skirt,Clothing,85,New York,M,Brown,Summer,3.4,Yes,Store Pickup,Yes,Yes,42,Bank Transfer,Every 3 Months
2811,19,Male,Hoodie,Clothing,45,Florida,S,Gray,Summer,3.69,Yes,Free Shipping,No,No,9,Debit Card,Quarterly
2812,27,Male,Jacket,Clothing,76,Arizona,XL,Beige,Summer,,Yes,Free Shipping,No,No,50,Venmo,Monthly
2813,33,Male,Blouse,Clothing,88,Idaho,XL,Black,Summer,4.94,Yes,Express,Yes,Yes,31,Bank Transfer,Every 3 Months
2814,54,Male,Blouse,Clothing,21,Arizona,S,Gray,Summer,4.15,No,Free Shipping,Yes,Yes,32,PayPal,Weekly
2815,32,Female,Blouse,Clothing,75,Alabama,M,White,Winter,3.84,No,Store Pickup,No,No,2,Cash,Fortnightly
2816,30,Male,Jeans,Clothing,81,Montana,XL,Blue,Spring,2.86,No,2-Day Shipping,Yes,Yes,24,Cash,Annually
2817,30,Female,Skirt,Clothing,53,Alabama,L,Gray,Spring,3.82,Yes,Next Day Air,No,No,37,Bank Transfer,Annually
2818,49,Female,Shirt,Clothing,75,Virginia,M,White,Summer,4.33,No,Express,Yes,Yes,43,Credit Card,Fortnightly
2819,62,Female,T-shirt,Clothing,74,Texas,M,Red,Summer,4.03,No,Free Shipping,No,No,6,Debit Card,Annually
2820,64,Male,Dress,Clothing,39,New York,L,Gray,Summer,3.17,No,Free Shipping,Yes,Yes,8,Bank Transfer,Annually
2821,63,Female,Jeans,Clothing,69,Michigan,S,Green,Winter,3.57,No,Store Pickup,Yes,Yes,40,Bank Transfer,Quarterly
2822,25,Female,Coat,Clothing,44,Colorado,XL,Gray,Winter,3.84,No,Free Shipping,No,No,25,Credit Card,Quarterly
2823,60,Male,Boots,Footwear,44,Montana,M,Gray,Fall,3.56,Yes,Free Shipping,Yes,Yes,42,Cash,Monthly
2824,35,Female,Boots,Footwear,72,Idaho,XL,Beige,Summer,3.43,No,2-Day Shipping,Yes,Yes,43,PayPal,Every 3 Months
2825,53,Female,T-shirt,Clothing,33,Florida,XL,Brown,Fall,2.51,No,Express,Yes,Yes,25,PayPal,Monthly
2826,43,Female,Sweater,Clothing,79,Arizona,M,Green,Fall,3.34,No,Express,Yes,Yes,46,Credit Card,Every 3 Months
2827,27,Male,Boots,Footwear,62,Oregon,S,Gray,Fall,3.95,No,Store Pickup,Yes,Yes,11,Debit Card,Every 3 Months
2828,48,Female,Jacket,Clothing,81,Alabama,M,Gray,Spring,4.33,No,2-Day Shipping,Yes,Yes,35,Venmo,Annually
2829,50,Female,Jeans,Clothing,95,Oregon,S,Gray,Fall,3.85,Yes,2-Day Shipping,No,No,1,Bank Transfer,Fortnightly
2830,46,Male,Sneakers,Footwear,88,Ohio,L,White,Summer,4.44,No,2-Day Shipping,Yes,Yes,23,PayPal,Every 3 Months
2831,22,Male,T-shirt,Clothing,82,California,S,Red,Winter,3.75,No,Express,No,No,3,Venmo,Monthly
2832,30,Female,Coat,Clothing,21,Idaho,S,Black,Summer,3.27,Yes,Standard,Yes,Yes,41,Bank Transfer,Monthly
2833,18,Male,Sweater,Clothing,73,Michigan,M,Black,Winter,3.52,Yes,Store Pickup,Yes,Yes,1,Debit Card,Quarterly
2834,40,Male,Shirt,Clothing,35,California,XL,Black,Spring,4.1,No,Store Pickup,No,No,44,Credit Card,Fortnightly
2835,57,Male,Skirt,Clothing,74,Montana,XL,Pink,Spring,3.64,No,Next Day Air,Yes,Yes,12,Debit Card,Bi-Weekly
2836,20,Male,Sneakers,Footwear,62,Texas,S,Black,Summer,3.41,No,2-Day Shipping,No,No,38,Cash,Bi-Weekly
2837,20,Male,Hoodie,Clothing,80,Virginia,S,Gray,Spring,2.87,No,2-Day Shipping,Yes,Yes,40,Debit Card,Weekly
2838,24,Male,T-shirt,Clothing,57,Idaho,M,White,Winter,3.26,No,Express,No,No,31,Credit Card,Quarterly
2839,53,Male,Jacket,Clothing,64,Texas,S,Gray,Spring,3.56,No,Store Pickup,No,No,29,Credit Card,Weekly
2840,52,Female,Skirt,Clothing,70,Michigan,M,Gray,Fall,3.45,No,Express,No,No,35,Debit Card,Fortnightly
2841,32,Male,Sneakers,Footwear,61,Texas,L,Blue,Fall,3.22,No,Next Day Air,No,No,28,Bank Transfer,Annually
2842,57,Male,Sweater,Clothing,43,Florida,S,Beige,Spring,4.73,Yes,Free Shipping,No,No,21,Credit Card,Bi-Weekly
2843,20,Male,Sneakers,Footwear,49,Montana,L,Red,Summer,4.16,No,Express,Yes,Yes,11,Cash,Annually
2844,46,Female,Pants,Clothing,56,Alabama,S,Pink,Fall,5.0,No,Next Day Air,Yes,Yes,26,Venmo,Bi-Weekly
2845,47,Male,Skirt,Clothing,72,Ohio,S,Red,Winter,2.84,Yes,Express,No,No,11,Debit Card,Bi-Weekly
2846,56,Male,Sandals,Footwear,82,New York,L,Black,Summer,3.99,No,Express,Yes,Yes,5,Credit Card,Weekly
2847,35,Female,Pants,Clothing,30,Michigan,L,Gray,Spring,3.54,No,Express,Yes,Yes,7,Bank Transfer,Annually
2848,28,Male,Dress,Clothing,97,Georgia,M,Green,Summer,3.81,No,Standard,No,No,31,Bank Transfer,Monthly
2849,60,Female,Shorts,Clothing,42,Texas,M,Brown,Summer,4.91,No,Standard,Yes,Yes,39,Bank Transfer,Weekly
2850,66,Female,Shirt,Clothing,99,Montana,L,Brown,Summer,2.76,No,2-Day Shipping,No,No,42,Venmo,Annually
2851,55,Male,Boots,Footwear,69,Florida,S,Beige,Summer,3.46,No,Standard,No,No,8,Cash,Bi-Weekly
2852,57,Female,Sweater,Clothing,74,Idaho,M,Pink,Spring,3.35,No,Next Day Air,No,No,27,Debit Card,Quarterly
2853,18,Male,Skirt,Clothing,74,Oregon,S,White,Spring,3.46,No,Express,No,No,21,Credit Card,Quarterly
2854,46,Male,Dress,Clothing,23,Illinois,XL,Beige,Fall,2.53,Yes,Standard,Yes,Yes,30,Venmo,Every 3 Months
2855,27,Female,Dress,Clothing,73,Illinois,M,Blue,Fall,4.57,No,Store Pickup,Yes,Yes,14,Cash,Annually
2856,45,Female,Hoodie,Clothing,80,Colorado,M,Gray,Winter,4.6,No,Express,No,No,1,PayPal,Weekly
2857,48,Male,Sneakers,Footwear,97,Ohio,M,Yellow,Winter,4.15,No,Free Shipping,Yes,Yes,45,Credit Card,Every 3 Months
2858,36,Male,Shorts,Clothing,24,Virginia,XL,Pink,Fall,3.0,No,2-Day Shipping,No,No,24,Bank Transfer,Every 3 Months
2859,20,Female,Dress,Clothing,37,Michigan,L,Gray,Fall,3.97,No,Standard,No,No,6,Bank Transfer,Weekly
2860,53,Male,Shorts,Clothing,63,Florida,S,Green,Summer,4.32,Yes,Store Pickup,Yes,Yes,6,Cash,Every 3 Months
2861,60,Male,Pants,Clothing,50,Montana,XL,Red,Fall,4.03,No,Store Pickup,Yes,Yes,5,Venmo,Fortnightly
2862,32,Male,Sneakers,Footwear,40,Florida,L,White,Winter,3.77,No,Express,No,No,35,Bank Transfer,Weekly
2863,50,Female,Skirt,Clothing,66,New York,M,Brown,Fall,4.65,No,Free Shipping,No,No,44,Debit Card,Every 3 Months
2864,58,Male,Pants,Clothing,49,New York,L,Pink,Summer,3.37,Yes,2-Day Shipping,No,No,15,Venmo,Every 3 Months
2865,60,Male,Jacket,Clothing,74,Alabama,L,Pink,Winter,3.7,No,2-Day Shipping,Yes,Yes,35,Bank Transfer,Weekly
2866,68,Male,Sandals,Footwear,87,Illinois,L,Red,Spring,4.18,Yes,Free Shipping,No,No,48,Debit Card,Bi-Weekly
2867,62,Female,Dress,Clothing,88,Illinois,S,Green,Fall,3.99,No,Standard,No,No,50,Cash,Every 3 Months
2868,43,Female,Jeans,Clothing,60,New York,L,Gray,Spring,4.14,No,Standard,No,No,41,Cash,Monthly
2869,33,Female,Pants,Clothing,64,Colorado,L,White,Winter,4.12,No,Express,No,No,8,Venmo,Bi-Weekly
2870,53,Male,Sandals,Footwear,93,Florida,L,Red,Fall,4.11,No,Next Day Air,Yes,Yes,43,Venmo,Monthly
2871,50,Female,Sneakers,Footwear,99,Ohio,L,Red,Spring,3.58,No,Express,No,No,35,Debit Card,Bi-Weekly
2872,37,Male,Hoodie,Clothing,49,Colorado,XL,Red,Fall,3.38,Yes,Express,No,No,5,Credit Card,Annually
2873,30,Female,Shirt,Clothing,96,Ohio,XL,Pink,Spring,3.88,Yes,Express,Yes,Yes,31,Venmo,Bi-Weekly
2874,50,Male,Jeans,Clothing,64,Michigan,L,Pink,Spring,4.71,Yes,Free Shipping,No,No,42,Bank Transfer,Fortnightly
2875,22,Female,Sweater,Clothing,64,Texas,L,Pink,Winter,3.79,No,2-Day Shipping,No,No,31,Credit Card,Every 3 Months
2876,54,Male,Boots,Footwear,98,Michigan,L,Pink,Fall,4.16,No,2-Day Shipping,No,No,37,Credit Card,Annually
2877,31,Male,Hoodie,Clothing,64,Idaho,M,White,Spring,3.87,No,Next Day Air,No,No,8,Credit Card,Monthly
2878,44,Female,Sandals,Footwear,74,Illinois,L,Green,Fall,5.0,No,Standard,No,No,6,Cash,Bi-Weekly
2879,40,Male,Sneakers,Footwear,78,Colorado,L,Yellow,Fall,3.72,Yes,Express,No,No,23,Cash,Bi-Weekly
2880,31,Female,Sandals,Footwear,24,New York,XL,White,Summer,4.16,No,Free Shipping,Yes,Yes,16,Credit Card,Monthly
2881,57,Female,Boots,Footwear,51,Virginia,XL,Green,Winter,3.37,No,Free Shipping,Yes,Yes,44,Credit Card,Annually
2882,21,Male,Dress,Clothing,25,Oregon,XL,Gray,Fall,3.13,No,Express,Yes,Yes,49,Cash,Fortnightly
2883,56,Male,Hoodie,Clothing,45,Florida,S,Blue,Fall,3.8,No,Free Shipping,No,No,8,Debit Card,Monthly
2884,69,Female,Pants,Clothing,56,Michigan,M,Gray,Fall,4.51,No,Free Shipping,No,No,4,Bank Transfer,Fortnightly
2885,36,Female,Skirt,Clothing,32,Michigan,L,Green,Winter,4.18,No,Express,No,No,32,PayPal,Annually
2886,64,Female,Jeans,Clothing,88,Montana,XL,Red,Winter,2.55,Yes,Next Day Air,Yes,Yes,49,Venmo,Fortnightly
2887,21,Male,Coat,Clothing,44,Idaho,S,Yellow,Fall,4.24,No,Free Shipping,No,No,3,Credit Card,Quarterly
2888,47,Female,T-shirt,Clothing,32,Virginia,L,Brown,Winter,2.88,No,2-Day Shipping,Yes,Yes,50,Cash,Fortnightly
2889,36,Male,Sandals,Footwear,39,Michigan,L,Beige,Summer,4.3,No,Store Pickup,No,No,16,Credit Card,Quarterly
2890,48,Male,Boots,Footwear,91,Ohio,XL,Pink,Winter,4.13,No,2-Day Shipping,No,No,34,Credit Card,Every 3 Months
2891,48,Female,Sweater,Clothing,79,California,L,Black,Summer,3.71,No,Store Pickup,Yes,Yes,13,Credit Card,Weekly
2892,26,Female,Sweater,Clothing,92,California,L,Brown,Summer,4.24,No,Store Pickup,Yes,Yes,33,Credit Card,Fortnightly
2893,70,Male,Blouse,Clothing,40,Oregon,L,Brown,Summer,3.64,No,2-Day Shipping,No,No,22,Debit Card,Monthly
2894,30,Male,Hoodie,Clothing,80,Oregon,XL,Gray,Spring,3.89,No,Express,No,No,31,Venmo,Quarterly
2895,31,Male,Sandals,Footwear,98,Florida,S,Pink,Winter,2.94,Yes,Store Pickup,Yes,Yes,24,Venmo,Annually
2896,63,Male,T-shirt,Clothing,45,Arizona,L,Blue,Fall,3.65,Yes,2-Day Shipping,No,No,3,Cash,Annually
2897,27,Female,Jacket,Clothing,73,Michigan,S,Green,Summer,4.35,No,Standard,No,No,33,Debit Card,Weekly
2898,65,Male,Boots,Footwear,61,Michigan,L,Pink,Fall,3.0,No,Free Shipping,No,No,30,Debit Card,Every 3 Months
2899,48,Female,Dress,Clothing,30,Michigan,XL,Black,Summer,4.29,No,Next Day Air,Yes,Yes,26,Venmo,Weekly
2900,54,Female,Shorts,Clothing,56,Oregon,S,Black,Fall,2.59,No,Store Pickup,No,No,34,Cash,Fortnightly
2901,40,Female,Pants,Clothing,30,Arizona,XL,Green,Spring,3.09,No,2-Day Shipping,No,No,22,Debit Card,Monthly
2902,44,Male,Skirt,Clothing,46,Illinois,M,Brown,Summer,3.61,No,Express,No,No,30,Cash,Fortnightly
2903,23,Male,T-shirt,Clothing,53,Montana,L,Pink,Spring,3.89,Yes,Store Pickup,No,No,35,Venmo,Bi-Weekly
2904,43,Female,Shorts,Clothing,57,Georgia,M,Black,Spring,3.46,No,Next Day Air,Yes,Yes,25,Credit Card,Weekly
2905,19,Female,Hoodie,Clothing,80,Texas,M,Green,Winter,3.44,No,Express,No,No,28,Bank Transfer,Bi-Weekly
2906,62,Female,Pants,Clothing,72,Florida,M,Beige,Fall,4.46,Yes,Next Day Air,Yes,Yes,33,Bank Transfer,Bi-Weekly
2907,30,Female,Shorts,Clothing,84,California,L,Beige,Summer,4.51,No,Next Day Air,Yes,Yes,23,Bank Transfer,Quarterly
2908,68,Male,Pants,Clothing,22,California,XL,White,Spring,3.55,Yes,Free Shipping,Yes,Yes,26,Debit Card,Annually
2909,67,Female,Coat,Clothing,86,Montana,M,Pink,Fall,3.56,No,Store Pickup,Yes,Yes,9,Cash,Bi-Weekly
2910,36,Male,Blouse,Clothing,47,Illinois,S,Yellow,Winter,3.63,Yes,Store Pickup,No,No,8,Credit Card,Weekly
2911,18,Male,T-shirt,Clothing,33,Arizona,L,Green,Fall,5.0,No,Store Pickup,Yes,Yes,37,Venmo,Weekly
2912,57,Male,Hoodie,Clothing,71,Virginia,XL,Brown,Fall,3.81,No,Next Day Air,No,No,33,PayPal,Monthly
2913,49,Male,T-shirt,Clothing,49,Alabama,XL,Blue,Winter,4.74,No,Standard,No,No,15,Bank Transfer,Fortnightly
2914,39,Female,Coat,Clothing,77,Illinois,M,Black,Winter,4.24,No,Standard,No,No,49,Debit Card,Monthly
2915,65,Male,Sandals,Footwear,73,Virginia,L,Red,Winter,3.74,No,Standard,Yes,Yes,47,Debit Card,Monthly
2916,46,Female,Sandals,Footwear,88,Illinois,M,Pink,Spring,3.41,No,Express,No,No,8,Cash,Annually
2917,19,Male,Sandals,Footwear,34,Ohio,S,Black,Fall,,Yes,Free Shipping,No,No,21,Venmo,Fortnightly
2918,57,Female,Shirt,Clothing,57,Colorado,XL,White,Winter,3.33,Yes,Express,No,No,3,Bank Transfer,Weekly
2919,55,Female,Shorts,Clothing,97,Texas,XL,Green,Fall,3.57,No,Store Pickup,No,No,9,Venmo,Quarterly
2920,65,Female,Shirt,Clothing,33,Texas,L,Brown,Fall,4.2,No,Store Pickup,No,No,14,Debit Card,Annually
2921,28,Female,Blouse,Clothing,76,California,XL,Black,Spring,3.66,No,2-Day Shipping,No,No,38,Debit Card,Bi-Weekly
2922,34,Female,Skirt,Clothing,78,Oregon,L,Red,Fall,3.56,Yes,Store Pickup,Yes,Yes,27,Bank Transfer,Quarterly
2923,68,Male,Coat,Clothing,27,Texas,M,Blue,Spring,3.62,No,Standard,No,No,20,Bank Transfer,Bi-Weekly
2924,60,Female,Hoodie,Clothing,91,California,S,Green,Winter,3.39,No,Free Shipping,Yes,Yes,4,Cash,Fortnightly
2925,25,Male,T-shirt,Clothing,38,Illinois,L,Green,Winter,4.07,No,Standard,No,No,24,Cash,Fortnightly
2926,39,Female,Pants,Clothing,51,Colorado,M,Yellow,Fall,3.82,Yes,Free Shipping,Yes,Yes,27,PayPal,Monthly
2927,21,Male,Dress,Clothing,48,Montana,S,White,Spring,2.99,No,Express,Yes,Yes,12,Credit Card,Every 3 Months
2928,28,Male,Hoodie,Clothing,60,Alabama,XL,Green,Spring,3.51,No,Store Pickup,No,No,28,Cash,Every 3 Months
2929,25,Male,Shorts,Clothing,94,Montana,S,Brown,Summer,3.58,No,Express,No,No,35,Credit Card,Fortnightly
2930,26,Female,Shirt,Clothing,64,Illinois,S,Green,Summer,3.58,Yes,Standard,Yes,Yes,24,Debit Card,Bi-Weekly
2931,43,Male,Shirt,Clothing,32,Oregon,S,Yellow,Winter,4.16,No,Next Day Air,No,No,31,PayPal,Every 3 Months
2932,19,Female,Sneakers,Footwear,46,New York,XL,White,Winter,3.38,No,Free Shipping,No,No,3,PayPal,Quarterly
2933,33,Female,Shirt,Clothing,38,Oregon,L,Pink,Summer,5.0,No,Store Pickup,Yes,Yes,30,PayPal,Annually
2934,48,Male,Skirt,Clothing,45,Michigan,L,Gray,Spring,4.63,No,2-Day Shipping,No,No,27,Venmo,Quarterly
2935,23,Male,Jacket,Clothing,72,Florida,S,Pink,Fall,4.63,No,Next Day Air,Yes,Yes,17,Bank Transfer,Quarterly
2936,70,Female,T-shirt,Clothing,70,Arizona,M,Beige,Fall,3.18,No,Express,No,No,6,Bank Transfer,Every 3 Months
2937,38,Female,Jacket,Clothing,56,Colorado,M,Yellow,Spring,2.58,No,Free Shipping,No,No,47,Debit Card,Annually
2938,43,Female,Pants,Clothing,28,Florida,S,Green,Winter,3.6,No,Next Day Air,Yes,Yes,43,Venmo,Quarterly
2939,36,Female,T-shirt,Clothing,71,Alabama,S,White,Fall,3.98,No,2-Day Shipping,No,No,18,Venmo,Monthly
2940,45,Female,Coat,Clothing,73,Texas,M,Pink,Spring,3.7,No,Next Day Air,Yes,Yes,35,PayPal,Every 3 Months
2941,25,Female,T-shirt,Clothing,22,Florida,S,Pink,Fall,3.48,No,2-Day Shipping,No,No,27,Venmo,Quarterly
2942,31,Male,Jacket,Clothing,88,Texas,S,Beige,Spring,2.76,No,Express,No,No,17,Debit Card,Bi-Weekly
2943,41,Female,Hoodie,Clothing,27,Virginia,L,Pink,Summer,3.4,No,Free Shipping,No,No,11,Debit Card,Monthly
2944,65,Female,T-shirt,Clothing,33,Illinois,L,Yellow,Summer,3.65,Yes,Express,Yes,Yes,38,Venmo,Annually
2945,61,Male,Coat,Clothing,22,Alabama,S,Pink,Fall,3.5,No,Free Shipping,Yes,Yes,37,Bank Transfer,Monthly
2946,54,Male,Coat,Clothing,43,Oregon,S,Brown,Fall,3.5,No,Next Day Air,Yes,Yes,42,Debit Card,Every 3 Months
2947,43,Male,Blouse,Clothing,32,Virginia,XL,Beige,Fall,3.32,No,Express,Yes,Yes,34,Bank Transfer,Monthly
2948,48,Female,T-shirt,Clothing,62,Ohio,L,White,Fall,4.79,No,Free Shipping,No,No,47,Credit Card,Fortnightly
2949,68,Male,Dress,Clothing,48,Arizona,S,White,Summer,4.23,No,Store Pickup,No,No,32,Venmo,Monthly
2950,49,Male,Sneakers,Footwear,91,Virginia,XL,Pink,Summer,4.37,No,2-Day Shipping,No,No,43,PayPal,Bi-Weekly
2951,67,Female,Sandals,Footwear,70,Virginia,XL,Yellow,Spring,3.96,Yes,Free Shipping,No,No,46,PayPal,Annually
2952,58,Female,Sweater,Clothing,61,Michigan,XL,Yellow,Fall,3.0,No,Store Pickup,No,No,46,Debit Card,Every 3 Months
2953,19,Female,Coat,Clothing,50,Georgia,XL,Blue,Summer,4.24,Yes,Express,No,No,35,Debit Card,Every 3 Months
2954,42,Female,Jeans,Clothing,82,Arizona,L,Black,Winter,4.61,No,Express,No,No,28,PayPal,Quarterly
2955,69,Male,Sandals,Footwear,45,Oregon,XL,Brown,Spring,4.7,Yes,Next Day Air,No,No,22,Credit Card,Annually
2956,61,Female,Skirt,Clothing,37,New York,L,Blue,Spring,4.17,Yes,2-Day Shipping,Yes,Yes,16,PayPal,Fortnightly
2957,19,Male,Shorts,Clothing,76,Ohio,XL,Black,Spring,3.8,Yes,Free Shipping,Yes,Yes,46,Venmo,Quarterly
2958,59,Female,T-shirt,Clothing,26,Virginia,XL,Gray,Winter,3.8,No,Express,No,No,42,PayPal,Weekly
2959,18,Male,Jacket,Clothing,67,Virginia,M,Red,Winter,4.11,Yes,Free Shipping,Yes,Yes,40,Cash,Fortnightly
2960,53,Female,Sweater,Clothing,99,California,L,Black,Winter,2.82,Yes,Standard,Yes,Yes,12,Credit Card,Annually
2961,29,Female,Jeans,Clothing,79,Arizona,M,Red,Summer,4.18,No,2-Day Shipping,No,No,5,Credit Card,Bi-Weekly
2962,26,Female,Sandals,Footwear,52,Oregon,M,Beige,Winter,3.51,No,2-Day Shipping,No,No,26,PayPal,Fortnightly
2963,53,Male,T-shirt,Clothing,22,Idaho,XL,Pink,Spring,5.0,No,Store Pickup,No,No,26,Cash,Monthly
2964,58,Male,Blouse,Clothing,23,Virginia,L,Black,Fall,3.62,No,Standard,Yes,Yes,13,Venmo,Fortnightly
2965,45,Male,Shorts,Clothing,23,California,S,Yellow,Spring,3.92,No,2-Day Shipping,Yes,Yes,24,PayPal,Monthly
2966,55,Female,Sweater,Clothing,61,Arizona,XL,Brown,Spring,3.89,No,Standard,No,No,44,Venmo,Quarterly
2967,50,Male,Sneakers,Footwear,28,Illinois,L,Gray,Summer,3.38,No,Free Shipping,No,No,3,Cash,Fortnightly
2968,59,Female,Pants,Clothing,70,Alabama,M,White,Spring,4.07,No,Standard,No,No,32,PayPal,Fortnightly
2969,63,Female,Blouse,Clothing,36,Alabama,L,Blue,Summer,4.01,No,Next Day Air,No,No,23,PayPal,Bi-Weekly
2970,39,Female,Jeans,Clothing,36,Idaho,XL,Pink,Summer,4.41,Yes,Store Pickup,No,No,49,Venmo,Weekly
2971,42,Male,Skirt,Clothing,39,Michigan,L,Blue,Fall,4.23,No,Standard,No,No,37,PayPal,Fortnightly
2972,35,Female,Sweater,Clothing,33,Illinois,M,Blue,Spring,3.91,No,Free Shipping,Yes,Yes,38,Cash,Quarterly
2973,23,Male,Blouse,Clothing,41,Idaho,L,Green,Fall,3.31,Yes,2-Day Shipping,No,No,45,PayPal,Monthly
2974,35,Female,Shorts,Clothing,71,Texas,L,Blue,Fall,3.33,Yes,Next Day Air,No,No,38,Debit Card,Quarterly
2975,69,Female,Sneakers,Footwear,46,Colorado,M,Blue,Spring,4.79,Yes,Standard,No,No,13,Cash,Annually
2976,33,Female,Blouse,Clothing,62,Montana,XL,Green,Spring,3.85,No,Store Pickup,No,No,15,Credit Card,Every 3 Months
2977,32,Male,Shirt,Clothing,22,Colorado,S,Green,Winter,5.0,No,Store Pickup,No,No,2,Venmo,Every 3 Months
2978,65,Male,Sneakers,Footwear,27,Arizona,M,Brown,Winter,3.31,No,Free Shipping,Yes,Yes,11,Bank Transfer,Bi-Weekly
2979,25,Female,Pants,Clothing,29,Illinois,M,Black,Summer,5.0,No,Next Day Air,No,No,16,Bank Transfer,Every 3 Months
2980,30,Male,Jeans,Clothing,48,Montana,XL,Black,Spring,3.23,Yes,Next Day Air,Yes,Yes,18,Cash,Fortnightly
2981,60,Male,Skirt,Clothing,59,Montana,XL,Brown,Summer,3.54,No,Next Day Air,No,No,34,Bank Transfer,Annually
2982,24,Female,Shorts,Clothing,84,Alabama,L,Green,Fall,4.07,Yes,Standard,Yes,Yes,10,Credit Card,Weekly
2983,34,Female,Dress,Clothing,40,Virginia,M,Red,Fall,4.4,No,Free Shipping,Yes,Yes,13,Credit Card,Weekly
2984,67,Male,T-shirt,Clothing,43,Alabama,L,White,Winter,4.21,No,Free Shipping,No,No,32,Cash,Fortnightly
2985,49,Female,Jacket,Clothing,92,Ohio,L,Brown,Summer,2.65,No,Free Shipping,No,No,8,Credit Card,Weekly
2986,39,Female,Boots,Footwear,79,Texas,XL,Gray,Spring,3.46,No,Express,No,No,7,Credit Card,Quarterly
2987,68,Male,Hoodie,Clothing,45,Oregon,XL,Brown,Spring,3.11,No,2-Day Shipping,Yes,Yes,48,Bank Transfer,Monthly
2988,30,Male,Hoodie,Clothing,28,Michigan,L,Green,Winter,2.97,No,Free Shipping,No,No,17,Debit Card,Fortnightly
2989,64,Female,Jacket,Clothing,39,Illinois,M,Red,Winter,3.79,No,Express,Yes,Yes,41,PayPal,Every 3 Months
2990,40,Male,Boots,Footwear,75,Virginia,M,Pink,Summer,2.53,No,Express,No,No,27,Bank Transfer,Monthly
2991,46,Male,Jacket,Clothing,55,New York,L,Green,Winter,4.4,No,Next Day Air,No,No,8,Bank Transfer,Weekly
2992,39,Female,Sweater,Clothing,55,Illinois,S,Beige,Winter,4.25,No,2-Day Shipping,No,No,29,Debit Card,Bi-Weekly
2993,18,Female,Jeans,Clothing,92,Texas,S,Beige,Winter,4.77,No,Next Day Air,Yes,Yes,37,PayPal,Annually
2994,46,Female,Shorts,Clothing,41,Alabama,XL,White,Fall,3.16,No,2-Day Shipping,No,No,27,Credit Card,Monthly
2995,65,Female,Sneakers,Footwear,20,Colorado,M,Green,Summer,3.22,No,Next Day Air,Yes,Yes,37,PayPal,Annually
2996,22,Male,Sweater,Clothing,88,Alabama,L,Yellow,Spring,4.43,Yes,Store Pickup,No,No,24,Debit Card,Annually
2997,52,Male,Jeans,Clothing,92,Arizona,L,Beige,Spring,4.48,Yes,Standard,Yes,Yes,45,Venmo,Bi-Weekly
2998,27,Female,T-shirt,Clothing,56,Florida,M,Blue,Summer,4.61,No,2-Day Shipping,No,No,16,Venmo,Quarterly
2999,36,Female,Shirt,Clothing,91,Colorado,XL,Pink,Winter,4.49,Yes,Store Pickup,Yes,Yes,26,PayPal,Bi-Weekly
3000,54,Female,Hoodie,Clothing,32,Alabama,XL,Blue,Winter,3.93,Yes,Express,No,No,31,Venmo,Monthly
3001,24,Female,Shorts,Clothing,62,Colorado,S,Gray,Spring,3.52,Yes,Express,No,No,27,Cash,Monthly
3002,63,Male,Jacket,Clothing,56,Idaho,M,White,Fall,4.24,No,2-Day Shipping,No,No,26,Venmo,Fortnightly
3003,52,Male,Blouse,Clothing,93,Arizona,M,Gray,Summer,3.53,No,Next Day Air,Yes,Yes,43,PayPal,Every 3 Months
3004,62,Female,Dress,Clothing,44,Virginia,L,Gray,Winter,3.86,No,Standard,No,No,15,Credit Card,Bi-Weekly
3005,30,Female,Shorts,Clothing,40,Michigan,M,Beige,Fall,3.57,Yes,Standard,No,No,49,Debit Card,Quarterly
3006,27,Male,Coat,Clothing,60,Virginia,S,Green,Fall,3.96,No,Free Shipping,No,No,15,Venmo,Fortnightly
3007,19,Male,Skirt,Clothing,92,California,M,Black,Winter,4.55,No,2-Day Shipping,Yes,Yes,23,PayPal,Fortnightly
3008,23,Male,Boots,Footwear,61,Michigan,L,Beige,Summer,3.59,Yes,Standard,No,No,25,Debit Card,Quarterly
3009,25,Male,Jeans,Clothing,61,Michigan,S,Brown,Summer,3.5,Yes,Next Day Air,Yes,Yes,44,Cash,Fortnightly
3010,53,Female,Sandals,Footwear,21,Florida,L,Black,Spring,3.74,No,Next Day Air,Yes,Yes,4,Credit Card,Quarterly
3011,42,Male,T-shirt,Clothing,87,Florida,M,Green,Spring,3.09,No,Express,Yes,Yes,36,Bank Transfer,Weekly
3012,61,Male,Shirt,Clothing,27,Colorado,XL,Gray,Summer,4.2,No,Standard,No,No,16,Debit Card,Fortnightly
3013,64,Male,T-shirt,Clothing,80,Idaho,M,Red,Winter,3.87,No,Standard,Yes,Yes,47,Bank Transfer,Monthly
3014,57,Female,Shorts,Clothing,33,Michigan,M,White,Summer,3.78,No,Next Day Air,Yes,Yes,40,Debit Card,Weekly
3015,24,Female,Hoodie,Clothing,96,Florida,L,Green,Spring,4.0,Yes,Express,No,No,21,PayPal,Fortnightly
3016,63,Male,Boots,Footwear,40,New York,XL,Red,Spring,2.92,Yes,Standard,No,No,40,Cash,Quarterly
3017,40,Male,Sandals,Footwear,43,Alabama,M,Pink,Spring,4.64,No,Next Day Air,Yes,Yes,43,Venmo,Weekly
3018,36,Female,Coat,Clothing,69,Alabama,S,Gray,Summer,3.49,No,Express,No,No,17,Cash,Every 3 Months
3019,63,Female,Sneakers,Footwear,64,Arizona,S,Blue,Summer,3.58,No,Express,Yes,Yes,3,Credit Card,Weekly
3020,39,Male,Blouse,Clothing,83,Texas,L,Brown,Winter,4.32,No,Next Day Air,Yes,Yes,7,Bank Transfer,Monthly
3021,30,Female,Sandals,Footwear,83,Idaho,L,Red,Spring,4.17,No,Express,Yes,Yes,12,Venmo,Fortnightly
3022,38,Male,Jeans,Clothing,45,Alabama,XL,Green,Fall,5.0,No,Store Pickup,No,No,1,Bank Transfer,Fortnightly
3023,18,Female,Jacket,Clothing,51,Montana,L,Blue,Fall,3.22,Yes,Store Pickup,Yes,Yes,43,Cash,Quarterly
3024,36,Male,Coat,Clothing,76,Georgia,XL,Beige,Winter,3.24,Yes,Express,Yes,Yes,37,Credit Card,Weekly
3025,50,Male,Blouse,Clothing,72,Ohio,M,Pink,Winter,3.08,No,Free Shipping,No,No,6,Debit Card,Monthly
3026,21,Female,Dress,Clothing,52,Alabama,S,Pink,Spring,3.88,Yes,Express,No,No,46,Debit Card,Quarterly
3027,59,Male,Shirt,Clothing,71,Illinois,S,Beige,Summer,3.64,Yes,Standard,Yes,Yes,49,Bank Transfer,Every 3 Months
3028,20,Female,Jacket,Clothing,37,Montana,S,Pink,Summer,3.38,No,Express,Yes,Yes,23,Bank Transfer,Quarterly
3029,44,Female,Shorts,Clothing,54,Texas,L,Blue,Fall,3.76,No,Standard,Yes,Yes,25,Debit Card,Monthly
3030,69,Female,Sandals,Footwear,31,Colorado,L,Blue,Spring,3.18,Yes,Next Day Air,No,No,25,Bank Transfer,Fortnightly
3031,58,Male,Hoodie,Clothing,70,Montana,M,White,Fall,4.73,No,Express,No,No,3,Debit Card,Monthly
3032,52,Male,Blouse,Clothing,29,Oregon,L,Black,Fall,3.38,Yes,Next Day Air,No,No,4,Bank Transfer,Fortnightly
3033,45,Male,Skirt,Clothing,71,Florida,XL,Green,Spring,3.46,No,2-Day Shipping,Yes,Yes,30,Venmo,Bi-Weekly
3034,23,Female,Sweater,Clothing,53,Virginia,S,Red,Winter,2.37,No,Store Pickup,Yes,Yes,33,Bank Transfer,Weekly
3035,23,Male,Skirt,Clothing,86,Ohio,M,White,Fall,2.81,No,Express,Yes,Yes,29,Debit Card,Monthly
3036,61,Male,Sneakers,Footwear,58,Michigan,XL,Black,Winter,3.45,Yes,Next Day Air,Yes,Yes,4,Venmo,Every 3 Months
3037,40,Male,Skirt,Clothing,27,California,XL,Blue,Summer,3.62,No,2-Day Shipping,Yes,Yes,14,Venmo,Every 3 Months
3038,50,Male,Dress,Clothing,48,Ohio,L,Gray,Fall,4.23,Yes,Standard,No,No,21,Cash,Annually
3039,33,Female,Sneakers,Footwear,41,Oregon,L,White,Spring,2.9,No,Standard,No,No,7,Debit Card,Quarterly
3040,41,Male,Coat,Clothing,89,Michigan,S,Yellow,Winter,4.07,No,Store Pickup,No,No,21,PayPal,Fortnightly
3041,22,Female,Shirt,Clothing,80,Alabama,M,Pink,Summer,4.17,No,Store Pickup,No,No,7,Bank Transfer,Weekly
3042,58,Female,Coat,Clothing,62,Oregon,XL,Pink,Summer,4.21,Yes,Standard,No,No,1,Debit Card,Every 3 Months
3043,59,Female,Sweater,Clothing,68,Arizona,L,Blue,Fall,4.42,No,Standard,No,No,34,PayPal,Weekly
3044,30,Female,Jeans,Clothing,48,New York,L,Black,Summer,3.1,No,Standard,Yes,Yes,23,Debit Card,Monthly
3045,64,Male,Shirt,Clothing,100,Colorado,M,Brown,Spring,4.12,No,Free Shipping,No,No,3,Venmo,Quarterly
3046,29,Male,Skirt,Clothing,50,Virginia,M,Green,Fall,4.86,No,Store Pickup,No,No,18,Debit Card,Every 3 Months
3047,22,Male,Hoodie,Clothing,72,Texas,L,White,Summer,4.64,No,Next Day Air,No,No,43,Debit Card,Monthly
3048,54,Female,T-shirt,Clothing,53,Arizona,L,Beige,Spring,4.94,No,2-Day Shipping,No,No,12,Debit Card,Quarterly
3049,48,Male,Jeans,Clothing,57,Alabama,S,Yellow,Winter,3.94,No,2-Day Shipping,Yes,Yes,14,Debit Card,Bi-Weekly
3050,45,Female,Shirt,Clothing,76,Arizona,M,Yellow,Winter,3.44,No,Express,Yes,Yes,41,Cash,Monthly
3051,45,Male,Shirt,Clothing,23,Colorado,XL,Red,Fall,2.28,No,Next Day Air,No,No,28,Bank Transfer,Annually
3052,47,Male,Sweater,Clothing,21,Virginia,L,Yellow,Spring,3.05,No,Store Pickup,Yes,Yes,42,Cash,Fortnightly
3053,35,Male,Shorts,Clothing,31,Georgia,L,Pink,Summer,3.48,No,Free Shipping,No,No,45,Venmo,Monthly
3054,61,Female,Skirt,Clothing,54,Illinois,L,Green,Fall,3.59,No,Free Shipping,No,No,24,Venmo,Monthly
3055,44,Male,Sweater,Clothing,89,Montana,L,Blue,Fall,3.32,Yes,Next Day Air,No,No,24,PayPal,Every 3 Months
3056,52,Female,Shirt,Clothing,91,Colorado,S,Yellow,Summer,4.0,Yes,Standard,No,No,3,Venmo,Annually
3057,43,Female,Blouse,Clothing,40,Michigan,M,Beige,Spring,3.92,No,Standard,Yes,Yes,9,Cash,Bi-Weekly
3058,56,Female,Jeans,Clothing,80,New York,L,White,Summer,3.82,No,Next Day Air,Yes,Yes,24,Venmo,Every 3 Months
3059,66,Male,Sweater,Clothing,54,Georgia,M,Black,Winter,4.27,No,Store Pickup,No,No,2,PayPal,Bi-Weekly
3060,68,Male,Shorts,Clothing,67,Alabama,XL,Green,Fall,3.52,Yes,2-Day Shipping,No,No,40,PayPal,Every 3 Months
3061,35,Female,Boots,Footwear,34,Florida,XL,Red,Winter,4.46,Yes,Standard,No,No,28,Cash,Monthly
3062,50,Female,Sandals,Footwear,90,Texas,XL,Yellow,Fall,3.08,No,Express,Yes,Yes,7,Venmo,Quarterly
3063,42,Female,Coat,Clothing,34,Florida,XL,Pink,Summer,3.62,No,Store Pickup,Yes,Yes,9,Bank Transfer,Bi-Weekly
3064,48,Female,Shirt,Clothing,25,Montana,M,Brown,Spring,3.99,No,Store Pickup,No,No,45,PayPal,Bi-Weekly
3065,54,Female,Skirt,Clothing,100,New York,XL,Gray,Summer,2.65,No,Free Shipping,Yes,Yes,39,Venmo,Quarterly
3066,19,Male,T-shirt,Clothing,87,Montana,XL,Black,Winter,3.5,No,Standard,No,No,39,Venmo,Weekly
3067,50,Male,Sandals,Footwear,41,Idaho,L,Beige,Spring,4.23,Yes,2-Day Shipping,Yes,Yes,33,Bank Transfer,Annually
3068,56,Male,Sneakers,Footwear,51,Florida,L,White,Spring,3.54,No,Store Pickup,No,No,34,Cash,Bi-Weekly
3069,60,Female,Hoodie,Clothing,41,Michigan,L,Red,Fall,2.71,No,Standard,No,No,21,Cash,Bi-Weekly
3070,60,Female,Hoodie,Clothing,46,Georgia,S,Blue,Spring,3.27,No,Standard,No,No,29,Venmo,Quarterly
3071,49,Male,Pants,Clothing,34,Montana,L,Gray,Fall,2.99,No,Free Shipping,Yes,Yes,27,Debit Card,Quarterly
3072,35,Male,Pants,Clothing,63,Virginia,XL,White,Spring,4.1,Yes,Express,No,No,17,Debit Card,Monthly
3073,34,Female,Jacket,Clothing,28,Montana,M,Green,Spring,3.87,No,Store Pickup,No,No,42,Credit Card,Annually
3074,51,Female,Shorts,Clothing,53,Arizona,XL,Brown,Fall,2.86,No,Express,Yes,Yes,47,Credit Card,Monthly
3075,56,Female,T-shirt,Clothing,92,Alabama,M,Blue,Spring,2.82,Yes,2-Day Shipping,No,No,48,Credit Card,Weekly
3076,24,Male,Boots,Footwear,34,Georgia,XL,White,Summer,3.37,No,Next Day Air,No,No,23,Cash,Weekly
3077,59,Female,Boots,Footwear,81,Arizona,S,White,Spring,3.82,No,Next Day Air,No,No,45,Venmo,Weekly
3078,70,Female,Jacket,Clothing,64,Idaho,L,Brown,Winter,3.4,No,Next Day Air,No,No,21,Bank Transfer,Fortnightly
3079,52,Female,Shorts,Clothing,91,Ohio,XL,Gray,Fall,4.01,No,2-Day Shipping,Yes,Yes,8,Bank Transfer,Quarterly
3080,47,Male,Skirt,Clothing,77,Michigan,L,White,Fall,3.99,No,Store Pickup,Yes,Yes,9,PayPal,Bi-Weekly
3081,29,Female,Blouse,Clothing,38,Ohio,S,Blue,Summer,4.12,No,Standard,Yes,Yes,33,Venmo,Quarterly
3082,52,Male,Skirt,Clothing,35,Arizona,S,Black,Winter,2.95,Yes,Express,No,No,4,Venmo,Quarterly
3083,28,Female,Coat,Clothing,94,California,L,White,Spring,3.63,Yes,Express,No,No,18,Credit Card,Weekly
3084,61,Female,Sandals,Footwear,27,Florida,L,White,Summer,4.45,Yes,Standard,No,No,32,Venmo,Quarterly
3085,21,Male,Jeans,Clothing,52,Colorado,M,White,Spring,3.4,No,Store Pickup,Yes,Yes,30,Bank Transfer,Fortnightly
3086,42,Female,Boots,Footwear,93,Michigan,L,Pink,Summer,3.31,No,Express,Yes,Yes,25,Credit Card,Every 3 Months
3087,65,Male,Hoodie,Clothing,37,Arizona,L,Blue,Fall,3.51,No,Store Pickup,No,No,33,Venmo,Bi-Weekly
3088,49,Female,Shorts,Clothing,54,Oregon,M,Red,Winter,3.49,No,Express,No,No,35,PayPal,Every 3 Months
3089,37,Male,Skirt,Clothing,62,Oregon,XL,White,Fall,3.87,No,Next Day Air,Yes,Yes,42,Debit Card,Weekly
3090,67,Female,Jeans,Clothing,69,Illinois,M,Green,Summer,3.45,No,Next Day Air,No,No,34,Debit Card,Annually
3091,48,Male,Coat,Clothing,22,Illinois,XL,Brown,Spring,2.59,No,Free Shipping,Yes,Yes,50,Cash,Monthly
3092,21,Male,Shirt,Clothing,78,Virginia,XL,Brown,Winter,4.51,No,Free Shipping,Yes,Yes,2,PayPal,Annually
3093,55,Female,Sneakers,Footwear,47,Georgia,XL,Pink,Spring,4.1,No,Express,No,No,13,Bank Transfer,Annually
3094,70,Male,Sandals,Footwear,65,Texas,M,Beige,Fall,3.89,No,Next Day Air,Yes,Yes,41,Venmo,Every 3 Months
3095,64,Female,Coat,Clothing,83,Virginia,M,Green,Spring,3.74,No,Store Pickup,No,No,23,PayPal,Bi-Weekly
3096,18,Male,Coat,Clothing,89,Idaho,S,Green,Summer,3.61,Yes,Free Shipping,Yes,Yes,23,Venmo,Every 3 Months
3097,20,Female,Skirt,Clothing,66,Georgia,XL,Blue,Winter,3.32,No,Free Shipping,Yes,Yes,31,PayPal,Monthly
3098,54,Female,Blouse,Clothing,33,Idaho,M,Gray,Winter,2.67,No,Next Day Air,Yes,Yes,2,PayPal,Monthly
3099,39,Female,Jacket,Clothing,26,Arizona,S,Black,Winter,4.78,Yes,Store Pickup,No,No,2,Debit Card,Quarterly
3100,34,Female,Boots,Footwear,93,New York,XL,Blue,Summer,3.81,Yes,Free Shipping,Yes,Yes,5,PayPal,Bi-Weekly
3101,31,Male,Sneakers,Footwear,98,Montana,M,White,Spring,2.83,No,Standard,No,No,14,Cash,Fortnightly
3102,58,Female,Sandals,Footwear,50,Alabama,M,Pink,Winter,3.18,No,Store Pickup,Yes,Yes,23,Venmo,Quarterly
3103,52,Female,Shirt,Clothing,100,Montana,M,Brown,Fall,3.98,No,Standard,Yes,Yes,35,Credit Card,Monthly
3104,30,Female,Shirt,Clothing,70,Montana,L,Red,Fall,3.97,No,Next Day Air,No,No,46,PayPal,Every 3 Months
3105,52,Female,Sweater,Clothing,48,Idaho,S,Pink,Fall,3.35,No,Next Day Air,No,No,1,Credit Card,Bi-Weekly
3106,60,Female,Coat,Clothing,34,Idaho,M,Beige,Fall,3.15,Yes,Free Shipping,No,No,41,Debit Card,Quarterly
3107,19,Male,Shorts,Clothing,95,Illinois,L,Yellow,Fall,3.46,Yes,Express,Yes,Yes,48,Credit Card,Bi-Weekly
3108,64,Female,Blouse,Clothing,44,Idaho,S,White,Summer,2.64,No,2-Day Shipping,No,No,49,Cash,Every 3 Months
3109,30,Male,Sneakers,Footwear,80,Arizona,S,Pink,Spring,3.51,No,Standard,No,No,40,Cash,Weekly
3110,68,Male,Skirt,Clothing,60,Michigan,L,Blue,Summer,3.52,No,Standard,Yes,Yes,15,Debit Card,Fortnightly
3111,33,Female,Shirt,Clothing,88,Colorado,S,Beige,Fall,4.72,No,Store Pickup,No,No,30,Bank Transfer,Fortnightly
3112,35,Female,Sandals,Footwear,23,Illinois,L,Gray,Fall,3.53,Yes,Store Pickup,Yes,Yes,21,Cash,Fortnightly
3113,24,Male,Sweater,Clothing,76,Florida,XL,Blue,Winter,3.95,Yes,Next Day Air,No,No,8,Venmo,Monthly
3114,62,Male,Hoodie,Clothing,50,Montana,M,Beige,Winter,4.76,Yes,Express,No,No,7,Bank Transfer,Monthly
3115,53,Male,Boots,Footwear,22,Florida,L,Blue,Spring,3.16,No,Next Day Air,No,No,41,Cash,Fortnightly
3116,58,Female,Sandals,Footwear,86,Georgia,S,Brown,Spring,3.43,No,Free Shipping,No,No,34,Bank Transfer,Bi-Weekly
3117,47,Male,Blouse,Clothing,69,Montana,S,Blue,Spring,3.48,No,Express,Yes,Yes,42,PayPal,Weekly
3118,59,Male,Shorts,Clothing,36,Georgia,XL,Black,Summer,2.8,No,Free Shipping,No,No,37,Cash,Monthly
3119,58,Female,Sweater,Clothing,79,Montana,XL,White,Winter,3.64,No,Standard,Yes,Yes,48,Bank Transfer,Every 3 Months
3120,24,Male,Hoodie,Clothing,93,Texas,XL,Red,Spring,4.5,No,Next Day Air,Yes,Yes,32,Venmo,Quarterly
3121,32,Female,Sweater,Clothing,85,Montana,XL,White,Winter,4.31,No,Store Pickup,No,No,33,Debit Card,Quarterly
3122,57,Male,Jacket,Clothing,94,New York,XL,Red,Winter,4.51,No,Next Day Air,No,No,6,Cash,Monthly
3123,36,Female,Sneakers,Footwear,43,Virginia,M,Red,Winter,3.42,Yes,2-Day Shipping,No,No,42,Venmo,Fortnightly
3124,60,Male,Sweater,Clothing,51,Colorado,L,Red,Winter,3.12,No,Express,Yes,Yes,10,PayPal,Bi-Weekly
3125,54,Female,Dress,Clothing,38,Florida,XL,Black,Winter,5.0,No,Standard,No,No,26,Credit Card,Weekly
3126,19,Female,Jacket,Clothing,85,Oregon,XL,Brown,Winter,3.93,Yes,2-Day Shipping,No,No,45,Credit Card,Quarterly
3127,59,Male,Jacket,Clothing,79,Colorado,M,Yellow,Summer,2.83,No,2-Day Shipping,Yes,Yes,26,Debit Card,Monthly
3128,65,Female,Blouse,Clothing,85,Montana,L,Pink,Fall,5.0,No,Next Day Air,Yes,Yes,19,Debit Card,Bi-Weekly
3129,30,Male,Dress,Clothing,34,California,XL,White,Winter,3.75,Yes,Express,Yes,Yes,35,Credit Card,Fortnightly
3130,57,Female,Jeans,Clothing,54,California,L,Blue,Summer,2.03,Yes,Next Day Air,Yes,Yes,45,Credit Card,Weekly
3131,58,Female,Sandals,Footwear,88,California,L,Beige,Spring,4.67,No,Express,No,No,4,Debit Card,Weekly
3132,60,Female,Boots,Footwear,46,Arizona,M,Pink,Summer,2.41,No,2-Day Shipping,No,No,25,Credit Card,Quarterly
3133,60,Female,Shorts,Clothing,26,Illinois,M,Red,Summer,3.97,Yes,Free Shipping,No,No,8,Cash,Annually
3134,48,Female,T-shirt,Clothing,25,Florida,XL,Red,Summer,4.31,No,Standard,No,No,12,Bank Transfer,Quarterly
3135,33,Female,Sandals,Footwear,52,Montana,S,Brown,Winter,4.21,No,2-Day Shipping,Yes,Yes,24,Venmo,Every 3 Months
3136,59,Female,Sweater,Clothing,77,Colorado,M,Green,Spring,4.73,No,Next Day Air,No,No,24,Bank Transfer,Monthly
3137,61,Male,Shorts,Clothing,68,Ohio,L,Green,Summer,4.41,No,Standard,No,No,17,Debit Card,Annually
3138,23,Male,Shirt,Clothing,36,Virginia,L,Pink,Spring,4.91,No,2-Day Shipping,No,No,25,Venmo,Weekly
3139,45,Female,Jeans,Clothing,61,Illinois,XL,Black,Summer,3.74,No,Express,Yes,Yes,33,PayPal,Fortnightly
3140,49,Female,Shirt,Clothing,91,Ohio,XL,Blue,Winter,3.55,Yes,Next Day Air,No,No,27,PayPal,Fortnightly
3141,61,Female,Dress,Clothing,59,Georgia,XL,White,Summer,3.59,No,2-Day Shipping,Yes,Yes,2,Cash,Annually
3142,27,Male,Pants,Clothing,65,Alabama,L,Yellow,Summer,4.62,Yes,Express,Yes,Yes,9,PayPal,Monthly
3143,67,Female,Shirt,Clothing,90,New York,M,Gray,Spring,3.42,No,Express,No,No,33,Debit Card,Weekly
3144,35,Male,Skirt,Clothing,89,Alabama,S,Gray,Spring,4.31,No,Express,Yes,Yes,19,Cash,Quarterly
3145,21,Female,Sneakers,Footwear,87,Oregon,M,Yellow,Spring,3.28,No,Standard,No,No,49,Bank Transfer,Every 3 Months
3146,26,Female,Sandals,Footwear,20,Georgia,S,Black,Fall,3.29,No,Next Day Air,No,No,5,Cash,Fortnightly
3147,24,Female,T-shirt,Clothing,98,Idaho,M,Gray,Spring,4.51,No,Express,No,No,47,Debit Card,Bi-Weekly
3148,67,Female,Skirt,Clothing,71,Georgia,XL,Yellow,Summer,4.06,Yes,2-Day Shipping,Yes,Yes,20,Credit Card,Monthly
3149,25,Female,Pants,Clothing,54,Illinois,L,White,Fall,2.5,No,Express,Yes,Yes,24,Venmo,Fortnightly
3150,60,Male,Blouse,Clothing,88,Ohio,S,Red,Spring,3.29,No,Next Day Air,Yes,Yes,31,Debit Card,Bi-Weekly
3151,24,Female,T-shirt,Clothing,24,Texas,M,Gray,Winter,2.26,No,Store Pickup,No,No,44,Credit Card,Annually
3152,58,Male,Shirt,Clothing,36,Montana,L,Blue,Spring,3.57,Yes,Store Pickup,Yes,Yes,4,Credit Card,Bi-Weekly
3153,57,Male,Sweater,Clothing,72,Georgia,S,Blue,Winter,3.64,No,Standard,Yes,Yes,32,PayPal,Fortnightly
3154,20,Female,Hoodie,Clothing,71,Arizona,S,Blue,Fall,3.52,No,Express,Yes,Yes,47,Bank Transfer,Monthly
3155,34,Female,Jeans,Clothing,33,Florida,L,Red,Winter,4.52,Yes,2-Day Shipping,Yes,Yes,35,Cash,Bi-Weekly
3156,19,Female,Boots,Footwear,48,Montana,XL,Brown,Fall,4.05,No,Next Day Air,No,No,14,Cash,Bi-Weekly
3157,32,Male,Coat,Clothing,27,Florida,L,Red,Winter,5.0,No,Express,No,No,36,PayPal,Weekly
3158,63,Male,T-shirt,Clothing,20,Texas,XL,Red,Spring,4.12,No,Standard,Yes,Yes,6,PayPal,Every 3 Months
3159,46,Male,Boots,Footwear,48,Montana,M,Red,Fall,4.13,No,Free Shipping,No,No,17,Cash,Every 3 Months
3160,67,Female,Boots,Footwear,55,New York,M,Pink,Summer,3.96,No,Store Pickup,No,No,18,Debit Card,Every 3 Months
3161,65,Male,Shirt,Clothing,70,Georgia,L,Green,Summer,3.64,Yes,2-Day Shipping,Yes,Yes,8,Debit Card,Weekly
3162,69,Male,Jeans,Clothing,56,Idaho,XL,White,Summer,3.41,No,Store Pickup,No,No,12,Debit Card,Every 3 Months
3163,39,Male,Shorts,Clothing,88,California,M,Pink,Spring,3.66,No,Express,Yes,Yes,17,Debit Card,Weekly
3164,21,Female,Sandals,Footwear,72,Texas,XL,Blue,Summer,3.69,No,Express,No,No,31,PayPal,Bi-Weekly
3165,69,Male,Boots,Footwear,71,Georgia,XL,Black,Fall,3.74,No,Free Shipping,Yes,Yes,1,Venmo,Bi-Weekly
3166,23,Male,Jacket,Clothing,31,Idaho,XL,Brown,Summer,4.18,No,Next Day Air,No,No,11,Venmo,Monthly
3167,55,Female,Pants,Clothing,71,Montana,L,Green,Fall,3.98,Yes,Free Shipping,No,No,42,Cash,Quarterly
3168,43,Female,Sneakers,Footwear,20,Ohio,XL,Yellow,Summer,3.49,No,Next Day Air,Yes,Yes,16,Venmo,Weekly
3169,28,Female,Jeans,Clothing,26,Oregon,L,Black,Winter,3.36,No,Express,Yes,Yes,37,Debit Card,Every 3 Months
3170,43,Male,Sweater,Clothing,36,Idaho,M,Black,Fall,3.93,Yes,Free Shipping,No,No,49,PayPal,Quarterly
3171,34,Male,Dress,Clothing,62,Arizona,M,Black,Summer,3.24,Yes,Store Pickup,Yes,Yes,28,Debit Card,Weekly
3172,41,Male,Sweater,Clothing,90,Idaho,S,Brown,Summer,3.54,No,Store Pickup,No,No,9,Credit Card,Every 3 Months
3173,45,Female,Jeans,Clothing,36,Alabama,S,Beige,Summer,3.48,No,Express,No,No,8,PayPal,Annually
3174,52,Male,Sweater,Clothing,78,New York,M,Gray,Fall,5.0,No,Free Shipping,No,No,25,Credit Card,Annually
3175,48,Female,Boots,Footwear,22,Texas,XL,Yellow,Fall,3.04,No,Express,No,No,10,Credit Card,Weekly
3176,30,Female,Sandals,Footwear,48,California,XL,Gray,Summer,3.32,No,Store Pickup,No,No,40,Cash,Every 3 Months
3177,52,Male,Sweater,Clothing,41,Montana,M,Gray,Winter,3.47,No,Store Pickup,No,No,3,Credit Card,Monthly
3178,33,Male,T-shirt,Clothing,57,Texas,M,Red,Fall,3.53,No,Express,No,No,23,Venmo,Monthly
3179,32,Male,Jacket,Clothing,73,Illinois,S,Green,Fall,4.4,No,Express,No,No,23,Venmo,Annually
3180,60,Female,Sweater,Clothing,69,Georgia,XL,Yellow,Winter,3.65,No,Standard,Yes,Yes,44,Credit Card,Fortnightly
3181,35,Female,Jacket,Clothing,88,Texas,M,Blue,Spring,3.01,No,Free Shipping,No,No,4,Cash,Weekly
3182,64,Male,Hoodie,Clothing,49,Arizona,S,Blue,Winter,4.66,No,Standard,No,No,50,Credit Card,Weekly
3183,54,Female,Shirt,Clothing,42,Texas,S,Yellow,Summer,3.96,No,Express,Yes,Yes,23,PayPal,Annually
3184,65,Male,Blouse,Clothing,66,Illinois,XL,Pink,Fall,4.05,Yes,2-Day Shipping,No,No,9,PayPal,Weekly
3185,65,Male,Sandals,Footwear,40,Idaho,S,Green,Fall,4.19,Yes,Store Pickup,No,No,4,PayPal,Monthly
3186,66,Male,Pants,Clothing,39,Michigan,S,Beige,Fall,3.06,Yes,Next Day Air,Yes,Yes,34,PayPal,Every 3 Months
3187,58,Female,Boots,Footwear,42,Alabama,L,Green,Fall,3.8,No,Free Shipping,No,No,39,Credit Card,Weekly
3188,44,Female,Blouse,Clothing,87,Idaho,M,Red,Spring,4.29,No,Free Shipping,Yes,Yes,18,Debit Card,Fortnightly
3189,52,Male,Boots,Footwear,40,Virginia,XL,Blue,Fall,3.42,No,Store Pickup,No,No,34,Debit Card,Bi-Weekly
3190,69,Male,Shirt,Clothing,40,Idaho,M,White,Fall,3.98,No,Next Day Air,Yes,Yes,34,Bank Transfer,Fortnightly
3191,62,Female,Boots,Footwear,20,Illinois,L,Blue,Spring,4.13,No,Standard,No,No,42,PayPal,Every 3 Months
3192,52,Male,Hoodie,Clothing,34,Florida,XL,Pink,Summer,2.92,No,Next Day Air,No,No,3,Bank Transfer,Bi-Weekly
3193,45,Female,Sandals,Footwear,36,California,M,Beige,Summer,3.18,Yes,2-Day Shipping,Yes,Yes,19,Bank Transfer,Monthly
3194,56,Male,Jeans,Clothing,70,Illinois,S,Green,Spring,2.43,No,Express,No,No,34,Cash,Annually
3195,55,Female,Jeans,Clothing,82,Georgia,XL,Black,Summer,3.94,No,Next Day Air,No,No,26,Cash,Every 3 Months
3196,26,Male,Jacket,Clothing,33,Idaho,L,Blue,Summer,4.93,No,Next Day Air,Yes,Yes,35,Credit Card,Quarterly
3197,29,Female,Shirt,Clothing,78,Texas,S,Red,Winter,3.38,No,Express,No,No,41,Debit Card,Every 3 Months
3198,32,Male,Jacket,Clothing,69,California,L,Yellow,Winter,3.68,Yes,Store Pickup,No,No,43,Credit Card,Monthly
3199,38,Female,Hoodie,Clothing,53,Montana,S,Red,Winter,4.41,No,Free Shipping,Yes,Yes,31,Venmo,Quarterly
3200,69,Female,Sneakers,Footwear,25,Ohio,M,Black,Spring,3.96,No,Store Pickup,Yes,Yes,43,PayPal,Bi-Weekly
3201,52,Female,Sweater,Clothing,68,Montana,M,Yellow,Fall,3.22,No,2-Day Shipping,Yes,Yes,27,Venmo,Quarterly
3202,59,Female,Coat,Clothing,25,Arizona,M,Brown,Spring,4.72,No,Store Pickup,Yes,Yes,3,Venmo,Bi-Weekly
3203,50,Male,Sneakers,Footwear,88,Idaho,L,Yellow,Spring,3.92,Yes,Next Day Air,No,No,37,Bank Transfer,Every 3 Months
3204,68,Female,Sweater,Clothing,26,Texas,XL,Red,Spring,3.66,No,Next Day Air,No,No,12,Cash,Quarterly
3205,36,Female,Sandals,Footwear,96,Florida,M,White,Spring,3.71,No,Free Shipping,Yes,Yes,47,Debit Card,Bi-Weekly
3206,40,Male,Jacket,Clothing,70,Alabama,L,Brown,Winter,4.15,Yes,2-Day Shipping,Yes,Yes,23,Bank Transfer,Every 3 Months
3207,30,Female,Pants,Clothing,20,Alabama,S,Red,Spring,3.43,No,Express,Yes,Yes,17,Bank Transfer,Quarterly
3208,61,Male,Sandals,Footwear,32,Michigan,M,Red,Winter,4.74,No,Express,No,No,16,PayPal,Bi-Weekly
3209,18,Female,Hoodie,Clothing,62,California,S,Gray,Fall,4.56,No,Standard,Yes,Yes,17,Credit Card,Fortnightly
3210,68,Female,Skirt,Clothing,46,Florida,M,Beige,Summer,3.81,No,2-Day Shipping,No,No,15,PayPal,Weekly
3211,46,Female,Skirt,Clothing,90,Ohio,S,Green,Winter,3.84,No,2-Day Shipping,No,No,26,Credit Card,Fortnightly
3212,41,Female,Skirt,Clothing,22,Oregon,L,Beige,Spring,3.29,Yes,Next Day Air,Yes,Yes,45,Credit Card,Monthly
3213,33,Female,Hoodie,Clothing,77,Montana,M,Black,Fall,3.42,Yes,Standard,No,No,2,Debit Card,Annually
3214,42,Female,Pants,Clothing,36,Ohio,L,Red,Spring,3.12,No,Express,No,No,17,Venmo,Annually
3215,40,Male,Boots,Footwear,64,New York,L,Black,Fall,3.68,Yes,2-Day Shipping,No,No,1,Credit Card,Quarterly
3216,45,Male,Sandals,Footwear,97,Montana,S,Blue,Summer,3.84,No,2-Day Shipping,No,No,30,Debit Card,Annually
3217,64,Female,Sweater,Clothing,77,Montana,M,Pink,Fall,2.85,Yes,Free Shipping,Yes,Yes,32,Venmo,Every 3 Months
3218,33,Female,Hoodie,Clothing,75,Montana,XL,Black,Fall,4.21,No,Express,Yes,Yes,30,Bank Transfer,Bi-Weekly
3219,60,Male,Skirt,Clothing,73,Texas,XL,Green,Summer,3.28,No,Free Shipping,No,No,42,Bank Transfer,Fortnightly
3220,55,Male,Pants,Clothing,48,Illinois,L,Black,Summer,4.05,No,Standard,Yes,Yes,4,Venmo,Fortnightly
3221,28,Female,Shirt,Clothing,73,Michigan,S,Gray,Fall,4.28,No,2-Day Shipping,Yes,Yes,42,PayPal,Every 3 Months
3222,20,Female,Hoodie,Clothing,46,Texas,S,Brown,Spring,4.58,No,Standard,Yes,Yes,44,PayPal,Bi-Weekly
3223,32,Female,Dress,Clothing,64,Alabama,S,Blue,Winter,4.46,No,Store Pickup,Yes,Yes,32,PayPal,Quarterly
3224,18,Female,Boots,Footwear,50,Michigan,M,Gray,Spring,4.79,No,Free Shipping,No,No,35,Cash,Every 3 Months
3225,24,Female,Sweater,Clothing,55,Virginia,M,Red,Winter,4.29,No,Express,Yes,Yes,1,Venmo,Monthly
3226,18,Female,Skirt,Clothing,100,Texas,S,Gray,Summer,3.9,Yes,2-Day Shipping,No,No,19,Cash,Monthly
3227,66,Male,Shorts,Clothing,80,Ohio,XL,White,Spring,3.52,No,Store Pickup,No,No,33,PayPal,Every 3 Months
3228,49,Female,Jeans,Clothing,56,Virginia,XL,Red,Summer,3.73,No,Store Pickup,Yes,Yes,19,Debit Card,Monthly
3229,26,Female,Pants,Clothing,86,Texas,M,Pink,Fall,4.78,No,Express,Yes,Yes,36,PayPal,Annually
3230,46,Male,Jeans,Clothing,55,Illinois,S,Gray,Fall,3.68,No,Standard,No,No,27,Credit Card,Bi-Weekly
3231,43,Male,Sneakers,Footwear,24,California,XL,Brown,Spring,3.8,Yes,Store Pickup,Yes,Yes,13,Debit Card,Fortnightly
3232,40,Male,Jeans,Clothing,65,Florida,XL,Pink,Summer,4.69,Yes,Next Day Air,No,No,27,Debit Card,Every 3 Months
3233,62,Male,Sweater,Clothing,98,California,M,Black,Spring,3.66,No,Express,No,No,46,Venmo,Monthly
3234,60,Female,T-shirt,Clothing,71,New York,M,Gray,Spring,3.32,No,Store Pickup,No,No,14,Cash,Fortnightly
3235,46,Male,Jacket,Clothing,68,Alabama,XL,Blue,Winter,4.48,Yes,Express,No,No,24,Credit Card,Every 3 Months
3236,69,Male,Sweater,Clothing,25,New York,S,Beige,Fall,3.3,No,Express,No,No,35,Debit Card,Monthly
3237,55,Female,Boots,Footwear,29,Colorado,XL,Black,Spring,4.04,No,2-Day Shipping,Yes,Yes,19,Cash,Monthly
3238,50,Male,Dress,Clothing,42,New York,XL,Yellow,Fall,3.94,No,Standard,No,No,25,Cash,Every 3 Months
3239,24,Male,Sweater,Clothing,36,Virginia,S,White,Winter,3.99,Yes,Standard,No,No,11,Credit Card,Quarterly
3240,29,Female,Hoodie,Clothing,63,Florida,M,Blue,Summer,2.35,Yes,2-Day Shipping,Yes,Yes,9,Credit Card,Bi-Weekly
3241,48,Female,Pants,Clothing,60,Florida,S,Blue,Spring,4.27,No,Express,No,No,6,PayPal,Quarterly
3242,49,Female,Coat,Clothing,34,Illinois,S,Pink,Fall,3.76,Yes,Express,No,No,36,PayPal,Annually
3243,37,Female,Pants,Clothing,63,Virginia,S,Beige,Spring,4.17,Yes,Next Day Air,No,No,37,Debit Card,Fortnightly
3244,68,Female,Jacket,Clothing,77,Illinois,S,Brown,Summer,4.1,Yes,Store Pickup,No,No,29,Debit Card,Annually
3245,34,Female,Shorts,Clothing,69,Virginia,M,Pink,Spring,3.99,No,Express,No,No,9,Debit Card,Fortnightly
3246,53,Female,Jeans,Clothing,71,California,XL,Beige,Spring,3.56,No,Store Pickup,Yes,Yes,33,PayPal,Every 3 Months
3247,20,Male,Jacket,Clothing,89,Illinois,L,Gray,Fall,3.57,No,Free Shipping,No,No,23,Debit Card,Bi-Weekly
3248,18,Male,Jeans,Clothing,87,Illinois,M,White,Summer,,No,Store Pickup,Yes,Yes,15,Debit Card,Monthly
3249,67,Female,Sneakers,Footwear,82,Arizona,S,Black,Winter,3.9,Yes,Express,No,No,11,PayPal,Bi-Weekly
3250,44,Male,Jacket,Clothing,77,Idaho,XL,Blue,Summer,3.55,No,Next Day Air,Yes,Yes,23,PayPal,Monthly
3251,70,Female,Skirt,Clothing,42,California,XL,Brown,Summer,4.37,Yes,Free Shipping,Yes,Yes,26,Debit Card,Weekly
3252,64,Male,Boots,Footwear,63,Colorado,S,Pink,Winter,3.6,No,Next Day Air,Yes,Yes,1,Debit Card,Annually
3253,57,Female,Boots,Footwear,63,Florida,M,White,Spring,3.21,Yes,Store Pickup,No,No,30,Cash,Weekly
3254,50,Male,Jeans,Clothing,71,California,S,Black,Fall,4.16,No,Next Day Air,Yes,Yes,17,Venmo,Bi-Weekly
3255,37,Female,Shorts,Clothing,86,Florida,XL,White,Spring,4.93,Yes,Store Pickup,No,No,47,PayPal,Annually
3256,31,Male,Skirt,Clothing,47,Texas,XL,Blue,Spring,3.1,No,Standard,Yes,Yes,46,Venmo,Weekly
3257,53,Female,Blouse,Clothing,86,Idaho,M,Gray,Winter,3.72,No,Store Pickup,Yes,Yes,41,PayPal,Weekly
3258,22,Male,Sandals,Footwear,97,Arizona,L,Brown,Winter,4.44,No,2-Day Shipping,No,No,23,Bank Transfer,Annually
3259,40,Male,Sandals,Footwear,37,Arizona,S,Beige,Spring,4.14,No,Next Day Air,No,No,36,Cash,Annually
3260,62,Female,Shorts,Clothing,46,Ohio,L,Yellow,Summer,4.17,Yes,Express,Yes,Yes,41,Venmo,Fortnightly
3261,32,Male,Coat,Clothing,70,Virginia,XL,Brown,Fall,3.82,Yes,Standard,Yes,Yes,5,Cash,Monthly
3262,23,Male,Blouse,Clothing,79,Alabama,L,Beige,Summer,2.21,Yes,Free Shipping,Yes,Yes,35,Credit Card,Every 3 Months
3263,50,Male,Sneakers,Footwear,93,Oregon,S,Pink,Spring,3.95,Yes,Store Pickup,Yes,Yes,50,Venmo,Weekly
3264,36,Male,Shorts,Clothing,68,Florida,S,Gray,Spring,4.02,No,2-Day Shipping,No,No,9,Venmo,Quarterly
3265,30,Male,Skirt,Clothing,34,Colorado,XL,Beige,Fall,4.48,No,Standard,No,No,4,Bank Transfer,Annually
3266,46,Female,Sandals,Footwear,92,Georgia,M,Gray,Summer,3.35,Yes,Next Day Air,Yes,Yes,7,Venmo,Fortnightly
3267,23,Female,Hoodie,Clothing,87,Michigan,M,White,Spring,4.81,No,Standard,No,No,1,Credit Card,Monthly
3268,32,Male,Sandals,Footwear,34,Alabama,XL,Brown,Spring,3.61,Yes,Express,No,No,16,Credit Card,Fortnightly
3269,33,Female,Sandals,Footwear,70,Texas,S,Brown,Winter,3.51,No,Express,Yes,Yes,25,Cash,Quarterly
3270,41,Male,Skirt,Clothing,67,Arizona,M,Blue,Fall,3.37,No,Express,No,No,6,Credit Card,Every 3 Months
3271,40,Female,Shirt,Clothing,91,Georgia,L,Brown,Winter,4.43,No,2-Day Shipping,No,No,38,PayPal,Monthly
3272,65,Male,Shorts,Clothing,20,Colorado,XL,White,Winter,3.14,No,Standard,Yes,Yes,14,Debit Card,Bi-Weekly
3273,27,Male,Sweater,Clothing,26,Texas,L,Blue,Winter,4.18,No,Standard,Yes,Yes,37,Venmo,Bi-Weekly
3274,58,Male,Pants,Clothing,72,Oregon,S,Gray,Spring,3.32,No,Next Day Air,No,No,11,Cash,Fortnightly
3275,58,Male,Sneakers,Footwear,50,New York,M,Red,Summer,3.77,Yes,Free Shipping,No,No,1,Cash,Every 3 Months
3276,66,Female,Sandals,Footwear,37,Idaho,S,Beige,Winter,2.89,No,Express,Yes,Yes,42,Cash,Bi-Weekly
3277,34,Female,Pants,Clothing,31,Ohio,L,Black,Summer,4.27,No,Free Shipping,Yes,Yes,1,Cash,Annually
3278,66,Female,Boots,Footwear,67,Texas,S,Gray,Spring,3.71,No,Free Shipping,No,No,36,Venmo,Monthly
3279,61,Male,Hoodie,Clothing,49,Oregon,S,White,Winter,4.13,No,Express,No,No,8,Cash,Quarterly
3280,62,Female,Jeans,Clothing,26,Ohio,XL,Gray,Spring,3.69,No,Express,No,No,32,Venmo,Quarterly
3281,47,Female,Shorts,Clothing,22,Idaho,XL,Black,Winter,4.12,No,Next Day Air,No,No,33,Cash,Bi-Weekly
3282,61,Male,Dress,Clothing,82,Oregon,S,White,Winter,3.77,Yes,2-Day Shipping,Yes,Yes,8,Cash,Weekly
3283,63,Male,Skirt,Clothing,25,California,XL,Brown,Spring,4.24,No,Express,No,No,14,Debit Card,Weekly
3284,27,Male,Shirt,Clothing,34,Michigan,S,Gray,Fall,4.12,No,Free Shipping,No,No,24,PayPal,Every 3 Months
3285,36,Female,Boots,Footwear,90,Texas,L,Beige,Fall,3.92,No,Next Day Air,Yes,Yes,49,Credit Card,Weekly
3286,46,Female,Shorts,Clothing,62,Illinois,XL,Pink,Summer,3.26,Yes,Standard,Yes,Yes,41,Credit Card,Bi-Weekly
3287,19,Male,Sneakers,Footwear,100,Montana,S,Brown,Summer,3.54,No,Next Day Air,No,No,29,Credit Card,Bi-Weekly
3288,53,Female,Hoodie,Clothing,37,Arizona,XL,Brown,Spring,3.34,No,Express,No,No,25,PayPal,Bi-Weekly
3289,36,Male,Shirt,Clothing,41,Georgia,S,Red,Spring,4.66,No,Store Pickup,No,No,6,Venmo,Annually
3290,24,Female,Sneakers,Footwear,80,Arizona,XL,Pink,Spring,4.27,No,Express,No,No,1,Credit Card,Monthly
3291,43,Male,Boots,Footwear,80,Arizona,M,Green,Fall,3.82,Yes,2-Day Shipping,Yes,Yes,23,Credit Card,Weekly
3292,32,Female,Shorts,Clothing,72,California,S,Pink,Fall,3.46,Yes,Next Day Air,No,No,41,Credit Card,Fortnightly
3293,64,Female,Sweater,Clothing,45,Montana,M,Red,Winter,3.33,No,Express,No,No,33,Venmo,Every 3 Months
3294,55,Female,Boots,Footwear,59,Idaho,S,Yellow,Winter,3.87,No,Free Shipping,No,No,14,PayPal,Monthly
3295,20,Male,Dress,Clothing,27,Michigan,M,Black,Spring,4.91,No,Free Shipping,No,No,28,PayPal,Every 3 Months
3296,55,Male,Sneakers,Footwear,40,Virginia,S,Red,Spring,3.8,No,Next Day Air,No,No,29,Bank Transfer,Every 3 Months
3297,33,Male,Shirt,Clothing,62,California,XL,Yellow,Summer,4.52,Yes,2-Day Shipping,Yes,Yes,43,Bank Transfer,Monthly
3298,19,Female,Shirt,Clothing,40,Arizona,M,Blue,Fall,3.97,No,Store Pickup,No,No,40,Venmo,Bi-Weekly
3299,48,Male,Pants,Clothing,22,Oregon,XL,Brown,Spring,4.14,No,Next Day Air,Yes,Yes,23,Debit Card,Bi-Weekly
3300,45,Female,Sneakers,Footwear,50,Michigan,S,Green,Fall,3.51,Yes,2-Day Shipping,Yes,Yes,44,Cash,Monthly
3301,24,Male,T-shirt,Clothing,46,Arizona,XL,Red,Spring,3.68,No,Free Shipping,Yes,Yes,38,Venmo,Bi-Weekly
3302,47,Male,Shorts,Clothing,46,Oregon,S,Beige,Winter,3.3,No,Express,No,No,49,Cash,Weekly
3303,60,Female,T-shirt,Clothing,92,Alabama,XL,Green,Spring,3.98,No,Standard,No,No,43,PayPal,Monthly
3304,24,Female,Coat,Clothing,76,Ohio,M,Blue,Winter,3.65,No,Express,No,No,10,Cash,Annually
3305,53,Male,Shorts,Clothing,52,Ohio,S,White,Summer,4.02,Yes,Free Shipping,No,No,27,Bank Transfer,Annually
3306,46,Male,Sneakers,Footwear,63,Alabama,XL,Beige,Summer,3.21,No,Store Pickup,No,No,8,Credit Card,Every 3 Months
3307,41,Female,Blouse,Clothing,62,New York,S,White,Summer,4.07,Yes,Free Shipping,Yes,Yes,44,Cash,Annually
3308,69,Female,Hoodie,Clothing,50,Virginia,S,Beige,Spring,3.9,No,Express,No,No,4,Bank Transfer,Monthly
3309,56,Male,Sneakers,Footwear,84,Alabama,S,Green,Summer,3.88,No,Express,Yes,Yes,21,Cash,Annually
3310,21,Female,T-shirt,Clothing,95,Oregon,L,Beige,Spring,,Yes,Store Pickup,Yes,Yes,21,PayPal,Monthly
3311,46,Male,Sweater,Clothing,36,Ohio,S,Green,Fall,3.66,No,Store Pickup,No,No,30,Debit Card,Bi-Weekly
3312,61,Male,Hoodie,Clothing,34,Arizona,XL,Black,Winter,5.0,No,Free Shipping,Yes,Yes,13,Cash,Annually
3313,22,Male,Sneakers,Footwear,53,Georgia,L,White,Fall,4.08,No,Express,Yes,Yes,3,PayPal,Monthly
3314,46,Female,Sneakers,Footwear,99,Illinois,XL,Gray,Spring,3.86,No,Standard,No,No,20,Credit Card,Fortnightly
3315,47,Male,Sweater,Clothing,23,Ohio,L,Blue,Summer,4.25,Yes,Standard,No,No,36,Cash,Fortnightly
3316,46,Male,Sneakers,Footwear,91,Virginia,S,Beige,Winter,3.49,No,Next Day Air,No,No,40,Cash,Weekly
3317,43,Female,Hoodie,Clothing,98,Virginia,M,Green,Summer,3.47,No,Standard,No,No,5,Credit Card,Monthly
3318,36,Female,Sandals,Footwear,47,Colorado,M,Blue,Fall,4.28,No,Free Shipping,No,No,22,Bank Transfer,Annually
3319,43,Female,Blouse,Clothing,92,Montana,S,Yellow,Spring,4.33,Yes,Free Shipping,No,No,2,Bank Transfer,Monthly
3320,54,Male,Jeans,Clothing,21,Illinois,L,Pink,Winter,4.52,No,Next Day Air,Yes,Yes,25,Bank Transfer,Every 3 Months
3321,44,Female,Blouse,Clothing,36,California,XL,Beige,Winter,2.94,Yes,2-Day Shipping,No,No,40,Venmo,Bi-Weekly
3322,47,Female,Skirt,Clothing,77,Ohio,M,Red,Spring,3.72,Yes,Next Day Air,No,No,24,Debit Card,Every 3 Months
3323,68,Male,Dress,Clothing,93,Idaho,S,Brown,Spring,4.0,No,2-Day Shipping,No,No,5,Credit Card,Annually
3324,70,Male,Pants,Clothing,28,Texas,S,Gray,Winter,4.23,Yes,2-Day Shipping,No,No,16,Bank Transfer,Quarterly
3325,47,Male,Sneakers,Footwear,50,Texas,L,Black,Fall,4.12,Yes,Express,Yes,Yes,15,Credit Card,Every 3 Months
3326,20,Male,Sandals,Footwear,85,Montana,M,Green,Fall,3.29,No,Store Pickup,Yes,Yes,13,Credit Card,Annually
3327,60,Female,Shorts,Clothing,81,Florida,S,Green,Summer,4.11,No,Standard,No,No,11,Venmo,Quarterly
3328,24,Male,Sneakers,Footwear,38,Texas,M,Pink,Winter,3.99,No,2-Day Shipping,Yes,Yes,16,Credit Card,Annually
3329,66,Female,T-shirt,Clothing,100,Montana,XL,Pink,Spring,3.99,No,Express,No,No,18,Venmo,Monthly
3330,26,Male,Boots,Footwear,93,Florida,S,Gray,Spring,3.14,No,Next Day Air,Yes,Yes,25,Debit Card,Weekly
3331,70,Male,Sandals,Footwear,74,Virginia,S,Beige,Spring,3.24,No,Next Day Air,No,No,47,Venmo,Fortnightly
3332,58,Female,Sweater,Clothing,47,Virginia,XL,White,Spring,4.89,Yes,2-Day Shipping,No,No,38,Debit Card,Monthly
3333,59,Female,Sandals,Footwear,69,California,S,Pink,Winter,4.39,No,Express,Yes,Yes,40,Debit Card,Monthly
3334,30,Female,Skirt,Clothing,84,Florida,L,Yellow,Fall,3.76,Yes,Free Shipping,Yes,Yes,4,Debit Card,Weekly
3335,32,Male,Sweater,Clothing,22,Idaho,XL,Pink,Summer,3.77,No,Store Pickup,No,No,48,PayPal,Weekly
3336,22,Male,Coat,Clothing,98,Ohio,L,Red,Fall,5.0,No,Store Pickup,No,No,21,Debit Card,Quarterly
3337,46,Female,Jeans,Clothing,71,Texas,XL,Yellow,Summer,3.83,Yes,Standard,No,No,11,Venmo,Annually
3338,52,Female,Jacket,Clothing,29,Oregon,XL,White,Spring,3.73,No,2-Day Shipping,Yes,Yes,34,PayPal,Monthly
3339,44,Male,Hoodie,Clothing,40,Arizona,L,Red,Spring,3.32,No,Free Shipping,No,No,30,Credit Card,Annually
3340,44,Female,Sandals,Footwear,56,Alabama,XL,Red,Winter,3.66,Yes,Standard,No,No,4,Credit Card,Monthly
3341,25,Female,Hoodie,Clothing,34,Colorado,M,Gray,Spring,2.79,Yes,Free Shipping,Yes,Yes,14,Cash,Bi-Weekly
3342,49,Male,Shirt,Clothing,97,Georgia,L,Pink,Winter,4.11,No,Store Pickup,No,No,11,Debit Card,Fortnightly
3343,37,Female,T-shirt,Clothing,98,Ohio,XL,Blue,Winter,4.56,Yes,Express,Yes,Yes,4,Cash,Bi-Weekly
3344,27,Male,Sneakers,Footwear,93,Virginia,L,Yellow,Winter,4.56,Yes,2-Day Shipping,Yes,Yes,26,Debit Card,Bi-Weekly
3345,30,Male,T-shirt,Clothing,28,Georgia,XL,Black,Spring,3.38,No,Free Shipping,Yes,Yes,3,Debit Card,Fortnightly
3346,46,Male,Hoodie,Clothing,63,California,XL,Blue,Spring,2.42,No,Free Shipping,Yes,Yes,37,Bank Transfer,Monthly
3347,52,Female,Blouse,Clothing,58,California,M,Brown,Fall,4.0,No,Free Shipping,Yes,Yes,38,Venmo,Quarterly
3348,25,Female,Jacket,Clothing,24,Oregon,M,Black,Summer,4.59,No,Store Pickup,No,No,41,Venmo,Annually
3349,46,Female,Blouse,Clothing,44,Michigan,M,Beige,Fall,2.84,No,2-Day Shipping,Yes,Yes,4,Credit Card,Fortnightly
3350,48,Female,Coat,Clothing,75,Colorado,XL,White,Spring,3.58,No,Express,Yes,Yes,26,PayPal,Weekly
3351,58,Male,Jacket,Clothing,83,Montana,M,Gray,Summer,4.01,No,Express,Yes,Yes,39,Credit Card,Monthly
3352,47,Male,Jacket,Clothing,91,Virginia,L,Blue,Winter,3.3,No,Free Shipping,No,No,45,Debit Card,Fortnightly
3353,39,Female,Blouse,Clothing,71,New York,XL,Pink,Summer,2.76,Yes,Express,Yes,Yes,42,Bank Transfer,Fortnightly
3354,38,Female,Sweater,Clothing,95,Georgia,L,White,Winter,3.35,No,Standard,No,No,44,PayPal,Every 3 Months
3355,29,Female,Skirt,Clothing,28,Florida,M,Red,Spring,3.46,Yes,Express,No,No,42,Cash,Annually
3356,28,Female,Hoodie,Clothing,29,Florida,XL,Yellow,Summer,2.67,No,Free Shipping,No,No,11,Debit Card,Fortnightly
3357,19,Male,Blouse,Clothing,29,Montana,L,Brown,Winter,4.44,Yes,Standard,Yes,Yes,11,Venmo,Quarterly
3358,67,Female,T-shirt,Clothing,92,Alabama,S,Gray,Fall,4.73,No,2-Day Shipping,No,No,38,Credit Card,Bi-Weekly
3359,58,Male,Sweater,Clothing,81,Michigan,L,Red,Fall,3.82,No,Next Day Air,No,No,38,Credit Card,Bi-Weekly
3360,19,Female,T-shirt,Clothing,79,Arizona,XL,White,Winter,4.24,No,Store Pickup,No,No,20,Cash,Every 3 Months
3361,51,Female,Skirt,Clothing,38,Colorado,S,Yellow,Fall,2.91,Yes,Express,Yes,Yes,26,Credit Card,Fortnightly
3362,20,Female,Coat,Clothing,57,California,M,Brown,Fall,3.72,Yes,Standard,No,No,38,Credit Card,Fortnightly
3363,33,Male,Sneakers,Footwear,25,Ohio,M,Red,Summer,3.45,No,Next Day Air,Yes,Yes,12,PayPal,Bi-Weekly
3364,68,Female,Skirt,Clothing,34,Colorado,L,Brown,Fall,4.05,Yes,2-Day Shipping,No,No,29,Debit Card,Quarterly
3365,21,Male,Dress,Clothing,66,Alabama,M,White,Summer,2.18,No,Next Day Air,No,No,14,PayPal,Monthly
3366,40,Male,Shorts,Clothing,64,Arizona,L,Pink,Spring,3.62,No,2-Day Shipping,Yes,Yes,50,PayPal,Bi-Weekly
3367,67,Female,Sweater,Clothing,24,New York,L,Green,Fall,4.18,No,Free Shipping,No,No,25,Credit Card,Fortnightly
3368,37,Male,Coat,Clothing,97,Colorado,L,Beige,Spring,3.94,No,Free Shipping,Yes,Yes,42,Debit Card,Quarterly
3369,42,Male,Dress,Clothing,72,Ohio,L,Beige,Fall,4.27,No,Store Pickup,No,No,42,Credit Card,Annually
3370,47,Male,Shirt,Clothing,85,Montana,XL,Red,Winter,3.44,Yes,Store Pickup,No,No,39,Bank Transfer,Quarterly
3371,35,Female,Coat,Clothing,81,Oregon,XL,Red,Winter,2.11,No,2-Day Shipping,Yes,Yes,26,Bank Transfer,Annually
3372,59,Male,Blouse,Clothing,42,Ohio,S,Beige,Spring,4.46,No,Next Day Air,Yes,Yes,10,Credit Card,Every 3 Months
3373,28,Male,Pants,Clothing,63,Idaho,S,Blue,Spring,4.26,No,Store Pickup,No,No,14,PayPal,Fortnightly
3374,46,Female,Blouse,Clothing,71,Michigan,M,Pink,Spring,4.74,Yes,Express,Yes,Yes,5,Bank Transfer,Weekly
3375,34,Female,Skirt,Clothing,65,New York,XL,Beige,Winter,3.84,No,Next Day Air,Yes,Yes,22,Venmo,Quarterly
3376,43,Male,Shorts,Clothing,38,Colorado,S,Beige,Spring,4.05,Yes,Store Pickup,Yes,Yes,11,Bank Transfer,Bi-Weekly
3377,40,Male,Coat,Clothing,66,Virginia,XL,Yellow,Winter,5.0,Yes,Next Day Air,No,No,29,Venmo,Weekly
3378,69,Male,Hoodie,Clothing,71,Montana,XL,Red,Spring,2.69,No,Express,No,No,7,PayPal,Every 3 Months
3379,65,Male,Jeans,Clothing,43,Montana,M,Brown,Summer,4.07,Yes,Next Day Air,Yes,Yes,18,PayPal,Monthly
3380,37,Female,Sneakers,Footwear,36,Montana,M,Yellow,Summer,4.53,Yes,Next Day Air,Yes,Yes,31,Credit Card,Bi-Weekly
3381,62,Female,Skirt,Clothing,65,Texas,L,Red,Fall,3.93,No,Standard,Yes,Yes,43,Debit Card,Every 3 Months
3382,19,Male,Blouse,Clothing,83,Oregon,XL,Beige,Summer,3.84,No,2-Day Shipping,Yes,Yes,20,Bank Transfer,Annually
3383,41,Female,Shorts,Clothing,47,Alabama,L,Gray,Spring,2.91,No,Free Shipping,Yes,Yes,35,Credit Card,Every 3 Months
3384,48,Male,Sneakers,Footwear,69,Arizona,L,Green,Summer,4.68,Yes,Store Pickup,No,No,7,Credit Card,Every 3 Months
3385,44,Female,Coat,Clothing,83,Oregon,L,Red,Summer,4.44,No,Store Pickup,Yes,Yes,30,Cash,Fortnightly
3386,19,Female,Hoodie,Clothing,47,Colorado,XL,Green,Spring,4.57,No,Store Pickup,Yes,Yes,4,Credit Card,Weekly
3387,31,Male,Coat,Clothing,75,Virginia,XL,Black,Summer,3.79,Yes,2-Day Shipping,Yes,Yes,30,Debit Card,Every 3 Months
3388,21,Male,Jacket,Clothing,78,Florida,L,Pink,Spring,3.61,No,Next Day Air,No,No,30,Credit Card,Every 3 Months
3389,66,Male,Shorts,Clothing,24,Virginia,XL,Beige,Summer,3.8,No,Express,No,No,30,PayPal,Every 3 Months
3390,30,Male,Dress,Clothing,73,Oregon,L,Brown,Spring,4.82,Yes,Express,No,No,18,Debit Card,Bi-Weekly
3391,53,Female,Blouse,Clothing,63,California,S,Blue,Winter,3.64,No,Free Shipping,Yes,Yes,43,Bank Transfer,Every 3 Months
3392,52,Female,Hoodie,Clothing,61,Oregon,XL,Brown,Winter,4.69,No,Free Shipping,Yes,Yes,46,PayPal,Quarterly
3393,61,Male,Jeans,Clothing,91,California,M,Yellow,Fall,3.71,No,Free Shipping,Yes,Yes,10,Cash,Fortnightly
3394,25,Female,Coat,Clothing,76,Idaho,M,Green,Summer,3.29,No,Express,Yes,Yes,14,Cash,Weekly
3395,19,Female,Jeans,Clothing,66,Oregon,L,Yellow,Fall,2.55,Yes,Next Day Air,No,No,36,Debit Card,Quarterly
3396,23,Male,Coat,Clothing,95,Idaho,S,Gray,Spring,4.14,Yes,Free Shipping,No,No,23,Bank Transfer,Every 3 Months
3397,48,Male,Blouse,Clothing,44,Oregon,XL,Black,Winter,4.26,No,Free Shipping,No,No,12,Venmo,Annually
3398,27,Female,Sneakers,Footwear,63,Idaho,L,Brown,Spring,3.11,No,Express,No,No,12,Venmo,Fortnightly
3399,61,Male,Sandals,Footwear,34,Illinois,S,Brown,Fall,4.69,No,Store Pickup,Yes,Yes,34,Debit Card,Fortnightly
3400,38,Male,Sneakers,Footwear,70,Idaho,S,Gray,Spring,2.97,No,Next Day Air,No,No,26,Debit Card,Weekly
3401,59,Female,Coat,Clothing,72,California,XL,Beige,Spring,4.23,Yes,Free Shipping,Yes,Yes,6,PayPal,Weekly
3402,27,Female,T-shirt,Clothing,53,New York,M,Red,Spring,4.25,No,Next Day Air,Yes,Yes,37,Cash,Weekly
3403,40,Male,Pants,Clothing,96,Arizona,M,Green,Spring,4.44,No,Standard,No,No,15,Debit Card,Bi-Weekly
3404,20,Female,Boots,Footwear,27,Idaho,S,Green,Winter,2.62,No,Store Pickup,Yes,Yes,42,Credit Card,Annually
3405,49,Male,Sandals,Footwear,96,New York,M,Pink,Spring,4.44,No,Store Pickup,Yes,Yes,39,PayPal,Fortnightly
3406,37,Male,Dress,Clothing,89,Colorado,S,Pink,Spring,3.71,Yes,Free Shipping,Yes,Yes,19,Cash,Every 3 Months
3407,27,Female,Sandals,Footwear,40,Illinois,S,Pink,Winter,3.6,Yes,Free Shipping,No,No,40,PayPal,Monthly
3408,46,Female,Pants,Clothing,26,Illinois,S,Green,Spring,4.3,No,Express,No,No,47,Cash,Quarterly
3409,58,Male,Jeans,Clothing,98,Florida,M,Red,Spring,4.38,Yes,Store Pickup,Yes,Yes,23,Credit Card,Weekly
3410,69,Male,Shorts,Clothing,75,Texas,L,Beige,Fall,2.61,No,Standard,No,No,36,Cash,Fortnightly
3411,68,Male,Jeans,Clothing,68,Colorado,M,Black,Winter,3.03,No,Standard,Yes,Yes,13,PayPal,Annually
3412,63,Female,Skirt,Clothing,61,Texas,L,Black,Summer,4.52,No,Standard,No,No,31,Cash,Every 3 Months
3413,51,Male,Jeans,Clothing,42,Ohio,M,Gray,Spring,4.08,Yes,2-Day Shipping,No,No,37,PayPal,Quarterly
3414,54,Female,Dress,Clothing,71,Texas,XL,White,Fall,3.91,Yes,Express,No,No,26,Debit Card,Monthly
3415,37,Male,T-shirt,Clothing,98,Ohio,XL,Blue,Winter,3.21,No,Express,No,No,43,Credit Card,Quarterly
3416,25,Female,Sneakers,Footwear,72,Georgia,M,Red,Spring,4.06,Yes,Free Shipping,Yes,Yes,48,PayPal,Monthly
3417,24,Male,Sneakers,Footwear,35,Alabama,XL,White,Summer,4.53,No,Express,No,No,18,Venmo,Every 3 Months
3418,23,Female,Boots,Footwear,56,Colorado,XL,Yellow,Spring,5.0,No,Free Shipping,No,No,47,Venmo,Weekly
3419,28,Male,Shirt,Clothing,37,Texas,XL,Pink,Fall,3.59,No,Free Shipping,No,No,33,Bank Transfer,Bi-Weekly
3420,61,Male,Coat,Clothing,39,Illinois,XL,Yellow,Winter,4.33,No,2-Day Shipping,Yes,Yes,40,Bank Transfer,Monthly
3421,35,Male,T-shirt,Clothing,65,Florida,L,Black,Fall,4.91,No,Express,No,No,32,Cash,Weekly
3422,68,Male,Shirt,Clothing,21,New York,S,Blue,Winter,2.93,No,Express,No,No,4,Debit Card,Quarterly
3423,59,Female,Pants,Clothing,82,Oregon,L,White,Summer,4.88,No,2-Day Shipping,Yes,Yes,41,Debit Card,Every 3 Months
3424,46,Female,Skirt,Clothing,22,Michigan,S,Brown,Spring,3.92,No,2-Day Shipping,No,No,19,Venmo,Annually
3425,42,Female,Blouse,Clothing,65,Idaho,S,Beige,Fall,3.84,No,Express,Yes,Yes,7,Cash,Quarterly
3426,38,Female,Pants,Clothing,68,Texas,M,Blue,Summer,3.47,No,Express,No,No,47,Debit Card,Quarterly
3427,63,Female,Coat,Clothing,20,Michigan,M,Green,Summer,3.58,Yes,Free Shipping,No,No,35,Debit Card,Every 3 Months
3428,20,Male,Coat,Clothing,41,Ohio,M,Blue,Spring,3.35,No,Next Day Air,No,No,26,Cash,Every 3 Months
3429,35,Female,Jacket,Clothing,33,New York,M,Gray,Fall,3.23,No,Store Pickup,No,No,44,PayPal,Bi-Weekly
3430,41,Female,Jacket,Clothing,64,Montana,M,Green,Spring,4.07,No,Free Shipping,No,No,23,Venmo,Fortnightly
3431,64,Female,Sweater,Clothing,25,California,L,White,Spring,4.47,No,Standard,Yes,Yes,34,Bank Transfer,Monthly
3432,55,Female,Pants,Clothing,84,Texas,L,Yellow,Winter,3.17,No,Standard,Yes,Yes,7,Debit Card,Annually
3433,27,Male,Sweater,Clothing,40,Colorado,XL,Beige,Winter,3.38,No,Next Day Air,No,No,11,PayPal,Every 3 Months
3434,44,Male,Jeans,Clothing,23,Oregon,L,Gray,Spring,3.95,No,Store Pickup,Yes,Yes,8,PayPal,Fortnightly
3435,29,Male,Blouse,Clothing,22,California,L,Blue,Winter,3.13,Yes,2-Day Shipping,Yes,Yes,13,PayPal,Quarterly
3436,24,Male,Sandals,Footwear,49,Texas,M,Black,Fall,3.95,No,Standard,No,No,32,PayPal,Annually
3437,34,Female,Boots,Footwear,50,Montana,XL,Green,Winter,3.64,Yes,2-Day Shipping,Yes,Yes,41,Credit Card,Bi-Weekly
3438,18,Female,Sandals,Footwear,53,Colorado,L,White,Summer,2.82,No,2-Day Shipping,Yes,Yes,34,Credit Card,Weekly
3439,67,Male,Boots,Footwear,39,Idaho,L,White,Spring,4.08,No,Free Shipping,No,No,18,Bank Transfer,Bi-Weekly
3440,43,Male,Jacket,Clothing,73,Colorado,XL,Brown,Spring,3.46,No,2-Day Shipping,Yes,Yes,15,Cash,Every 3 Months
3441,32,Female,Jacket,Clothing,44,Alabama,S,Yellow,Fall,4.42,Yes,Next Day Air,No,No,43,Venmo,Fortnightly
3442,68,Female,Jacket,Clothing,34,Virginia,M,Pink,Spring,3.68,Yes,Free Shipping,No,No,24,Cash,Quarterly
3443,50,Male,T-shirt,Clothing,57,Michigan,L,Gray,Winter,3.37,No,Next Day Air,No,No,47,Credit Card,Annually
3444,54,Male,Shorts,Clothing,42,Virginia,L,Black,Summer,3.78,No,2-Day Shipping,Yes,Yes,21,Cash,Annually
3445,64,Male,Boots,Footwear,71,Georgia,XL,Yellow,Spring,4.55,Yes,Standard,No,No,18,Cash,Annually
3446,48,Male,Pants,Clothing,85,Arizona,L,White,Winter,4.91,No,Store Pickup,No,No,14,PayPal,Monthly
3447,52,Female,Sweater,Clothing,76,Colorado,M,Pink,Summer,4.16,Yes,2-Day Shipping,No,No,19,Debit Card,Bi-Weekly
3448,18,Female,T-shirt,Clothing,76,Oregon,L,Blue,Spring,3.45,No,Next Day Air,Yes,Yes,13,Credit Card,Fortnightly
3449,25,Female,Sneakers,Footwear,98,New York,S,White,Spring,3.82,No,Express,No,No,16,Credit Card,Fortnightly
3450,29,Male,Sandals,Footwear,71,New York,M,Gray,Spring,3.74,No,Express,No,No,2,Cash,Weekly
3451,36,Female,Skirt,Clothing,54,Idaho,S,Beige,Summer,3.71,Yes,Standard,No,No,34,Debit Card,Monthly
3452,42,Female,Dress,Clothing,93,Virginia,XL,Beige,Spring,3.65,No,Store Pickup,No,No,49,Cash,Annually
3453,49,Male,Coat,Clothing,33,Florida,M,White,Spring,3.22,No,Next Day Air,No,No,26,Venmo,Fortnightly
3454,29,Male,Sweater,Clothing,33,Oregon,L,Gray,Winter,4.39,Yes,Standard,No,No,22,Credit Card,Monthly
3455,30,Male,Shirt,Clothing,52,Illinois,M,Green,Winter,4.32,Yes,Free Shipping,Yes,Yes,20,PayPal,Quarterly
3456,45,Male,Hoodie,Clothing,71,Texas,M,Pink,Winter,3.81,Yes,2-Day Shipping,No,No,29,PayPal,Every 3 Months
3457,18,Male,Sneakers,Footwear,20,Arizona,M,Red,Winter,4.56,Yes,Free Shipping,Yes,Yes,18,PayPal,Bi-Weekly
3458,68,Male,Pants,Clothing,53,Florida,S,White,Spring,4.15,Yes,Express,No,No,29,Bank Transfer,Fortnightly
3459,23,Female,Skirt,Clothing,38,Arizona,XL,Yellow,Summer,3.13,Yes,2-Day Shipping,Yes,Yes,42,Bank Transfer,Quarterly
3460,25,Female,Sweater,Clothing,43,Illinois,M,Blue,Spring,3.59,No,Free Shipping,No,No,44,Credit Card,Weekly
3461,21,Female,Dress,Clothing,23,California,L,Brown,Fall,4.69,No,Express,Yes,Yes,27,Credit Card,Monthly
3462,22,Female,T-shirt,Clothing,55,Texas,M,Yellow,Summer,3.58,No,Store Pickup,No,No,35,PayPal,Every 3 Months
3463,42,Female,Pants,Clothing,96,Georgia,M,Beige,Fall,3.38,Yes,Free Shipping,No,No,29,Credit Card,Quarterly
3464,39,Female,Blouse,Clothing,77,Colorado,XL,Brown,Spring,4.23,No,2-Day Shipping,Yes,Yes,6,PayPal,Monthly
3465,45,Male,Coat,Clothing,51,Oregon,L,Green,Summer,3.63,No,Free Shipping,Yes,Yes,37,Venmo,Annually
3466,56,Male,Sweater,Clothing,28,Georgia,L,Green,Summer,4.14,No,2-Day Shipping,Yes,Yes,25,Venmo,Annually
3467,40,Male,Shorts,Clothing,99,Illinois,S,Pink,Winter,3.78,No,Free Shipping,No,No,21,Venmo,Every 3 Months
3468,21,Female,Jacket,Clothing,86,Oregon,L,Pink,Spring,3.32,No,Standard,No,No,31,Cash,Monthly
3469,69,Female,Jacket,Clothing,39,New York,L,Black,Fall,3.38,No,Store Pickup,No,No,40,Cash,Fortnightly
3470,21,Male,Coat,Clothing,93,New York,L,Green,Summer,2.79,No,Free Shipping,Yes,Yes,50,Debit Card,Monthly
3471,64,Male,Dress,Clothing,81,Texas,M,Beige,Summer,3.14,Yes,Free Shipping,No,No,16,Debit Card,Quarterly
3472,38,Male,Boots,Footwear,77,Alabama,S,Pink,Winter,4.18,No,Standard,No,No,14,Debit Card,Weekly
3473,54,Male,Skirt,Clothing,41,Idaho,L,White,Summer,4.52,No,Express,No,No,6,Venmo,Fortnightly
3474,58,Male,T-shirt,Clothing,86,Idaho,L,Beige,Winter,,No,2-Day Shipping,No,No,11,Venmo,Bi-Weekly
3475,19,Female,Jacket,Clothing,94,New York,L,White,Summer,2.98,No,Next Day Air,Yes,Yes,27,Venmo,Weekly
3476,24,Female,Sweater,Clothing,67,New York,M,Yellow,Summer,4.48,No,Express,Yes,Yes,38,Credit Card,Quarterly
3477,66,Female,Shirt,Clothing,27,Michigan,M,Black,Spring,4.5,No,2-Day Shipping,Yes,Yes,5,Credit Card,Fortnightly
3478,33,Male,Sandals,Footwear,92,Oregon,S,Blue,Summer,4.23,Yes,Free Shipping,Yes,Yes,15,Venmo,Every 3 Months
3479,34,Female,Boots,Footwear,34,Georgia,XL,Blue,Winter,2.93,No,Express,Yes,Yes,38,PayPal,Every 3 Months
3480,37,Male,Sandals,Footwear,51,Illinois,S,Gray,Winter,4.11,No,Free Shipping,Yes,Yes,16,Debit Card,Monthly
3481,40,Female,Sneakers,Footwear,72,Georgia,M,Blue,Winter,4.13,No,Express,Yes,Yes,18,Cash,Annually
3482,51,Male,Skirt,Clothing,86,Montana,L,Pink,Fall,4.34,No,Express,No,No,33,Debit Card,Weekly
3483,28,Male,Jeans,Clothing,23,Oregon,L,Beige,Summer,3.89,No,Next Day Air,No,No,35,PayPal,Fortnightly
3484,51,Female,Boots,Footwear,49,Ohio,S,Blue,Spring,3.35,No,Standard,No,No,24,Bank Transfer,Bi-Weekly
3485,50,Female,Blouse,Clothing,32,Alabama,L,Brown,Spring,3.56,No,Express,No,No,35,Credit Card,Annually
3486,43,Female,Coat,Clothing,40,Virginia,M,Black,Fall,4.51,No,Free Shipping,Yes,Yes,7,Venmo,Bi-Weekly
3487,19,Female,Sneakers,Footwear,60,Florida,S,Blue,Summer,4.03,No,Next Day Air,No,No,14,Credit Card,Bi-Weekly
3488,40,Female,Jeans,Clothing,38,Ohio,XL,Blue,Winter,3.02,No,Express,Yes,Yes,50,Credit Card,Every 3 Months
3489,58,Male,T-shirt,Clothing,67,Colorado,M,Pink,Fall,4.82,No,Standard,No,No,30,PayPal,Fortnightly
3490,39,Female,Boots,Footwear,82,Colorado,M,Green,Fall,4.49,No,Free Shipping,Yes,Yes,24,Credit Card,Weekly
3491,51,Female,Shorts,Clothing,39,Illinois,L,Red,Winter,4.8,Yes,Next Day Air,No,No,15,Credit Card,Monthly
3492,32,Male,Shorts,Clothing,83,Ohio,M,White,Fall,4.48,Yes,2-Day Shipping,Yes,Yes,13,Debit Card,Weekly
3493,27,Female,Blouse,Clothing,56,Ohio,M,Pink,Fall,3.24,No,Store Pickup,Yes,Yes,19,Debit Card,Monthly
3494,32,Male,Skirt,Clothing,50,Illinois,XL,Blue,Winter,4.0,No,Standard,No,No,29,Bank Transfer,Weekly
3495,59,Female,Jacket,Clothing,93,Oregon,L,Pink,Summer,4.16,No,2-Day Shipping,Yes,Yes,22,PayPal,Weekly
3496,46,Female,Pants,Clothing,37,Michigan,M,Yellow,Spring,2.99,No,2-Day Shipping,No,No,2,Venmo,Fortnightly
3497,40,Male,Sweater,Clothing,39,Virginia,L,Pink,Spring,3.1,No,Next Day Air,No,No,39,Debit Card,Bi-Weekly
3498,34,Female,Sneakers,Footwear,30,New York,M,White,Winter,4.25,No,Next Day Air,No,No,13,Bank Transfer,Annually
3499,26,Female,Hoodie,Clothing,63,Colorado,XL,Pink,Winter,4.29,No,Next Day Air,No,No,36,Credit Card,Bi-Weekly
3500,67,Female,Boots,Footwear,83,New York,L,Gray,Summer,5.0,Yes,2-Day Shipping,No,No,38,Bank Transfer,Bi-Weekly
3501,53,Female,Sneakers,Footwear,53,Texas,L,Yellow,Fall,3.64,No,Store Pickup,Yes,Yes,18,Bank Transfer,Annually
3502,26,Male,Boots,Footwear,84,Ohio,XL,Red,Summer,2.79,Yes,Free Shipping,No,No,15,Cash,Bi-Weekly
3503,33,Male,Coat,Clothing,74,Florida,S,Green,Fall,3.71,No,Next Day Air,No,No,35,Debit Card,Weekly
3504,53,Female,Boots,Footwear,93,Michigan,M,Beige,Fall,4.31,Yes,Standard,No,No,17,Bank Transfer,Bi-Weekly
3505,65,Female,Coat,Clothing,20,Michigan,M,Green,Summer,3.58,No,Next Day Air,Yes,Yes,48,Bank Transfer,Weekly
3506,68,Male,Boots,Footwear,57,Illinois,S,Blue,Winter,3.86,No,Store Pickup,No,No,13,Cash,Monthly
3507,50,Male,Shorts,Clothing,28,Florida,L,White,Winter,3.41,No,Next Day Air,No,No,22,Venmo,Quarterly
3508,48,Female,Shorts,Clothing,90,Virginia,L,Gray,Summer,4.52,No,Store Pickup,No,No,40,Credit Card,Annually
3509,23,Male,Skirt,Clothing,36,Arizona,XL,Gray,Fall,4.25,Yes,Next Day Air,No,No,21,Debit Card,Annually
3510,27,Male,Dress,Clothing,71,Oregon,XL,Pink,Fall,3.31,No,2-Day Shipping,Yes,Yes,26,Venmo,Quarterly
3511,33,Male,Shirt,Clothing,37,Idaho,XL,Beige,Fall,3.49,No,Store Pickup,Yes,Yes,46,PayPal,Monthly
3512,21,Male,Shirt,Clothing,82,Texas,S,Red,Fall,3.39,No,Free Shipping,No,No,4,Venmo,Weekly
3513,39,Female,Dress,Clothing,52,Idaho,S,Beige,Summer,2.68,No,Next Day Air,No,No,7,PayPal,Annually
3514,30,Male,Jacket,Clothing,23,Georgia,L,Black,Spring,3.34,No,2-Day Shipping,No,No,10,PayPal,Bi-Weekly
3515,33,Female,Shirt,Clothing,94,Texas,XL,Gray,Winter,2.74,No,Standard,Yes,Yes,15,Debit Card,Fortnightly
3516,69,Female,Skirt,Clothing,71,Alabama,L,Gray,Winter,4.36,No,Free Shipping,Yes,Yes,26,Cash,Weekly
3517,46,Male,Hoodie,Clothing,28,Illinois,S,Blue,Spring,4.41,No,2-Day Shipping,No,No,16,PayPal,Weekly
3518,23,Female,Hoodie,Clothing,83,Idaho,M,Brown,Fall,3.62,No,Store Pickup,No,No,40,Credit Card,Annually
3519,43,Female,Sweater,Clothing,49,Florida,L,Green,Spring,3.92,No,Express,No,No,34,Debit Card,Monthly
3520,28,Male,Sweater,Clothing,27,Illinois,S,Black,Spring,4.44,No,Standard,Yes,Yes,17,Bank Transfer,Monthly
3521,41,Male,Hoodie,Clothing,24,Florida,XL,Pink,Spring,4.27,No,Standard,No,No,38,Bank Transfer,Fortnightly
3522,46,Male,Sneakers,Footwear,95,Ohio,M,Yellow,Winter,5.0,No,Express,Yes,Yes,16,PayPal,Bi-Weekly
3523,20,Female,Pants,Clothing,82,Idaho,M,Blue,Winter,3.96,No,2-Day Shipping,No,No,34,Debit Card,Quarterly
3524,69,Female,Sandals,Footwear,20,Ohio,M,Yellow,Spring,4.67,No,2-Day Shipping,Yes,Yes,29,Credit Card,Every 3 Months
3525,27,Female,Dress,Clothing,34,Oregon,XL,Yellow,Spring,3.86,No,Store Pickup,No,No,18,Debit Card,Bi-Weekly
3526,18,Female,Sweater,Clothing,57,New York,M,Red,Spring,3.73,No,Standard,Yes,Yes,11,Debit Card,Bi-Weekly
3527,69,Male,Pants,Clothing,61,Arizona,S,Gray,Fall,4.21,Yes,2-Day Shipping,No,No,12,Bank Transfer,Every 3 Months
3528,60,Female,Pants,Clothing,65,Colorado,L,Beige,Fall,4.13,No,Express,No,No,37,PayPal,Every 3 Months
3529,43,Male,Jeans,Clothing,72,Alabama,M,Red,Fall,3.44,No,2-Day Shipping,No,No,2,Venmo,Weekly
3530,29,Male,Shorts,Clothing,45,Alabama,M,Brown,Winter,3.31,Yes,Standard,Yes,Yes,18,Debit Card,Fortnightly
3531,31,Male,Coat,Clothing,80,Oregon,S,Beige,Summer,3.84,No,2-Day Shipping,Yes,Yes,38,PayPal,Annually
3532,42,Male,Skirt,Clothing,86,Idaho,XL,Yellow,Spring,2.67,No,Free Shipping,Yes,Yes,33,Bank Transfer,Weekly
3533,25,Female,Hoodie,Clothing,73,California,M,Yellow,Spring,3.62,Yes,Express,No,No,9,Credit Card,Monthly
3534,60,Male,Shirt,Clothing,41,Arizona,S,Gray,Summer,3.21,No,Express,Yes,Yes,15,Credit Card,Every 3 Months
3535,21,Female,Dress,Clothing,45,Georgia,S,Pink,Spring,3.45,No,Next Day Air,No,No,28,Venmo,Quarterly
3536,45,Male,Sneakers,Footwear,79,Montana,XL,Beige,Fall,3.33,No,2-Day Shipping,No,No,8,Credit Card,Annually
3537,24,Male,Hoodie,Clothing,58,Colorado,XL,White,Fall,4.26,No,Store Pickup,No,No,46,PayPal,Fortnightly
3538,27,Male,Blouse,Clothing,55,Colorado,L,Green,Summer,4.07,No,Express,No,No,36,Venmo,Annually
3539,68,Female,Coat,Clothing,40,Virginia,M,Pink,Fall,3.83,No,2-Day Shipping,No,No,39,Bank Transfer,Fortnightly
3540,53,Male,Jeans,Clothing,60,Texas,L,Beige,Summer,3.57,Yes,Free Shipping,Yes,Yes,8,PayPal,Bi-Weekly
3541,19,Male,Pants,Clothing,67,Colorado,S,Green,Fall,4.42,Yes,Standard,No,No,42,Bank Transfer,Weekly
3542,43,Male,Shirt,Clothing,45,Alabama,M,Blue,Spring,4.34,No,Standard,No,No,50,Bank Transfer,Bi-Weekly
3543,70,Male,Jeans,Clothing,82,Illinois,S,Gray,Winter,3.73,Yes,Next Day Air,Yes,Yes,50,Venmo,Bi-Weekly
3544,67,Female,Shorts,Clothing,96,New York,S,Green,Fall,4.61,No,Next Day Air,Yes,Yes,19,Venmo,Fortnightly
3545,31,Female,Hoodie,Clothing,55,Ohio,S,Beige,Summer,3.69,No,Store Pickup,No,No,4,PayPal,Quarterly
3546,33,Male,Boots,Footwear,43,Montana,XL,Brown,Winter,3.92,No,Express,No,No,27,Venmo,Monthly
3547,60,Male,Shorts,Clothing,40,Georgia,XL,Brown,Spring,3.46,No,Store Pickup,Yes,Yes,13,PayPal,Bi-Weekly
3548,59,Female,Skirt,Clothing,37,Colorado,M,Gray,Winter,3.56,No,Express,No,No,38,Credit Card,Every 3 Months
3549,34,Female,Pants,Clothing,34,Illinois,S,Red,Summer,3.42,No,Express,Yes,Yes,21,Credit Card,Quarterly
3550,63,Female,Jacket,Clothing,98,Idaho,S,Red,Spring,4.21,Yes,Free Shipping,Yes,Yes,26,Debit Card,Every 3 Months
3551,39,Male,Sneakers,Footwear,25,Arizona,M,Brown,Spring,4.03,No,Next Day Air,No,No,45,Cash,Bi-Weekly
3552,21,Female,Pants,Clothing,62,Alabama,L,Red,Fall,3.17,No,Next Day Air,No,No,23,Cash,Quarterly
3553,36,Male,Coat,Clothing,50,Texas,S,Beige,Winter,4.14,No,Standard,No,No,30,Credit Card,Weekly
3554,19,Female,T-shirt,Clothing,47,Oregon,XL,Brown,Fall,4.88,No,Next Day Air,Yes,Yes,31,Debit Card,Every 3 Months
3555,56,Female,T-shirt,Clothing,27,Montana,L,Green,Spring,3.4,No,Next Day Air,No,No,31,Cash,Monthly
3556,26,Male,Coat,Clothing,48,Oregon,L,Gray,Fall,3.37,No,Free Shipping,No,No,16,PayPal,Fortnightly
3557,36,Female,Blouse,Clothing,40,Alabama,L,Blue,Fall,3.8,Yes,Store Pickup,Yes,Yes,42,PayPal,Weekly
3558,33,Male,Skirt,Clothing,100,Virginia,L,Green,Summer,4.63,Yes,Express,No,No,41,Venmo,Bi-Weekly
3559,42,Female,Sneakers,Footwear,77,California,L,Green,Fall,3.54,No,Store Pickup,Yes,Yes,7,Cash,Bi-Weekly
3560,65,Male,Jeans,Clothing,79,California,L,White,Spring,4.91,Yes,Free Shipping,No,No,17,Bank Transfer,Monthly
3561,35,Female,Blouse,Clothing,69,Georgia,M,Yellow,Fall,3.17,No,2-Day Shipping,No,No,24,PayPal,Annually
3562,40,Female,Sandals,Footwear,50,Colorado,M,Gray,Spring,3.91,Yes,Standard,Yes,Yes,20,Cash,Annually
3563,70,Male,Coat,Clothing,66,Georgia,L,Brown,Spring,2.78,Yes,Standard,Yes,Yes,39,Venmo,Every 3 Months
3564,38,Male,Jeans,Clothing,53,California,XL,Pink,Summer,3.24,No,Standard,Yes,Yes,27,Credit Card,Every 3 Months
3565,28,Male,T-shirt,Clothing,21,New York,M,Beige,Spring,3.67,Yes,Store Pickup,Yes,Yes,2,Debit Card,Monthly
3566,56,Male,Sweater,Clothing,86,Ohio,M,White,Spring,3.96,No,Express,No,No,1,Bank Transfer,Monthly
3567,58,Female,Dress,Clothing,91,Idaho,L,Brown,Summer,4.54,Yes,Express,No,No,34,Venmo,Bi-Weekly
3568,21,Female,Jacket,Clothing,71,Illinois,XL,Blue,Spring,3.38,No,Express,Yes,Yes,27,Venmo,Bi-Weekly
3569,42,Female,T-shirt,Clothing,26,Colorado,L,Yellow,Summer,4.05,No,Standard,Yes,Yes,37,Venmo,Fortnightly
3570,49,Female,Sneakers,Footwear,95,Alabama,XL,Green,Winter,3.0,No,Standard,No,No,50,Debit Card,Monthly
3571,47,Female,Boots,Footwear,38,Virginia,XL,Pink,Winter,4.41,No,Store Pickup,No,No,6,PayPal,Quarterly
3572,62,Female,Shorts,Clothing,34,Illinois,S,Red,Winter,4.59,Yes,Store Pickup,Yes,Yes,38,Cash,Annually
3573,43,Male,Dress,Clothing,97,Illinois,M,Pink,Spring,4.42,No,Standard,Yes,Yes,27,Credit Card,Fortnightly
3574,53,Female,Dress,Clothing,67,Alabama,L,Beige,Fall,4.42,No,2-Day Shipping,No,No,48,Credit Card,Quarterly
3575,68,Female,Sweater,Clothing,33,Ohio,M,Yellow,Summer,3.75,No,2-Day Shipping,Yes,Yes,16,Bank Transfer,Annually
3576,51,Male,Jacket,Clothing,22,Colorado,M,Yellow,Winter,3.97,Yes,Store Pickup,Yes,Yes,35,Debit Card,Weekly
3577,26,Female,Hoodie,Clothing,69,New York,XL,Red,Summer,3.74,Yes,Standard,No,No,27,Credit Card,Monthly
3578,29,Female,Jacket,Clothing,73,Michigan,M,Green,Winter,3.77,Yes,Express,No,No,35,Bank Transfer,Fortnightly
3579,19,Female,Sandals,Footwear,25,New York,S,Blue,Winter,3.35,Yes,Express,No,No,36,Bank Transfer,Every 3 Months
3580,55,Male,Sandals,Footwear,68,Virginia,L,Green,Spring,3.97,Yes,2-Day Shipping,No,No,38,Debit Card,Annually
3581,22,Male,Shirt,Clothing,42,Virginia,M,Beige,Summer,4.05,No,2-Day Shipping,No,No,28,Debit Card,Fortnightly
3582,22,Female,T-shirt,Clothing,97,Arizona,L,Blue,Spring,4.39,No,Standard,Yes,Yes,3,Cash,Weekly
3583,69,Male,T-shirt,Clothing,97,Georgia,M,Green,Summer,4.04,No,Standard,Yes,Yes,41,Cash,Weekly
3584,39,Female,T-shirt,Clothing,39,Michigan,L,Yellow,Summer,4.33,Yes,Express,Yes,Yes,31,Debit Card,Weekly
3585,22,Female,Shirt,Clothing,96,Virginia,L,Black,Fall,3.35,No,Store Pickup,Yes,Yes,3,Cash,Annually
3586,21,Female,Skirt,Clothing,79,Idaho,L,White,Winter,4.65,No,Next Day Air,No,No,38,PayPal,Fortnightly
3587,26,Male,Blouse,Clothing,64,Arizona,M,Blue,Spring,3.66,No,Store Pickup,No,No,24,Venmo,Bi-Weekly
3588,46,Female,Boots,Footwear,80,Ohio,S,Black,Fall,2.57,No,Express,No,No,26,Credit Card,Quarterly
3589,39,Female,Boots,Footwear,75,Illinois,L,Brown,Summer,3.57,No,Store Pickup,No,No,41,Credit Card,Every 3 Months
3590,44,Female,Jacket,Clothing,21,Idaho,XL,Brown,Winter,4.15,No,Express,Yes,Yes,47,Credit Card,Every 3 Months
3591,27,Female,Sweater,Clothing,64,Arizona,XL,Green,Spring,3.85,No,Standard,Yes,Yes,28,Credit Card,Quarterly
3592,33,Female,Sneakers,Footwear,59,Colorado,XL,Red,Fall,2.63,No,Next Day Air,No,No,9,PayPal,Every 3 Months
3593,59,Male,Jacket,Clothing,43,Georgia,S,Green,Summer,3.93,No,Next Day Air,No,No,37,PayPal,Weekly
3594,59,Female,Sandals,Footwear,48,Arizona,L,Red,Fall,3.88,No,Standard,No,No,27,Venmo,Every 3 Months
3595,68,Male,Dress,Clothing,86,California,S,Green,Summer,3.22,Yes,Free Shipping,No,No,48,Debit Card,Bi-Weekly
3596,27,Female,Jeans,Clothing,87,New York,L,Pink,Summer,4.14,No,Standard,No,No,3,Cash,Bi-Weekly
3597,23,Male,Pants,Clothing,85,Florida,S,Beige,Winter,3.72,No,2-Day Shipping,No,No,41,Venmo,Weekly
3598,66,Female,Shorts,Clothing,73,Arizona,L,White,Spring,2.63,No,Store Pickup,Yes,Yes,49,Credit Card,Monthly
3599,22,Female,Shirt,Clothing,72,Montana,XL,Red,Winter,4.22,Yes,Next Day Air,No,No,28,Cash,Fortnightly
3600,23,Male,Coat,Clothing,98,Michigan,L,Beige,Spring,3.9,No,Standard,No,No,32,Venmo,Annually
3601,64,Male,Jeans,Clothing,68,California,S,Pink,Spring,4.71,Yes,Express,Yes,Yes,35,Credit Card,Monthly
3602,42,Female,Sneakers,Footwear,51,Colorado,L,Brown,Summer,3.28,No,Express,No,No,7,Venmo,Annually
3603,68,Male,T-shirt,Clothing,80,Illinois,M,Green,Fall,3.66,Yes,Store Pickup,Yes,Yes,7,Credit Card,Annually
3604,67,Male,Sandals,Footwear,61,Texas,L,Gray,Spring,4.44,No,Express,No,No,21,Bank Transfer,Bi-Weekly
3605,21,Female,Pants,Clothing,20,New York,XL,Beige,Spring,3.25,Yes,Standard,Yes,Yes,32,Credit Card,Weekly
3606,57,Female,Hoodie,Clothing,82,Ohio,L,Green,Spring,4.42,Yes,Free Shipping,No,No,38,Bank Transfer,Fortnightly
3607,65,Female,Sandals,Footwear,54,Alabama,M,Brown,Spring,4.43,Yes,2-Day Shipping,Yes,Yes,20,PayPal,Quarterly
3608,49,Female,Sandals,Footwear,70,Ohio,M,Red,Summer,3.99,No,Express,No,No,8,Credit Card,Every 3 Months
3609,68,Female,T-shirt,Clothing,90,California,M,Beige,Winter,3.7,No,Standard,Yes,Yes,4,Venmo,Bi-Weekly
3610,69,Male,Coat,Clothing,64,Colorado,S,Blue,Fall,3.41,Yes,Free Shipping,Yes,Yes,26,Cash,Fortnightly
3611,52,Female,Shirt,Clothing,96,Oregon,M,Green,Summer,3.37,No,Next Day Air,No,No,15,PayPal,Fortnightly
3612,27,Male,Jeans,Clothing,84,Georgia,S,Beige,Summer,3.99,Yes,Next Day Air,No,No,6,Bank Transfer,Monthly
3613,51,Female,T-shirt,Clothing,33,Georgia,M,Yellow,Summer,2.07,No,Store Pickup,Yes,Yes,48,Cash,Quarterly
3614,53,Female,Sneakers,Footwear,22,Georgia,S,Pink,Spring,3.47,Yes,2-Day Shipping,Yes,Yes,32,Bank Transfer,Monthly
3615,23,Male,Shirt,Clothing,43,Montana,M,Black,Fall,3.38,No,Standard,No,No,5,Debit Card,Monthly
3616,60,Female,Sneakers,Footwear,84,Ohio,M,Red,Summer,3.21,No,Standard,No,No,44,Cash,Monthly
3617,63,Male,Shirt,Clothing,67,Virginia,L,White,Summer,3.91,No,Express,No,No,46,Debit Card,Monthly
3618,33,Male,Coat,Clothing,29,Oregon,M,White,Summer,2.92,No,Free Shipping,Yes,Yes,6,Debit Card,Bi-Weekly
3619,70,Male,Shorts,Clothing,32,Virginia,L,Pink,Spring,4.52,No,2-Day Shipping,No,No,3,PayPal,Quarterly
3620,36,Female,Sneakers,Footwear,92,Montana,M,Blue,Spring,,Yes,Free Shipping,Yes,Yes,29,Cash,Monthly
3621,51,Female,T-shirt,Clothing,33,Alabama,M,Blue,Summer,4.62,No,2-Day Shipping,Yes,Yes,19,Bank Transfer,Annually
3622,42,Female,Shirt,Clothing,29,Virginia,L,Gray,Spring,3.48,No,Standard,No,No,10,Credit Card,Bi-Weekly
3623,48,Female,Boots,Footwear,59,Texas,L,Gray,Fall,3.92,No,Standard,No,No,7,PayPal,Annually
3624,66,Female,Sandals,Footwear,42,New York,S,Black,Spring,4.29,No,2-Day Shipping,No,No,45,PayPal,Every 3 Months
3625,58,Female,Skirt,Clothing,74,New York,XL,Black,Summer,3.72,No,Free Shipping,Yes,Yes,1,Credit Card,Bi-Weekly
3626,34,Male,Jacket,Clothing,82,Florida,L,Gray,Fall,3.46,No,Store Pickup,No,No,1,Cash,Fortnightly
3627,64,Female,Hoodie,Clothing,90,Montana,S,Pink,Spring,3.87,No,Next Day Air,Yes,Yes,17,Bank Transfer,Fortnightly
3628,47,Female,Sandals,Footwear,61,Alabama,M,Brown,Summer,3.68,No,Next Day Air,No,No,22,PayPal,Weekly
3629,56,Female,Blouse,Clothing,85,Arizona,L,Red,Winter,3.16,No,Express,Yes,Yes,36,Debit Card,Bi-Weekly
3630,48,Female,Shorts,Clothing,98,Arizona,L,Yellow,Winter,2.37,No,Express,Yes,Yes,14,Credit Card,Annually
3631,36,Male,Shorts,Clothing,92,Illinois,M,Gray,Fall,3.25,No,Store Pickup,Yes,Yes,6,Bank Transfer,Weekly
3632,52,Male,Sandals,Footwear,66,Montana,M,Blue,Fall,2.38,No,Free Shipping,No,No,30,Venmo,Bi-Weekly
3633,46,Male,Hoodie,Clothing,100,Idaho,M,Red,Fall,3.28,No,Store Pickup,Yes,Yes,46,PayPal,Monthly
3634,18,Male,Boots,Footwear,71,Ohio,M,Brown,Spring,4.65,No,Standard,No,No,47,Bank Transfer,Monthly
3635,21,Male,Jeans,Clothing,37,Colorado,XL,Black,Fall,2.69,Yes,Free Shipping,Yes,Yes,33,Debit Card,Weekly
3636,45,Female,Coat,Clothing,98,Colorado,L,Green,Spring,4.07,No,2-Day Shipping,No,No,20,Cash,Monthly
3637,35,Male,Sneakers,Footwear,37,Illinois,M,Pink,Summer,4.53,No,Next Day Air,Yes,Yes,16,Cash,Monthly
3638,43,Male,T-shirt,Clothing,43,Illinois,M,Blue,Spring,2.86,Yes,Express,No,No,4,Credit Card,Annually
3639,57,Female,Shorts,Clothing,42,Oregon,XL,White,Spring,4.88,No,Free Shipping,No,No,34,Debit Card,Fortnightly
3640,36,Female,Sandals,Footwear,31,Illinois,L,White,Summer,3.75,Yes,Free Shipping,Yes,Yes,1,Credit Card,Monthly
3641,23,Male,Sandals,Footwear,42,Virginia,S,Black,Winter,4.61,Yes,2-Day Shipping,No,No,13,PayPal,Fortnightly
3642,18,Female,Coat,Clothing,40,Alabama,L,Green,Spring,3.96,No,Standard,No,No,48,Credit Card,Quarterly
3643,25,Female,Boots,Footwear,83,Oregon,S,Blue,Spring,3.52,No,Standard,No,No,8,Venmo,Bi-Weekly
3644,50,Male,Coat,Clothing,91,Colorado,XL,Pink,Summer,2.06,Yes,Next Day Air,No,No,22,Credit Card,Fortnightly
3645,68,Female,Sweater,Clothing,53,Colorado,M,Black,Fall,3.13,No,Store Pickup,Yes,Yes,4,Credit Card,Every 3 Months
3646,60,Male,Boots,Footwear,21,Georgia,XL,Brown,Summer,4.21,No,Store Pickup,Yes,Yes,34,PayPal,Every 3 Months
3647,38,Male,Sweater,Clothing,88,New York,L,White,Winter,4.72,No,Express,Yes,Yes,45,Debit Card,Fortnightly
3648,41,Female,Jeans,Clothing,50,Illinois,M,Beige,Fall,2.96,Yes,Standard,Yes,Yes,37,Bank Transfer,Fortnightly
3649,42,Male,Pants,Clothing,87,New York,L,Yellow,Winter,3.76,No,Standard,Yes,Yes,23,Bank Transfer,Every 3 Months
3650,64,Male,Skirt,Clothing,89,New York,S,Red,Spring,3.53,No,Standard,Yes,Yes,20,Venmo,Bi-Weekly
3651,60,Female,Skirt,Clothing,38,Montana,L,Gray,Winter,4.05,No,Store Pickup,Yes,Yes,24,Credit Card,Bi-Weekly
3652,36,Female,Jeans,Clothing,91,Alabama,XL,Brown,Winter,3.85,Yes,Free Shipping,No,No,27,PayPal,Bi-Weekly
3653,46,Female,Blouse,Clothing,32,New York,XL,Pink,Summer,3.58,No,Standard,Yes,Yes,13,PayPal,Every 3 Months
3654,70,Female,Pants,Clothing,84,Illinois,XL,Beige,Fall,4.18,No,Store Pickup,Yes,Yes,5,Bank Transfer,Monthly
3655,27,Male,Boots,Footwear,25,Alabama,M,Pink,Spring,3.39,No,2-Day Shipping,No,No,16,PayPal,Fortnightly
3656,29,Female,Jeans,Clothing,90,Illinois,L,White,Spring,3.81,No,Store Pickup,Yes,Yes,38,Debit Card,Bi-Weekly
3657,50,Female,Shirt,Clothing,46,Oregon,M,Brown,Spring,4.26,No,Next Day Air,Yes,Yes,48,Credit Card,Quarterly
3658,24,Male,Coat,Clothing,98,California,L,Black,Fall,3.36,No,Standard,Yes,Yes,29,Cash,Every 3 Months
3659,34,Male,Hoodie,Clothing,71,Ohio,S,White,Fall,3.58,No,Express,No,No,26,Bank Transfer,Bi-Weekly
3660,27,Male,Skirt,Clothing,67,California,L,Blue,Winter,3.47,Yes,Free Shipping,No,No,22,Bank Transfer,Annually
3661,48,Male,Boots,Footwear,98,California,L,Blue,Winter,4.07,No,2-Day Shipping,Yes,Yes,24,Venmo,Annually
3662,23,Female,T-shirt,Clothing,87,Oregon,L,Yellow,Fall,4.01,No,Store Pickup,No,No,13,Cash,Weekly
3663,34,Female,Shirt,Clothing,63,Montana,L,Red,Spring,3.49,No,Next Day Air,No,No,43,Debit Card,Weekly
3664,67,Male,Sneakers,Footwear,36,Idaho,S,Green,Fall,4.0,No,Free Shipping,No,No,21,Bank Transfer,Fortnightly
3665,54,Male,Pants,Clothing,57,Colorado,M,Gray,Summer,2.11,No,2-Day Shipping,No,No,1,Credit Card,Fortnightly
3666,35,Male,Sandals,Footwear,29,Virginia,XL,Black,Fall,4.3,Yes,Free Shipping,No,No,4,Cash,Fortnightly
3667,43,Male,Jeans,Clothing,73,Georgia,L,Beige,Fall,4.34,No,Next Day Air,Yes,Yes,3,Cash,Annually
3668,66,Female,Hoodie,Clothing,25,Ohio,XL,Gray,Spring,3.5,No,Next Day Air,Yes,Yes,50,Bank Transfer,Annually
3669,33,Male,Sandals,Footwear,25,Montana,XL,Yellow,Winter,3.38,Yes,Standard,No,No,23,Cash,Monthly
3670,25,Female,Boots,Footwear,71,Illinois,XL,Brown,Summer,3.77,No,Express,No,No,16,Venmo,Every 3 Months
3671,41,Male,Shorts,Clothing,34,Montana,XL,Green,Summer,3.25,No,Standard,No,No,45,Credit Card,Weekly
3672,30,Female,Blouse,Clothing,87,Illinois,L,Pink,Summer,3.35,No,Store Pickup,No,No,13,PayPal,Weekly
3673,46,Female,Shorts,Clothing,76,Idaho,XL,Red,Fall,3.98,No,Free Shipping,No,No,39,Credit Card,Fortnightly
3674,49,Female,Blouse,Clothing,75,New York,L,Gray,Spring,4.29,No,Standard,Yes,Yes,31,Bank Transfer,Every 3 Months
3675,41,Female,Sweater,Clothing,26,Montana,S,Gray,Fall,3.99,No,Next Day Air,No,No,24,Cash,Weekly
3676,33,Male,Pants,Clothing,70,Virginia,M,Red,Winter,5.0,Yes,Next Day Air,No,No,47,Credit Card,Weekly
3677,28,Female,Sandals,Footwear,77,Florida,M,Gray,Spring,4.55,No,Next Day Air,No,No,15,PayPal,Monthly
3678,49,Male,Blouse,Clothing,83,Georgia,L,Beige,Summer,4.24,Yes,Standard,No,No,5,Venmo,Quarterly
3679,23,Female,Dress,Clothing,45,New York,L,Green,Fall,4.22,No,Store Pickup,No,No,49,Credit Card,Fortnightly
3680,52,Female,Skirt,Clothing,77,Michigan,M,White,Spring,3.85,No,Store Pickup,Yes,Yes,22,Credit Card,Quarterly
3681,50,Male,Dress,Clothing,50,Texas,XL,Brown,Fall,4.1,No,2-Day Shipping,No,No,22,Venmo,Quarterly
3682,35,Male,Pants,Clothing,85,Montana,L,Red,Spring,3.92,No,Standard,Yes,Yes,11,Venmo,Monthly
3683,54,Female,Dress,Clothing,32,Illinois,XL,Red,Summer,4.43,No,Standard,No,No,24,Bank Transfer,Annually
3684,30,Female,Jacket,Clothing,37,Ohio,L,Pink,Winter,3.63,No,Standard,No,No,45,Cash,Weekly
3685,27,Male,Skirt,Clothing,94,Montana,L,Yellow,Winter,3.6,No,Standard,Yes,Yes,10,Cash,Fortnightly
3686,54,Female,Shirt,Clothing,32,Illinois,S,Yellow,Fall,4.51,No,Next Day Air,No,No,47,Bank Transfer,Bi-Weekly
3687,43,Male,Hoodie,Clothing,43,Colorado,S,Gray,Summer,3.52,Yes,Express,No,No,34,Venmo,Annually
3688,63,Male,Blouse,Clothing,76,Idaho,M,Red,Fall,3.23,No,Standard,No,No,11,PayPal,Quarterly
3689,34,Male,Blouse,Clothing,48,California,S,Gray,Fall,3.35,Yes,Standard,Yes,Yes,43,Cash,Every 3 Months
3690,18,Female,Shirt,Clothing,75,Montana,S,Blue,Spring,4.25,No,Express,No,No,29,PayPal,Quarterly
3691,42,Female,Sandals,Footwear,73,Arizona,M,Pink,Spring,5.0,No,Standard,No,No,22,Venmo,Monthly
3692,51,Male,Sandals,Footwear,24,Michigan,XL,Gray,Spring,3.27,No,Express,No,No,33,Credit Card,Quarterly
3693,56,Male,Pants,Clothing,54,Texas,S,Blue,Summer,4.19,Yes,Next Day Air,Yes,Yes,8,Bank Transfer,Quarterly
3694,27,Male,Dress,Clothing,38,Arizona,XL,Black,Summer,3.89,No,2-Day Shipping,No,No,49,Venmo,Quarterly
3695,37,Male,Pants,Clothing,74,New York,M,Yellow,Fall,4.48,No,Standard,No,No,32,Venmo,Monthly
3696,24,Female,Shirt,Clothing,96,Michigan,L,Green,Spring,4.18,No,2-Day Shipping,Yes,Yes,40,Debit Card,Weekly
3697,33,Male,Pants,Clothing,88,New York,XL,Yellow,Summer,4.51,No,Standard,Yes,Yes,45,Venmo,Every 3 Months
3698,54,Female,Boots,Footwear,63,California,M,White,Fall,3.98,No,Free Shipping,Yes,Yes,23,Cash,Quarterly
3699,46,Male,Skirt,Clothing,97,Colorado,XL,Pink,Summer,3.3,No,Store Pickup,No,No,5,Credit Card,Fortnightly
3700,29,Female,Dress,Clothing,57,Colorado,M,Pink,Fall,3.39,No,Free Shipping,No,No,31,PayPal,Every 3 Months
3701,34,Female,Shorts,Clothing,81,California,M,Red,Winter,3.93,No,Next Day Air,No,No,29,Debit Card,Quarterly
3702,65,Female,Jacket,Clothing,41,New York,L,Gray,Spring,4.08,No,2-Day Shipping,Yes,Yes,6,Bank Transfer,Quarterly
3703,37,Female,T-shirt,Clothing,92,Montana,XL,Black,Winter,3.57,No,2-Day Shipping,No,No,25,Cash,Fortnightly
3704,43,Female,Sneakers,Footwear,59,Alabama,L,White,Fall,5.0,Yes,Express,Yes,Yes,25,Credit Card,Monthly
3705,65,Male,Jacket,Clothing,45,Montana,L,Gray,Fall,4.36,No,Express,Yes,Yes,31,PayPal,Bi-Weekly
3706,36,Male,Sandals,Footwear,24,Texas,XL,White,Spring,2.55,No,Standard,No,No,14,Credit Card,Fortnightly
3707,64,Female,Hoodie,Clothing,73,New York,XL,Red,Spring,,No,Express,Yes,Yes,17,Cash,Annually
3708,29,Male,T-shirt,Clothing,68,Arizona,M,Red,Fall,3.18,Yes,Express,No,No,16,Bank Transfer,Bi-Weekly
3709,38,Male,Sweater,Clothing,22,Virginia,XL,Yellow,Summer,4.94,No,2-Day Shipping,Yes,Yes,28,Bank Transfer,Weekly
3710,59,Male,Jeans,Clothing,57,California,M,Brown,Spring,2.47,No,Free Shipping,No,No,9,Credit Card,Weekly
3711,51,Male,Hoodie,Clothing,33,Arizona,M,Yellow,Fall,4.05,No,2-Day Shipping,Yes,Yes,2,Venmo,Quarterly
3712,24,Male,Dress,Clothing,66,New York,M,Pink,Spring,3.87,No,Express,No,No,4,Credit Card,Every 3 Months
3713,62,Male,Blouse,Clothing,33,Idaho,M,Pink,Spring,4.29,No,Standard,Yes,Yes,20,Venmo,Quarterly
3714,52,Male,Boots,Footwear,94,New York,M,Black,Winter,,No,Free Shipping,Yes,Yes,41,Bank Transfer,Monthly
3715,32,Female,Boots,Footwear,92,Florida,M,Green,Winter,5.0,No,Express,No,No,36,Cash,Bi-Weekly
3716,18,Male,Shirt,Clothing,57,Colorado,XL,Blue,Summer,4.35,No,Express,Yes,Yes,37,Debit Card,Weekly
3717,43,Male,Hoodie,Clothing,83,Oregon,XL,Blue,Spring,2.7,No,Store Pickup,No,No,6,Venmo,Weekly
3718,52,Male,Shirt,Clothing,63,Michigan,S,Gray,Fall,4.64,No,Standard,No,No,1,Bank Transfer,Quarterly
3719,42,Female,Blouse,Clothing,89,Texas,XL,Red,Fall,3.92,No,Standard,Yes,Yes,45,Credit Card,Quarterly
3720,59,Female,Dress,Clothing,84,Florida,L,Beige,Spring,4.64,No,Express,Yes,Yes,50,Bank Transfer,Monthly
3721,32,Male,Hoodie,Clothing,44,Ohio,S,Red,Spring,3.61,Yes,Express,No,No,3,Credit Card,Quarterly
3722,39,Female,Jeans,Clothing,35,Arizona,XL,Beige,Summer,3.16,No,2-Day Shipping,No,No,37,Credit Card,Annually
3723,23,Female,Sneakers,Footwear,34,Idaho,L,Red,Summer,3.05,No,Next Day Air,No,No,45,Bank Transfer,Every 3 Months
3724,69,Male,Jeans,Clothing,100,Texas,XL,Blue,Summer,4.44,No,Standard,No,No,42,Cash,Quarterly
3725,32,Female,T-shirt,Clothing,22,Illinois,M,Green,Fall,4.28,No,Standard,No,No,3,PayPal,Every 3 Months
3726,41,Male,Jeans,Clothing,86,Georgia,S,Green,Winter,3.44,Yes,Store Pickup,Yes,Yes,43,Credit Card,Annually
3727,38,Female,Boots,Footwear,56,Ohio,M,Yellow,Summer,2.2,No,2-Day Shipping,No,No,33,Credit Card,Every 3 Months
3728,24,Male,T-shirt,Clothing,100,Virginia,S,Yellow,Fall,4.46,No,Free Shipping,No,No,15,Venmo,Monthly
3729,46,Female,Jeans,Clothing,74,Alabama,S,Black,Summer,2.58,No,Store Pickup,Yes,Yes,4,Debit Card,Quarterly
3730,49,Male,Sneakers,Footwear,57,Florida,M,Beige,Fall,5.0,No,Store Pickup,Yes,Yes,15,Bank Transfer,Every 3 Months
3731,49,Male,Hoodie,Clothing,82,Colorado,S,Beige,Spring,2.93,No,Free Shipping,Yes,Yes,7,Credit Card,Every 3 Months
3732,70,Female,Sneakers,Footwear,20,Texas,S,Beige,Fall,3.81,No,Free Shipping,Yes,Yes,47,Cash,Annually
3733,22,Male,Sandals,Footwear,90,Texas,XL,Yellow,Spring,3.94,No,Standard,No,No,4,PayPal,Quarterly
3734,21,Male,Blouse,Clothing,38,Florida,L,Red,Fall,4.02,Yes,Next Day Air,Yes,Yes,3,PayPal,Quarterly
3735,39,Female,Sneakers,Footwear,71,Ohio,M,Brown,Winter,3.99,No,Next Day Air,Yes,Yes,23,PayPal,Bi-Weekly
3736,35,Male,T-shirt,Clothing,49,Idaho,XL,Yellow,Fall,3.88,No,2-Day Shipping,Yes,Yes,14,Cash,Weekly
3737,52,Male,Sneakers,Footwear,74,Idaho,XL,Blue,Spring,3.54,Yes,Free Shipping,No,No,6,PayPal,Fortnightly
3738,34,Female,Sandals,Footwear,33,California,M,Pink,Winter,3.67,No,Free Shipping,No,No,33,Bank Transfer,Weekly
3739,67,Male,Shirt,Clothing,32,Colorado,S,Gray,Fall,3.41,Yes,Express,Yes,Yes,9,PayPal,Bi-Weekly
3740,67,Female,T-shirt,Clothing,46,Montana,M,Brown,Fall,3.87,No,2-Day Shipping,Yes,Yes,12,Venmo,Fortnightly
3741,41,Male,Sandals,Footwear,28,Ohio,L,Red,Summer,2.75,No,Store Pickup,No,No,50,PayPal,Weekly
3742,19,Female,Boots,Footwear,60,Arizona,L,Red,Winter,3.99,No,Store Pickup,No,No,35,Venmo,Monthly
3743,30,Female,Shorts,Clothing,67,Arizona,M,Gray,Spring,3.74,Yes,2-Day Shipping,Yes,Yes,31,Venmo,Annually
3744,32,Male,Shorts,Clothing,31,Oregon,XL,Beige,Winter,4.3,No,Standard,Yes,Yes,3,Venmo,Bi-Weekly
3745,22,Female,Sweater,Clothing,29,Ohio,M,Blue,Spring,3.62,Yes,Standard,Yes,Yes,46,Cash,Monthly
3746,20,Male,Jeans,Clothing,25,Michigan,L,Beige,Summer,4.16,No,2-Day Shipping,Yes,Yes,36,Credit Card,Monthly
3747,54,Male,Blouse,Clothing,53,Florida,M,Beige,Summer,4.13,No,Next Day Air,No,No,13,Debit Card,Weekly
3748,54,Female,Coat,Clothing,71,Virginia,S,Pink,Spring,3.72,No,2-Day Shipping,No,No,13,Bank Transfer,Annually
3749,54,Male,Jacket,Clothing,60,Arizona,M,Pink,Spring,4.01,Yes,Next Day Air,No,No,34,Bank Transfer,Every 3 Months
3750,20,Male,Sandals,Footwear,25,Arizona,XL,Green,Spring,2.99,Yes,Standard,No,No,21,PayPal,Fortnightly
3751,52,Female,Shirt,Clothing,21,Montana,S,White,Summer,4.6,Yes,2-Day Shipping,No,No,34,Debit Card,Every 3 Months
3752,69,Male,Jacket,Clothing,34,Michigan,L,White,Winter,3.47,No,Next Day Air,No,No,42,Credit Card,Quarterly
3753,40,Male,Shirt,Clothing,36,Texas,M,Yellow,Summer,3.69,No,Express,No,No,43,Venmo,Quarterly
3754,45,Female,Boots,Footwear,35,Texas,XL,Beige,Fall,3.17,Yes,Express,Yes,Yes,28,Venmo,Bi-Weekly
3755,47,Male,Skirt,Clothing,47,Ohio,XL,Gray,Summer,3.34,No,2-Day Shipping,Yes,Yes,47,Venmo,Monthly
3756,35,Male,Skirt,Clothing,91,New York,L,Beige,Fall,4.79,No,Free Shipping,No,No,35,Venmo,Bi-Weekly
3757,69,Female,Skirt,Clothing,29,Virginia,M,Blue,Fall,3.88,No,2-Day Shipping,Yes,Yes,14,PayPal,Weekly
3758,53,Male,Jacket,Clothing,29,Colorado,XL,Black,Summer,3.62,No,Standard,Yes,Yes,18,Credit Card,Annually
3759,50,Male,Pants,Clothing,29,Michigan,S,Gray,Summer,3.62,No,Standard,No,No,19,Credit Card,Annually
3760,43,Female,Sandals,Footwear,92,Texas,M,White,Summer,3.8,Yes,Express,No,No,19,Credit Card,Monthly
3761,65,Male,Coat,Clothing,47,Florida,L,Brown,Winter,4.23,No,Next Day Air,No,No,33,Debit Card,Quarterly
3762,57,Male,Jacket,Clothing,43,Illinois,S,Green,Summer,3.92,No,Express,No,No,35,Bank Transfer,Weekly
3763,34,Female,Sandals,Footwear,38,New York,M,Green,Spring,3.93,No,Next Day Air,No,No,20,Venmo,Weekly
3764,57,Female,Sneakers,Footwear,87,Colorado,XL,Yellow,Summer,3.25,No,2-Day Shipping,No,No,29,Cash,Every 3 Months
3765,24,Male,Boots,Footwear,75,Virginia,L,Beige,Fall,3.62,No,Free Shipping,No,No,8,Bank Transfer,Bi-Weekly
3766,25,Male,Coat,Clothing,86,Montana,L,Gray,Winter,3.89,No,Standard,No,No,25,Credit Card,Annually
3767,70,Female,Skirt,Clothing,61,Florida,M,Blue,Winter,3.78,No,2-Day Shipping,Yes,Yes,17,Debit Card,Bi-Weekly
3768,48,Male,T-shirt,Clothing,31,Idaho,L,Brown,Fall,3.55,Yes,Express,No,No,1,PayPal,Every 3 Months
3769,29,Male,Boots,Footwear,37,Virginia,S,Yellow,Winter,3.5,Yes,Store Pickup,No,No,38,Venmo,Annually
3770,65,Male,Shirt,Clothing,42,Montana,M,Red,Winter,4.06,No,Store Pickup,Yes,Yes,49,Debit Card,Fortnightly
3771,48,Female,Skirt,Clothing,25,California,S,Yellow,Spring,4.08,No,2-Day Shipping,Yes,Yes,30,Bank Transfer,Quarterly
3772,61,Male,Shorts,Clothing,72,Colorado,L,Red,Spring,4.39,No,Free Shipping,Yes,Yes,28,Cash,Quarterly
3773,36,Male,Jeans,Clothing,61,Arizona,L,White,Winter,3.92,No,Next Day Air,Yes,Yes,33,Cash,Bi-Weekly
3774,27,Female,Shorts,Clothing,85,Alabama,L,Blue,Summer,2.55,Yes,Free Shipping,No,No,13,PayPal,Quarterly
3775,56,Female,Skirt,Clothing,49,Virginia,S,Red,Winter,5.0,No,Express,Yes,Yes,24,Credit Card,Quarterly
3776,29,Female,Boots,Footwear,28,Idaho,L,Pink,Spring,3.79,Yes,Free Shipping,Yes,Yes,44,Credit Card,Weekly
3777,37,Male,Coat,Clothing,61,New York,M,Blue,Winter,3.55,No,Standard,No,No,37,Debit Card,Every 3 Months
3778,54,Male,T-shirt,Clothing,53,Florida,XL,Beige,Summer,3.77,No,Store Pickup,Yes,Yes,22,Bank Transfer,Every 3 Months
3779,65,Female,Shirt,Clothing,59,Oregon,M,Beige,Summer,3.56,No,Free Shipping,No,No,13,Debit Card,Monthly
3780,58,Male,Pants,Clothing,36,Idaho,XL,Yellow,Spring,3.31,No,2-Day Shipping,Yes,Yes,40,Bank Transfer,Monthly
3781,24,Male,T-shirt,Clothing,48,California,L,White,Winter,4.17,No,Next Day Air,No,No,12,Credit Card,Fortnightly
3782,69,Male,Jacket,Clothing,69,Florida,M,Red,Spring,3.71,No,Standard,No,No,41,Credit Card,Monthly
3783,31,Male,Hoodie,Clothing,95,Virginia,S,Beige,Fall,3.75,Yes,Standard,No,No,49,Debit Card,Every 3 Months
3784,28,Female,Shirt,Clothing,68,Colorado,XL,Black,Spring,2.3,No,Standard,Yes,Yes,46,Venmo,Quarterly
3785,24,Female,Skirt,Clothing,92,Alabama,S,Black,Spring,3.66,Yes,Express,No,No,7,Bank Transfer,Every 3 Months
3786,46,Male,Jacket,Clothing,80,Colorado,XL,Red,Spring,3.15,No,Express,Yes,Yes,36,Bank Transfer,Weekly
3787,27,Female,Hoodie,Clothing,65,New York,L,White,Winter,3.49,No,2-Day Shipping,Yes,Yes,29,Cash,Every 3 Months
3788,46,Male,Sandals,Footwear,65,Montana,M,Black,Fall,3.94,No,Next Day Air,Yes,Yes,29,Cash,Monthly
3789,26,Male,Coat,Clothing,36,Ohio,XL,Beige,Winter,3.43,No,Free Shipping,No,No,26,PayPal,Quarterly
3790,53,Female,Dress,Clothing,85,Idaho,M,White,Summer,3.51,No,2-Day Shipping,No,No,27,Cash,Every 3 Months
3791,65,Female,Sandals,Footwear,24,Alabama,XL,Red,Fall,3.86,No,Express,No,No,24,Bank Transfer,Quarterly
3792,27,Male,Sweater,Clothing,73,California,XL,Blue,Spring,3.5,Yes,2-Day Shipping,Yes,Yes,31,Debit Card,Bi-Weekly
3793,36,Male,T-shirt,Clothing,35,Idaho,L,White,Spring,3.17,No,Next Day Air,Yes,Yes,7,Venmo,Annually
3794,48,Male,Dress,Clothing,100,Illinois,XL,Beige,Spring,2.77,No,2-Day Shipping,No,No,17,Debit Card,Every 3 Months
3795,34,Male,Jacket,Clothing,26,Illinois,S,Blue,Winter,4.0,No,Store Pickup,No,No,49,Credit Card,Bi-Weekly
3796,26,Female,Sneakers,Footwear,27,Georgia,XL,Brown,Summer,,No,Store Pickup,No,No,33,Bank Transfer,Monthly
3797,62,Female,Sandals,Footwear,91,New York,XL,Yellow,Fall,2.8,No,Standard,Yes,Yes,34,Credit Card,Bi-Weekly
3798,50,Male,Sweater,Clothing,57,Montana,XL,Green,Fall,4.55,No,Free Shipping,No,No,18,Bank Transfer,Quarterly
3799,51,Male,Blouse,Clothing,73,Michigan,L,Brown,Winter,4.0,No,Express,No,No,41,Cash,Quarterly
3800,62,Female,Dress,Clothing,95,New York,M,Blue,Summer,3.09,Yes,Express,Yes,Yes,5,Venmo,Bi-Weekly
3801,41,Male,Shorts,Clothing,34,Colorado,M,Green,Fall,3.38,No,Store Pickup,Yes,Yes,1,Bank Transfer,Annually
3802,26,Female,Shirt,Clothing,69,New York,L,Yellow,Winter,4.43,Yes,Next Day Air,No,No,7,PayPal,Weekly
3803,24,Male,Pants,Clothing,75,Georgia,S,Gray,Summer,3.69,No,Next Day Air,No,No,34,Debit Card,Bi-Weekly
3804,33,Female,Pants,Clothing,28,Arizona,S,Brown,Summer,3.55,No,Next Day Air,Yes,Yes,3,PayPal,Weekly
3805,36,Male,Sweater,Clothing,27,Georgia,L,Beige,Fall,4.25,Yes,Express,Yes,Yes,36,PayPal,Annually
3806,56,Male,Coat,Clothing,38,Montana,M,White,Fall,3.7,No,Standard,No,No,35,PayPal,Bi-Weekly
3807,23,Male,Dress,Clothing,70,Georgia,S,White,Summer,4.54,Yes,Free Shipping,No,No,12,PayPal,Quarterly
3808,67,Female,Sandals,Footwear,91,Oregon,L,Green,Fall,3.55,Yes,Next Day Air,No,No,15,Debit Card,Every 3 Months
3809,68,Female,Coat,Clothing,76,Michigan,M,Green,Winter,3.46,No,Express,No,No,4,Credit Card,Quarterly
3810,28,Male,Pants,Clothing,87,Arizona,S,Green,Summer,3.81,No,Standard,Yes,Yes,33,Debit Card,Bi-Weekly
3811,29,Male,Shorts,Clothing,50,Florida,S,Red,Fall,4.38,No,Next Day Air,No,No,16,Credit Card,Fortnightly
3812,59,Male,Sneakers,Footwear,22,Alabama,L,Beige,Fall,3.95,Yes,Next Day Air,Yes,Yes,29,Credit Card,Weekly
3813,30,Male,T-shirt,Clothing,62,Alabama,M,Green,Winter,3.86,No,Free Shipping,No,No,6,Debit Card,Fortnightly
3814,29,Female,T-shirt,Clothing,48,Montana,S,Black,Fall,3.32,Yes,Store Pickup,No,No,49,Debit Card,Quarterly
3815,38,Female,Skirt,Clothing,29,Montana,L,Yellow,Fall,3.23,No,Free Shipping,No,No,37,Debit Card,Annually
3816,27,Female,Coat,Clothing,31,Florida,S,Green,Fall,4.38,No,2-Day Shipping,No,No,23,Bank Transfer,Weekly
3817,37,Male,Boots,Footwear,65,Oregon,M,Black,Spring,4.44,Yes,Store Pickup,No,No,13,Credit Card,Every 3 Months
3818,67,Male,Jacket,Clothing,49,Alabama,XL,Red,Winter,4.42,No,Store Pickup,No,No,44,Debit Card,Annually
3819,53,Female,Sneakers,Footwear,51,Florida,S,Black,Winter,4.27,Yes,Store Pickup,No,No,1,Venmo,Bi-Weekly
3820,45,Male,T-shirt,Clothing,92,Ohio,M,Gray,Spring,4.07,No,Next Day Air,No,No,12,Cash,Weekly
3821,41,Female,Sneakers,Footwear,66,California,S,Gray,Winter,4.06,No,2-Day Shipping,No,No,27,Cash,Weekly
3822,22,Female,Sweater,Clothing,82,Colorado,XL,Black,Fall,3.88,No,Express,No,No,25,Venmo,Annually
3823,54,Female,Sneakers,Footwear,45,Illinois,XL,Beige,Fall,4.14,No,Free Shipping,Yes,Yes,22,Cash,Monthly
3824,29,Female,Jeans,Clothing,22,Oregon,S,Red,Fall,3.77,No,Store Pickup,No,No,34,Credit Card,Every 3 Months
3825,52,Male,Shorts,Clothing,42,Georgia,L,White,Winter,4.14,No,Store Pickup,Yes,Yes,18,Debit Card,Weekly
3826,57,Female,T-shirt,Clothing,94,Virginia,S,Black,Winter,4.35,Yes,Standard,No,No,41,Debit Card,Every 3 Months
3827,19,Male,Sneakers,Footwear,93,Ohio,M,Blue,Summer,3.05,No,Next Day Air,Yes,Yes,16,Bank Transfer,Quarterly
3828,67,Female,Coat,Clothing,69,New York,L,Pink,Spring,4.46,No,Next Day Air,No,No,29,Debit Card,Every 3 Months
3829,58,Female,Blouse,Clothing,55,Oregon,M,Yellow,Winter,3.77,Yes,2-Day Shipping,No,No,30,Venmo,Fortnightly
3830,62,Female,Jeans,Clothing,32,Idaho,M,Yellow,Summer,4.67,No,Free Shipping,No,No,30,Venmo,Fortnightly
3831,56,Female,Jeans,Clothing,48,Arizona,L,Beige,Spring,4.56,No,Store Pickup,No,No,20,Credit Card,Every 3 Months
3832,59,Male,Jacket,Clothing,57,Georgia,XL,Green,Spring,3.18,Yes,Store Pickup,Yes,Yes,47,Venmo,Bi-Weekly
3833,26,Male,Sneakers,Footwear,96,Texas,M,Pink,Fall,3.8,No,2-Day Shipping,Yes,Yes,22,Bank Transfer,Monthly
3834,39,Male,Skirt,Clothing,24,Idaho,S,White,Fall,2.68,No,Next Day Air,Yes,Yes,42,Debit Card,Fortnightly
3835,64,Male,Jacket,Clothing,39,Montana,XL,Red,Summer,3.57,No,Free Shipping,No,No,34,Bank Transfer,Annually
3836,22,Female,Hoodie,Clothing,97,California,XL,Gray,Summer,4.01,Yes,Next Day Air,No,No,4,Credit Card,Fortnightly
3837,29,Male,Jacket,Clothing,33,Georgia,L,Green,Fall,4.31,No,Free Shipping,No,No,50,Credit Card,Weekly
3838,18,Male,Blouse,Clothing,27,Virginia,S,Gray,Fall,3.84,Yes,Next Day Air,Yes,Yes,31,Debit Card,Every 3 Months
3839,61,Female,Sweater,Clothing,67,Ohio,S,White,Spring,4.07,No,Standard,Yes,Yes,50,PayPal,Quarterly
3840,39,Male,Sneakers,Footwear,32,Texas,XL,Pink,Spring,3.38,No,Store Pickup,Yes,Yes,14,Debit Card,Every 3 Months
3841,55,Male,Sandals,Footwear,43,Texas,M,Beige,Winter,3.79,Yes,2-Day Shipping,No,No,8,Credit Card,Every 3 Months
3842,68,Male,Pants,Clothing,98,Michigan,M,Brown,Fall,3.45,Yes,Free Shipping,No,No,37,PayPal,Quarterly
3843,36,Male,T-shirt,Clothing,84,Montana,S,Gray,Spring,3.97,Yes,2-Day Shipping,Yes,Yes,5,Debit Card,Bi-Weekly
3844,33,Female,Jacket,Clothing,53,Ohio,XL,Pink,Summer,4.63,Yes,Free Shipping,No,No,8,Debit Card,Quarterly
3845,48,Female,Shorts,Clothing,70,Texas,XL,Black,Spring,3.77,Yes,Free Shipping,Yes,Yes,11,PayPal,Fortnightly
3846,68,Male,Shirt,Clothing,22,Colorado,XL,Brown,Fall,2.98,No,Store Pickup,No,No,29,PayPal,Weekly
3847,20,Female,Shorts,Clothing,97,Ohio,L,Gray,Spring,3.92,No,Free Shipping,No,No,21,Cash,Quarterly
3848,40,Male,Blouse,Clothing,77,Georgia,S,Red,Fall,4.22,No,Next Day Air,Yes,Yes,39,Bank Transfer,Monthly
3849,59,Male,Blouse,Clothing,91,Arizona,S,Yellow,Spring,3.25,Yes,Express,No,No,13,PayPal,Monthly
3850,35,Male,Coat,Clothing,74,Georgia,M,Brown,Winter,4.55,No,Next Day Air,Yes,Yes,49,Venmo,Monthly
3851,43,Female,Hoodie,Clothing,99,Arizona,M,Black,Winter,3.44,Yes,Express,No,No,19,PayPal,Quarterly
3852,30,Female,Hoodie,Clothing,61,Texas,S,White,Summer,3.34,No,Store Pickup,Yes,Yes,3,Credit Card,Weekly
3853,35,Female,Sweater,Clothing,40,Texas,S,Blue,Summer,2.73,Yes,Store Pickup,No,No,34,PayPal,Quarterly
3854,20,Female,Skirt,Clothing,29,Montana,M,Black,Fall,3.96,Yes,Next Day Air,Yes,Yes,38,Debit Card,Fortnightly
3855,40,Female,T-shirt,Clothing,76,Ohio,S,White,Fall,4.89,No,Express,No,No,19,Venmo,Quarterly
3856,20,Female,Dress,Clothing,44,Alabama,M,White,Fall,4.02,No,Store Pickup,No,No,32,PayPal,Annually
3857,42,Male,Jacket,Clothing,75,Colorado,S,Pink,Spring,3.36,No,Free Shipping,No,No,47,Venmo,Annually
3858,44,Female,Shorts,Clothing,57,Virginia,L,Yellow,Spring,4.11,No,Free Shipping,No,No,36,Bank Transfer,Every 3 Months
3859,61,Male,Shirt,Clothing,80,Virginia,L,Gray,Spring,4.28,No,Express,No,No,39,Cash,Monthly
3860,44,Male,Blouse,Clothing,66,Florida,XL,Brown,Summer,4.5,No,Express,Yes,Yes,14,Venmo,Monthly
3861,69,Female,Blouse,Clothing,73,Florida,S,Green,Fall,3.06,No,2-Day Shipping,Yes,Yes,7,Debit Card,Every 3 Months
3862,56,Male,Sweater,Clothing,65,Idaho,M,Brown,Spring,4.73,Yes,Free Shipping,Yes,Yes,20,Cash,Weekly
3863,42,Male,Shirt,Clothing,87,Idaho,S,Yellow,Summer,3.93,Yes,Next Day Air,No,No,32,PayPal,Bi-Weekly
3864,41,Male,Boots,Footwear,23,Texas,S,Brown,Winter,4.85,No,2-Day Shipping,Yes,Yes,46,Bank Transfer,Monthly
3865,25,Female,Shirt,Clothing,85,Colorado,XL,White,Fall,3.89,No,Express,No,No,31,Bank Transfer,Monthly
3866,26,Female,Sweater,Clothing,62,Illinois,M,Brown,Winter,4.15,No,Store Pickup,No,No,22,Bank Transfer,Bi-Weekly
3867,63,Male,Blouse,Clothing,81,Arizona,S,Blue,Summer,3.23,Yes,Next Day Air,Yes,Yes,5,Venmo,Quarterly
3868,54,Female,T-shirt,Clothing,23,New York,M,Blue,Fall,4.39,No,Standard,Yes,Yes,31,Cash,Monthly
3869,47,Male,Sneakers,Footwear,84,Ohio,S,Brown,Spring,3.15,No,Standard,Yes,Yes,15,PayPal,Weekly
3870,70,Female,Sneakers,Footwear,81,California,XL,Pink,Summer,3.96,No,Store Pickup,Yes,Yes,44,Bank Transfer,Annually
3871,36,Male,Sweater,Clothing,21,California,M,Beige,Winter,3.54,No,Standard,Yes,Yes,17,Bank Transfer,Quarterly
3872,70,Male,Shirt,Clothing,28,Arizona,S,Pink,Winter,3.75,No,Store Pickup,Yes,Yes,37,Bank Transfer,Quarterly
3873,33,Female,Jacket,Clothing,76,Idaho,L,Brown,Winter,4.45,No,Next Day Air,No,No,19,Bank Transfer,Monthly
3874,41,Female,Sweater,Clothing,64,Montana,M,Beige,Summer,3.59,No,Store Pickup,No,No,10,PayPal,Quarterly
3875,61,Female,T-shirt,Clothing,37,California,XL,Red,Summer,4.46,No,Express,Yes,Yes,44,Venmo,Quarterly
3876,38,Female,Sweater,Clothing,67,Virginia,L,White,Fall,3.56,Yes,Next Day Air,Yes,Yes,34,Bank Transfer,Weekly
3877,53,Female,Jeans,Clothing,61,Oregon,M,Green,Fall,3.88,No,2-Day Shipping,Yes,Yes,49,Bank Transfer,Quarterly
3878,57,Male,Hoodie,Clothing,60,Texas,M,White,Winter,5.0,No,2-Day Shipping,No,No,25,Venmo,Every 3 Months
3879,56,Male,Shorts,Clothing,94,Illinois,M,Red,Summer,3.87,No,Standard,No,No,37,Cash,Monthly
3880,64,Male,Shirt,Clothing,77,Michigan,M,White,Fall,3.75,Yes,Express,Yes,Yes,28,Venmo,Monthly
3881,23,Female,Skirt,Clothing,61,California,S,Green,Summer,3.88,No,2-Day Shipping,Yes,Yes,15,PayPal,Every 3 Months
3882,22,Female,Coat,Clothing,54,Georgia,S,Gray,Spring,3.6,No,Free Shipping,No,No,20,Debit Card,Annually
3883,31,Male,Pants,Clothing,57,Michigan,M,Black,Summer,3.2,Yes,Free Shipping,No,No,13,Cash,Every 3 Months
3884,70,Male,Coat,Clothing,86,Michigan,XL,Beige,Winter,5.0,No,Standard,Yes,Yes,20,Debit Card,Every 3 Months
3885,62,Male,Shirt,Clothing,60,Florida,S,White,Summer,3.56,No,Standard,No,No,43,Bank Transfer,Bi-Weekly
3886,59,Male,Skirt,Clothing,69,Illinois,M,Green,Winter,2.89,No,Standard,Yes,Yes,31,Debit Card,Fortnightly
3887,67,Female,Dress,Clothing,91,Illinois,M,Beige,Fall,3.71,No,2-Day Shipping,Yes,Yes,18,PayPal,Bi-Weekly
3888,21,Male,T-shirt,Clothing,98,California,XL,Green,Fall,4.01,Yes,Express,No,No,41,Debit Card,Weekly
3889,25,Female,Jeans,Clothing,64,Virginia,XL,Blue,Fall,3.68,Yes,Store Pickup,No,No,48,Credit Card,Weekly
3890,41,Male,Jeans,Clothing,90,Montana,XL,Gray,Spring,3.77,Yes,Store Pickup,Yes,Yes,28,Cash,Annually
3891,28,Female,Pants,Clothing,38,Montana,L,Black,Winter,3.7,Yes,Standard,No,No,47,PayPal,Monthly
3892,34,Female,Blouse,Clothing,36,Idaho,M,Black,Spring,4.06,No,Next Day Air,Yes,Yes,4,Venmo,Fortnightly
3893,67,Female,Shorts,Clothing,84,Arizona,XL,Beige,Spring,4.29,No,Standard,No,No,24,PayPal,Bi-Weekly
3894,38,Female,Sneakers,Footwear,96,Texas,M,Pink,Fall,3.68,Yes,Store Pickup,No,No,44,Venmo,Annually
3895,43,Male,Sandals,Footwear,75,Oregon,S,Yellow,Winter,5.0,No,Store Pickup,No,No,45,PayPal,Annually
3896,60,Male,T-shirt,Clothing,60,New York,M,Yellow,Summer,4.42,No,Store Pickup,No,No,9,Credit Card,Fortnightly
3897,65,Male,Pants,Clothing,61,Alabama,M,Blue,Summer,3.8,No,2-Day Shipping,Yes,Yes,47,Cash,Monthly
3898,61,Female,Sandals,Footwear,25,New York,L,Beige,Winter,3.01,No,Express,No,No,50,Bank Transfer,Annually
3899,62,Male,Boots,Footwear,88,Florida,S,Beige,Summer,3.87,No,Standard,No,No,32,Bank Transfer,Annually
3900,44,Male,Sandals,Footwear,94,Montana,S,Black,Fall,4.29,No,Free Shipping,No,No,32,Debit Card,Quarterly
